OPIS Truckstop ID,Truckstop Name,Address,City,State,Rack ID,Retail Price,Latitude,Longitude
7,WOODSHED OF BIG CABIN,"I-44, EXIT 283 & US-69",Big Cabin,OK,307,3.00733333,36.5378651,-95.2213580
9,KWIK TRIP #796,"I-94, EXIT 143 & US-12 & SR-21",Tomah,WI,420,3.28733333,44.0192074,-90.5019484
20,PILOT TRAVEL CENTER #1243,"I-8, EXIT 119 & SR-85",Gila Bend,AZ,930,3.899,32.9304463,-112.6730207
20,PILOT #1243,"I-8, EXIT 119 & SR-85",Gila Bend,AZ,930,3.899,32.9300064,-112.6728429
28,LITTLEFIELD EXPRESS #2,"I-540, EXIT 12 & US-71",Fort Smith,AR,645,3.399,35.3148086,-94.4016862
35,ACI TRUCK STOP,US-46,Columbia,NJ,90,3.079,40.9257935,-75.0941913
36,SHENANDOAH TRUCK CENTER,"I-81, EXIT 273 & SR-703/SR-292",Mount Jackson,VA,60,2.899,38.7459482,-78.6422377
44,CIRCLE K #2612042,"I-35,  EXIT 271",Jarrell,TX,595,2.919,30.7748123,-97.6274636
46,PETRO STOPPING CENTER #348,"I-85,  EXIT 22 & CR-138",Shorter,AL,720,3.154,32.3948615,-85.9169020
49,TA SEYMOUR TRAVEL CENTER,"I-65, EXIT 50 & US-50 & US-31",Seymour,IN,415,3.959,38.9592201,-85.8902547
50,TA COUNCIL BLUFFS TRAVEL CENTER,"I-29 & I-80, EXIT 3",Council Bluffs,IA,319,3.72566666,41.2588410,-95.8519484
56,TOPS TRUCK STOP,"I-94, EXIT 182 & US-83",Sterling,ND,390,3.51566666,46.8138780,-100.2915000
75,Good 2 Go #709,US-50,Montrose,CO,810,3.424,38.4375391,-108.2403855
77,OASIS TRAVEL PLAZA,US-13,Laurel,DE,243,3.229,38.5565041,-75.5713141
79,DELAWARE TRUCK PLAZA,US-13 & US-40,New Castle                              ,DE,243,3.249,39.6159851,-75.6629560
81,One9 #89,"I-75, EXIT 224",Ellenton,FL,225,3.439,27.5262425,-82.5214628
85,DOWNIEVILLE FUEL STOP,"I-70, EXIT 234",Dumont,CO,800,3.459,39.7646887,-105.6003370
91,MOLLYS FOOD & FUEL,"I-20 & ST 22, EXIT 55",Crawfordville                           ,GA,135,3.499,33.5539938,-82.8961899
105,TA SAGINAW I 75 TRAVEL CENTER,"I-75, EXIT 144-B",Bridgeport,MI,260,3.269,43.3594696,-83.8816364
105,TA SAGINAW I 75 TRAVEL CENTER,"I-75, EXIT 144-B",Bridgeport,MI,260,3.339,43.3594696,-83.8816364
105,TA SAGINAW I 75 TRAVEL CENTER,"I-75, EXIT 144-B",Bridgeport,MI,260,3.429,43.3594696,-83.8816364
105,TA SAGINAW I 75 TRAVEL CENTER,"I-75, EXIT 144-B",Bridgeport,MI,260,3.289,43.3594696,-83.8816364
105,TA SAGINAW I 75 TRAVEL CENTER,"I-75, EXIT 144-B",Bridgeport,MI,260,3.399,43.3594696,-83.8816364
105,TA SAGINAW I 75 TRAVEL CENTER,"I-75, EXIT 144-B",Bridgeport,MI,260,3.299,43.3594696,-83.8816364
118,Lupton Truck Stop #567,"I-40, EXIT 359",Lupton,AZ,580,3.299,35.3539127,-109.0537010
121,PETRO STOPPING CENTER #306,"I-10, EXIT 200",Eloy,AZ,930,3.474,32.7551703,-111.5534930
127,CIRCLE K #4700095,US-41,Henderson,KY,340,3.609,37.8027001,-87.6398480
128,THE EFFINGHAM CHROME SHOP,"I-57 & I-70, EXIT 159",Effingham                               ,IL,510,3.399,39.0520902,-88.6029006
128,THE EFFINGHAM CHROME SHOP,"I-57 & I-70, EXIT 159",Effingham                               ,IL,510,3.349,39.0520902,-88.6029006
128,THE EFFINGHAM CHROME SHOP,"I-57 & I-70, EXIT 159",Effingham                               ,IL,510,3.549,39.0520902,-88.6029006
135,LOVES TRAVEL STOP #766,"I-80, EXIT 27",Atkinson,IL,290,3.589,41.4208678,-90.0151121
135,LOVES TRAVEL STOP #766,"I-80, EXIT 27",Atkinson,IL,290,3.389,41.4208678,-90.0151121
135,LOVES TRAVEL STOP #766,"I-80, EXIT 27",Atkinson,IL,290,3.449,41.4208678,-90.0151121
147,SPEEDWAY #8039,"I-69, EXIT 234 & SR-67",Daleville,IN,375,3.624,40.1135842,-85.5725489
149,RAYS TRUCK WASH,"I-69, EXIT 309 & US-30",Fort Wayne                              ,IN,370,3.59233333,41.0799898,-85.1386015
151,CUBBYS #2101,"I-80, EXIT 211 & SR-47",Gothenburg,NE,475,3.13233333,40.9277324,-100.1619896
159,PILOT TRAVEL CENTER #87,"I-10, EXIT 343",Jacksonville,FL,75,3.859,30.3321838,-81.6556510
159,PILOT TRAVEL CENTERS #87,"I-10, EXIT 343",Jacksonville,FL,75,3.859,30.3321838,-81.6556510
160,PILOT TRAVEL CENTERS #79,"I-12, EXIT 10 AT MILE 10",Denham Springs                          ,LA,600,3.23233333,30.4868564,-90.9562125
164,FLYING J TRAVEL PLAZA #650,"I-94, EXIT 15 B",Lake Station                            ,IN,365,3.809,41.5750369,-87.2389246
167,FLYING J TRAVEL PLAZA #653,RT 2 & I-65 EXIT 240,Hebron,IN,365,3.43566666,41.3186482,-87.2003091
174,Hop-In Food Stores,US-59 & SR-224,Nacogdoches                             ,TX,618,2.859,31.5970503,-94.5927451
184,SAPP BROS TRAVEL CENTER,"I-29 & I-80, EXIT 1B",Council Bluffs,IA,486,3.719,41.2588410,-95.8519484
186,COFFEE CUP FUEL STOP #5,"I-90, EXIT 154 & US-16",Moorcroft                               ,WY,822,3.239,44.2633150,-104.9502520
187,DUDLEYS CORNER,"I-35, EXIT 165 & SR-3",Latimer,IA,433,3.23233333,42.7635903,-93.3687645
191,KUM & GO #0302,"I-35, EXIT 193 & SR 106",Clear Lake,IA,433,3.18566666,43.1329662,-93.3530089
192,Brew Stuart Truckstop,"I-80, EXIT 93",Stuart                                  ,IA,320,3.099,41.5033213,-94.3185737
195,PETRO STOPPING CENTER #311,"I-40 & I-55, EXIT 280",West Memphis,AR,435,3.36733333,35.1464797,-90.1845388
198,SINCLAIR,"I-76, EXIT 115",Atwood,CO,800,3.299,40.5457265,-103.2798124
199,PETRO STOPPING CENTER #366,"I-70, EXIT 252",Salina,KS,523,3.80566666,38.8402805,-97.6114237
203,PILOT TRAVEL CENTER #31,"I-80/94, EXIT 2",Highland,IN,365,3.829,38.0450618,-87.5629290
203,PILOT TRAVEL CENTERS #31,"I-80/94, EXIT 2",Highland,IN,365,3.799,38.0450618,-87.5629290
207,MARATHON,SR-32,Sardinia                                ,OH,300,3.56566666,39.0146669,-83.8096433
216,CIRCLE K #2721593,"I-10, EXIT 50",Ocean Springs,MS,715,3.41566666,30.4082074,-88.7579445
217,NORTH 9TH 24/7,"I-70, EXIT 252",Salina,KS,523,3.02566666,38.8402805,-97.6114237
231,DERBY CITYS TRUCK PLAZA,"I-75, EXIT 62 & US-25",Mount Vernon,KY,410,2.999,37.3529436,-84.3404195
235,PILOT TRAVEL CENTERS #92,"I-75, EXIT 358",Ocala,FL,225,3.359,29.1871986,-82.1400923
235,PILOT TRAVEL CENTER #92,"I-75, EXIT 358",Ocala,FL,225,3.41233333,29.1871986,-82.1400923
240,LA 1 SOUTH TRUCKSTOP,"I-10, EXIT 153 & SR-1",Port Allen,LA,600,3.039,30.4533500,-91.2100569
243,SAVE,US-41 & SR-10,Lake Village,IN,399,3.179,41.1300620,-87.4388977
244,BIG D TRUCK TRAVEL PLAZA,"I-10, EXIT 92 & SR-95",Duson,LA,725,2.98233333,30.2378751,-92.1801925
248,Mardi Gras Truck Stop,"I-10, EXIT 236",New Orleans,LA,725,3.729,29.9826753,-90.0574941
250,GOLDEN OX TRUCK STOP,"I-70/US-40, EXIT 159 & US-183",Hays,KS,523,3.499,38.8960048,-99.3170840
253,LOVES TRAVEL STOP #450,"I-40, EXIT 280 & I-55, EXIT 4",West Memphis,AR,435,3.32566666,35.1464797,-90.1845388
256,BFS FOODS #66,"I-68/US-40, EXIT 22 & US-219",Grantsville                             ,MD,165,3.899,39.6991282,-79.1577212
257,PILOT TRAVEL CENTER #917- TOWN PUMP,I-15 & 31ST STREET EXIT 277,Great Falls                             ,MT,815,3.63566666,47.5048851,-111.2918900
263,CASEYS #3956,I-94 EXIT 16,Bridgman,MI,465,3.559,41.9430986,-86.5569659
267,CORNER MARKET #117,SR-154 & SR-129,Dodge City,KS,357,3.399,37.7527982,-100.0170787
269,PILOT TRAVEL CENTERS #24,"I-75, EXIT 15",Monroe                                  ,MI,325,3.299,41.9246280,-83.3661005
269,PILOT TRAVEL CENTERS #24,"I-75, EXIT 15",Monroe                                  ,MI,325,3.249,41.9246280,-83.3661005
269,PILOT TRAVEL CENTERS #24,"I-75, EXIT 15",Monroe                                  ,MI,325,3.439,41.9246280,-83.3661005
269,PILOT TRAVEL CENTERS #24,"I-75, EXIT 15",Monroe                                  ,MI,325,3.349,41.9246280,-83.3661005
269,PILOT TRAVEL CENTERS #24,"I-75, EXIT 15",Monroe                                  ,MI,325,3.559,41.9246280,-83.3661005
278,CARLISLE PLAZA,US-41,Carlisle,IN,510,3.499,38.9550726,-87.4062190
281,CIRCLE K #4700065,"I-65, EXIT 76 & US-31",Taylorsville,IN,375,3.399,39.2961392,-85.9581485
289,LOVES TRAVEL STOP #173,"I-70, MM 209",Lawrence,KS,553,3.229,38.9719137,-95.2359403
292,PETES #56,US-169 & CR-5000,Cherryvale,KS,307,3.23233333,37.2703440,-95.5524788
293,LOVES TRAVEL STOP #176,"I-35, MILE MARKER 97",Matfield Green,KS,336,3.25566666,38.1591843,-96.5605664
304,FL Roberts,"I-91, EXIT 4",Springfield,MA,100,3.599,42.1018764,-72.5886727
309,QUIKTRIP #231,"I-635, EXIT 3",Kansas City,KS,400,3.199,38.8881897,-94.6073843
323,SAPP BROS TRAVEL CENTER,"I-80, EXIT 126",Ogallala,NE,475,3.46566666,41.1248328,-101.7189583
326,FLYING J TRAVEL PLAZA #748,"I-15, EXIT 357",Willard                                 ,UT,835,3.749,41.4085496,-112.0381900
341,TA JACKSONVILLE SOUTH TRAVEL CENTER,"I-95, EXIT 329",Saint Johns,FL,75,3.469,29.9032284,-81.4145468
347,7-ELEVEN #40514,I-90/80-IN TOLL RD MM 22E,Portage,IN,365,3.99066666,41.5758708,-87.1761455
358,TA BINGHAMTON TRAVELCENTER,"I-81N, EXIT 2W & I-81S, EXIT 3",Binghamton,NY,32,3.769,42.0986980,-75.9125187
358,TA BINGHAMTON TRAVELCENTER,"I-81N, EXIT 2W & I-81S, EXIT 3",Binghamton,NY,32,3.689,42.0986980,-75.9125187
358,TA BINGHAMTON TRAVELCENTER,"I-81N, EXIT 2W & I-81S, EXIT 3",Binghamton,NY,32,3.699,42.0986980,-75.9125187
358,TA BINGHAMTON TRAVELCENTER,"I-81N, EXIT 2W & I-81S, EXIT 3",Binghamton,NY,32,3.739,42.0986980,-75.9125187
361,CIRCLE K #2726293,"I-295, EXIT 25",Jacksonville,FL,75,3.31566666,30.4816652,-81.6481757
368,WILTON TRAVEL PLAZA,"I-87, EXIT 16",Gansevoort                              ,NY,12,3.749,43.1962051,-73.6513967
368,WILTON TRAVEL PLAZA,"I-87, EXIT 16",Gansevoort                              ,NY,12,3.799,43.1962051,-73.6513967
372,GAS DEPOT,"I-94, EXIT 5",Hammond,IN,365,3.999,41.6173959,-87.5220108
381,7-Eleven #41830,US-69 & US-135,Jacksonville,TX,630,2.91566666,31.9637780,-95.2705042
387,Circle K #2709664,"I-8, EXIT 12",Yuma,AZ,930,3.489,32.6804964,-114.5223113
388,Pilot Travel Centers #14,"I-71, EXIT 131",Sunbury,OH,315,3.719,40.2425623,-82.8590673
391,PILOT TRAVEL CENTERS #13,"I-71, EXIT 209",Seville,OH,305,3.699,41.0100770,-81.8622222
403,TRUCKOMAT OF HEBRON,"I-70, EXIT 126 & SR-37",Hebron,OH,315,3.429,39.9617305,-82.4912676
407,FUEL MART #641,"I-80 & I-280, EXIT 71",Perrysburg                              ,OH,550,3.499,41.5571178,-83.6279321
421,PETRO STOPPING CENTER #316,"I-40 & I-35, EXIT 127",Oklahoma City,OK,483,3.30233333,35.4729886,-97.5170536
424,E EXPRESS,"I-40, EXIT 166",Choctaw,OK,483,2.899,34.0246234,-95.5205500
425,Neighbors Express,"I-16, EXIT 51",Dublin                                  ,GA,85,3.299,32.5404447,-82.9037540
442,WESTERN COOP,US-385 & SR-2,Alliance,NE,795,3.324,42.0971897,-102.8707145
455,MR FUEL #753,"I-95, EXIT 104 & SR-207",Ruther Glen,VA,180,3.26566666,37.9392890,-77.4657535
456,THE COUNTRY OASIS,US-24,Woodburn                                ,IN,370,3.399,41.1253271,-84.8532963
458,HAPPY HILLS GAS & COFFEE,I-29 EXIT 110,Rock Port,MO,400,3.399,40.4111122,-95.5169286
460,TRUCK STOP 44,I-20 EXIT 44,Gilbert,SC,135,3.079,33.9243121,-81.3937132
461,SPINX #271,"I-26, EXIT 145 & US-601",Orangeburg,SC,42,3.26233333,33.5407733,-80.9233900
469,LOAF N JUG #750010,US-160 & SR-17,Alamosa,CO,803,3.259,37.4735705,-105.8570600
474,KEWANEE 1 STOP,"I-20, EXIT 169 & US-80",Toomsuba,MS,705,3.299,32.4256352,-88.4480423
478,GASTRAK OF PEMBINA,"I-29, EXIT 215",Pembina                                 ,ND,355,3.299,48.7530787,-97.5532833
483,ALLSUPS #2387,US-54/SR-136/SR-3 & US-64,Guymon,OK,585,2.97566666,36.6828041,-101.4815493
486,LA NORIA CONV STORES,"I-35 N, EXIT 4",Laredo                                  ,TX,693,3.299,27.5075005,-99.5069922
489,EDDIES CORNER,US-87 & US-191,Moore,MT,815,3.749,46.9755230,-109.6968540
491,One9 #403,"I-75, EXIT 117",Heiskell,TN,405,2.999,36.0818160,-84.0539821
496,PILOT TRAVEL CENTERS #270,"I-40 & I-75, EXIT 374",Knoxville,TN,405,3.439,35.9994155,-83.7771980
509,LOVES TRAVEL STOPS #256,"I-10, EXIT 140B",Van Horn,TX,640,3.649,31.0429718,-104.8316280
509,LOVES TRAVEL STOP #256,"I-10, EXIT 140B",Van Horn,TX,640,3.649,31.0429718,-104.8316280
522,GO MART FOOD STORE #57,"I-70 & ST-285, EXIT 186",Lore City                               ,OH,430,3.179,39.9847938,-81.4584523
523,CIRCLE K #2723322,"I-985, EXIT 20 & SR-60",Gainesville,GA,18,3.26566666,34.2628849,-83.8162877
525,FASTBREAK,US-45 ALT,West Point,MS,705,3.059,33.6076186,-88.6503255
546,PLAZA 30,US-30,Wanatah,IN,365,3.499,41.4305964,-86.8983580
557,SAPP BROS TRAVEL CENTER,"I-80, EXIT 73",Peru,IL,290,3.389,41.3666710,-89.1521604
557,SAPP BROS TRAVEL CENTER,"I-80, EXIT 73",Peru,IL,290,3.589,41.3666710,-89.1521604
557,SAPP BROS TRAVEL CENTER,"I-80, EXIT 73",Peru,IL,290,3.449,41.3666710,-89.1521604
557,SAPP BROS TRAVEL CENTER,"I-80, EXIT 73",Peru,IL,290,3.289,41.3666710,-89.1521604
559,SHELL MORGAN ROAD TRUCK STOP,"I-40, EXIT 142",Maumelle,AR,695,3.20733333,34.8566130,-92.4056858
566,TA GARY TRAVEL CENTER,"I-80/I-94, EXIT 6",Gary,IN,365,3.83066666,41.5702561,-87.3365496
567,TA ELOY TRAVEL CENTER,"I-10 & I-8, EXIT 203",Eloy,AZ,930,3.459,32.7551703,-111.5534930
572,PILOT TRAVEL CENTER #881,"I-69, EXIT 309A",Fort Wayne                              ,IN,370,3.899,41.0799898,-85.1386015
572,PILOT TRAVEL CENTERS #881,"I-69, EXIT 309A",Fort Wayne                              ,IN,370,3.879,41.1189244,-85.1846908
576,PETRO STOPPING CENTER #343,"I-10, EXIT 76",Egan,LA,600,3.624,30.2368713,-92.5059690
578,LOVES TRAVEL STOP #449,"I-84, EXIT 17",Troutdale,OR,935,3.779,45.5392862,-122.3873133
579,FLYING J TRAVEL PLAZA #764,"I-80, EXIT 104 & US-191",Rock Springs,WY,835,3.67066666,41.5860557,-109.2194544
586,AMERISTAR TRAVEL PLAZA #120,"I-82, EXIT 80",Prosser,WA,925,4.399,46.2067583,-119.7691600
586,AMERISTAR TRAVEL PLAZA #120,"I-82, EXIT 80",Prosser,WA,925,4.559,46.2067583,-119.7691600
588,TA TUSCALOOSA TRAVEL CENTER,"I-20/I-59, EXIT 77",Cottondale,AL,615,2.964,33.1998045,-87.4530148
591,TA Concordia Travel Plaza,"I-70, EXIT 58 & SR-23",Concordia,MO,400,3.22566666,38.9824542,-93.5685013
599,Sapp Bros Travel Center,"I-80, EXIT 59 & SR-17J",Sidney,NE,475,3.50066666,41.1448682,-102.9767382
602,JIFFY MART EXIT 18 TRUCK STOP,"I-89/SR-120, EXIT 18 & SR-120",Lebanon,NH,12,3.599,43.6430320,-72.2515870
614,TA MAYBROOK TRAVEL CENTER,"I-84, EXIT 5",Montgomery,NY,120,4.359,42.8941269,-74.4099745
628,KWIK FILL #227,"I-90,  EXIT 218",Geneva,OH,305,3.15233333,41.8052539,-80.9476206
629,FLYING J #850,TCH-16,Edmonton,AB,80,4.39948962,36.9800563,-85.6121906
629,FLYING J #850,TCH-16,Edmonton,AB,80,4.39625375,36.9800563,-85.6121906
629,FLYING J #850,TCH-16,Edmonton,AB,80,4.40695023,36.9800563,-85.6121906
629,FLYING J #850,TCH-16,Edmonton,AB,80,4.40630048,36.9800563,-85.6121906
629,FLYING J #850,TCH-16,Edmonton,AB,80,4.39722401,36.9800563,-85.6121906
629,FLYING J #850,TCH-16,Edmonton,AB,80,4.3981947,36.9800563,-85.6121906
636,UNION 76,"I-5, EXIT 233 E",Albany,OR,935,3.379,44.6365071,-123.1059324
651,ONE9 #1366,"I-40, EXIT 126 & US-641",Holladay,TN,460,2.98566666,35.8706190,-88.1458719
652,TA KNOXVILLE EAST TRAVEL CENTER,"I-40 & I-75, EXIT 374",Knoxville,TN,405,3.42566666,35.9603948,-83.9210261
659,FLYING J #869,HWY 2 SOUTH,Nanton,AB,50,4.39948962,40.0931262,-74.9706132
659,FLYING J #869,HWY 2 SOUTH,Nanton,AB,50,4.59317483,40.0931262,-74.9706132
659,FLYING J #869,HWY 2 SOUTH,Nanton,AB,50,4.59114784,40.0931262,-74.9706132
659,FLYING J #869,HWY 2 SOUTH,Nanton,AB,50,4.60163996,40.0931262,-74.9706132
659,FLYING J #869,HWY 2 SOUTH,Nanton,AB,50,4.59216111,40.0931262,-74.9706132
659,FLYING J #869,HWY 2 SOUTH,Nanton,AB,50,4.60231851,40.0931262,-74.9706132
669,PETRO STOPPING CENTER #350,"I-10,  EXIT 4",Canutillo,TX,640,3.499,31.9124684,-106.5980980
672,CROWN POINT TRUCK STOP,"I-295/US-130,EXIT 22",Thorofare,NJ,150,3.549,39.8539265,-75.1982182
680,TA EXPRESS SUMMIT,"I-29, EXIT 207 & US-12",Summit,SD,566,3.20566666,45.3044060,-97.0364660
684,7-ELEVEN #35101,"I-86/SR-17, EXIT 16",Randolph,NY,38,4.499,42.1620050,-78.9753170
689,FLYING EAGLE,"I-235, EXIT 4",Wichita,KS,570,3.499,37.6337308,-97.3899056
692,BP,US-63,Ottumwa,IA,489,3.399,41.0283628,-92.4249965
739,Arco #364420,US-23,Greenup,KY,255,3.649,38.5108112,-82.9180186
748,QUIKTRIP #4231,US-85,Evans,CO,800,3.17233333,40.3772168,-104.6977634
769,AYERCO #26,US-61/US-136,Alexandria,MO,345,3.01566666,40.3594887,-91.4554320
815,Kwik Trip #1508,"US-18/SR-151, EXIT 58",Barneveld,WI,420,3.489,43.0085692,-89.9011407
855,SPEEDWAY #7459,US-41 & SR-137,North Chicago,IL,293,3.379,42.3074030,-87.8770185
855,SPEEDWAY #7459,US-41 & SR-137,North Chicago,IL,293,3.499,42.3074030,-87.8770185
855,SPEEDWAY #7459,US-41 & SR-137,North Chicago,IL,293,3.289,42.3074030,-87.8770185
863,Ocean Fuel,US-301/SR-73,Sylvania,GA,195,3.499,32.7504441,-81.6367760
906,PILOT TRAVEL CENTERS #429,"I-40, EXIT 280",West Memphis,AR,435,3.499,35.1464797,-90.1845388
906,PILOT TRAVEL CENTER #429,"I-40, EXIT 280",West Memphis,AR,435,3.291,35.1578797,-90.1381380
908,CIRCLE K #2704888,"I-65, EXIT 246 & SR-119",Pelham,AL,615,3.46566666,33.2856690,-86.8099884
912,PETRO STOPPING CENTER #319,"I-20/59,  EXIT 100",Mc Calla,AL,615,3.12566666,40.8333582,-80.5455322
936,CASEYS #4254,"I-40, EXIT 129",Conway,AR,695,3.03233333,35.0891932,-92.4398402
970,CIRCLE K #2702885,"I-17/SR-60, EXIT 199A",Phoenix,AZ,930,3.39233333,33.4942988,-112.0472178
977,PILOT TRAVEL CENTER #328,"I-10, EXIT 17",Quartzsite,AZ,930,3.959,33.6614676,-114.2361319
977,PILOT TRAVEL CENTERS #328,"I-10, EXIT 17",Quartzsite,AZ,930,3.959,33.6614192,-114.2364217
981,STINKER #85,"I-15, EXIT 93",Blackfoot,ID,825,3.53233333,43.1900390,-112.3483570
982,CIRCLE K #2701948,"I-8, EXIT 7 & SR-195",Yuma,AZ,900,3.56566666,32.6805655,-114.5219532
1028,FOUR STATES TRUCK STOP,"I-495, EXIT 4 & SR-9",New Castle,DE,243,3.449,39.6159851,-75.6629560
1028,FOUR STATES TRUCK STOP,"I-495, EXIT 4 & SR-9",New Castle,DE,243,3.399,39.6159851,-75.6629560
1042,Union 76,US-441 & SR-100A,Lake City,FL,75,3.56233333,30.1894252,-82.6394803
1043,ONE9 #1401,I-75 EXIT 414  & US-41,Lake City,FL,75,3.259,30.1894252,-82.6394803
1043,SHELL DBA ONE9 #1401,I-75 EXIT 414  & US-41,Lake City,FL,75,3.244,30.1894252,-82.6394803
1047,TA MARIANNA TRAVEL CENTER,"I-10/SR-8, EXIT 142 & SR-71",Marianna,FL,20,3.60733333,30.7743596,-85.2268735
1075,PILOT TRAVEL CENTER #68,"I-16 /SR-404, EXIT 51 & US-441",Dublin,GA,85,3.43233333,32.5404447,-82.9037540
1075,PILOT TRAVEL CENTERS #68,"I-16 /SR-404, EXIT 51 & US-441",Dublin,GA,85,3.399,32.5404447,-82.9037540
1106,CIRCLE K #2705367,"I-20, EXIT 172",Thomson,GA,16,3.399,33.4663248,-82.5026089
1112,BC AMPRIDE TRUCK PLAZA,US-59/SR-141,Denison,IA,527,3.399,42.0177718,-95.3553286
1115,KWIK STAR #704,SR-57/SR-14,Parkersburg,IA,565,3.58233333,42.5708380,-92.7863361
1121,TRAVELERS OASIS,"I-84, EXIT 182",Eden,ID,787,3.799,42.6059001,-114.2096450
1128,TA CHICAGO NORTH TRAVEL CENTER,"I-94/US-41, EXIT 1",Wadsworth,IL,444,3.819,42.4286788,-87.9067248
1128,TA CHICAGO NORTH TRAVEL CENTER,"I-94/US-41, EXIT 1",Wadsworth,IL,444,3.879,42.4286788,-87.9067248
1128,TA CHICAGO NORTH TRAVEL CENTER,"I-94/US-41, EXIT 1",Wadsworth,IL,444,3.779,42.4286788,-87.9067248
1128,TA CHICAGO NORTH TRAVEL CENTER,"I-94/US-41, EXIT 1",Wadsworth,IL,444,3.769,42.4286788,-87.9067248
1132,SPEEDWAY #7423,"I-57, EXIT 83",Ina,IL,293,3.249,38.1511606,-88.9039554
1136,PILOT TRAVEL CENTER #171,"I-74, EXIT 206",Oakwood,IL,280,3.399,40.1239390,-87.7795284
1136,PILOT TRAVEL CENTER #171,"I-74, EXIT 206",Oakwood,IL,280,3.499,40.1239390,-87.7795284
1136,PILOT TRAVEL CENTER #171,"I-74, EXIT 206",Oakwood,IL,280,3.599,40.1239390,-87.7795284
1140,CIRCLE K #4701398,"I-55, EXIT 82 & SR-104",Divernon,IL,280,3.499,39.5907650,-89.6530398
1149,PILOT TRAVEL CENTER #30,"I-70, EXIT 96",Greenfield,IN,375,3.959,39.7855096,-85.7681979
1149,PILOT TRAVEL CENTERS #30,"I-70, EXIT 96",Greenfield,IN,375,3.959,39.8215377,-85.9161359
1151,SPEEDWAY #8061,"I-70, EXIT 115 & SR-109",Knightstown,IN,375,3.759,39.8428137,-85.5587972
1154,CIRCLE K #2704691,SR-71 & CR-214,Cedar Creek,TX,595,3.199,30.5290826,-97.8054501
1156,CIRCLE K #4700028,"I-74/US-421, EXIT 116 & SR-44",Shelbyville,IN,375,3.599,39.5214373,-85.7769238
1157,One9 #297,"I-70, EXIT 11 & SR-46",Terre Haute                             ,IN,510,3.43566666,39.4330463,-87.3319171
1158,PILOT TRAVEL CENTERS #36,US-30  & SR-49,Valparaiso,IN,365,3.869,41.4672552,-87.0604487
1158,PILOT TRAVEL CENTER #36,US-30  & SR-49,Valparaiso,IN,365,3.859,41.4672552,-87.0604487
1163,SHORT STOP #13,US-54,Emporia,KS,553,2.839,38.4040054,-96.1816230
1176,PILOT TRAVEL CENTERS #353,"I-75, EXIT 129",Georgetown,KY,410,3.20566666,38.2760926,-84.5533706
1179,PILOT TRAVEL CENTERS #399,"I-65, EXIT 105",Lebanon Junction,KY,415,3.609,37.8275715,-85.7236798
1196,SOUTHERN BELLE TRUCK STOP,US-61 & SR-964,Saint Francisville,LA,725,3.384,30.7807244,-91.3763353
1199,ALLTOWN MARKETS #306,"I-190, EXIT 7",Leominster,MA,178,3.68233333,42.5267443,-71.7614891
1202,ONE9 #290,"I-95, EXIT 93 & SR-222",Perryville,MD,22,3.599,39.5894528,-76.0655329
1204,PETRO STOPPING CENTER #321,"I-70 & I-57, EXIT 159",Effingham,IL,574,3.549,39.0520902,-88.6029006
1204,PETRO STOPPING CENTER #321,"I-70 & I-57, EXIT 159",Effingham,IL,574,3.349,39.0520902,-88.6029006
1204,PETRO STOPPING CENTER #321,"I-70 & I-57, EXIT 159",Effingham,IL,574,3.439,39.0520902,-88.6029006
1204,PETRO STOPPING CENTER #321,"I-70 & I-57, EXIT 159",Effingham,IL,574,3.399,39.0520902,-88.6029006
1208,D AVENUE FUEL PLAZA,US-131,Kalamazoo,MI,465,3.499,42.3769125,-85.6513022
1208,D AVENUE FUEL PLAZA,US-131,Kalamazoo,MI,465,3.099,42.3769125,-85.6513022
1210,ROADHAWK TRAVEL CENTER,"I-94, EXIT 56 & SR-51",Paw Paw                                 ,MI,465,3.599,42.2178171,-85.8911246
1210,ROADHAWK TRAVEL CENTER,"I-94, EXIT 56 & SR-51",Paw Paw                                 ,MI,465,3.559,42.2178171,-85.8911246
1217,KWIK TRIP #250,"I-90, EXIT 179",Austin,MN,515,3.374,43.6766537,-92.9539797
1218,CASEYS #3658,SR-210,Pillager,MN,522,3.299,46.3299668,-94.4741744
1225,AYERCO #35,US-61 & US-61 BUS,Bowling Green,MO,494,3.01566666,39.3419891,-91.1951437
1234,Lamar Travel Plaza,US-71 & US-160,Lamar,MO,416,3.199,37.4950527,-94.2768736
1236,AYERCO #44,US-36 & US-24,Palmyra,MO,494,3.01566666,39.7942213,-91.5232557
1240,TEMP STOP #103,US-65,Sedalia,MO,400,3.199,38.7098314,-93.2295515
1247,SNAPPY MART #11,US-63 & SR-14,West Plains,MO,535,3.299,36.7281652,-91.8525756
1251,MAPCO #3009,US-72,Corinth,MS,435,3.154,34.9126121,-88.4991264
1256,DOUBLE QUICK #89,US-82/US-278,Greenville,MS,655,3.25566666,33.4111051,-91.0635857
1265,JOE JOES TRAVEL CENTER,US-78 & RED BANKS RD S,Red Banks,MS,435,2.97233333,34.8281516,-89.5645253
1304,LOVES TRAVEL STOP #667,"I-85, EXIT 152",Mebane,NC,65,3.94733333,36.0959715,-79.2669619
1315,CIRCLE K #2720218,US-421 BUS & US-15/US-501/US-1,Sanford,NC,177,3.08233333,35.5275775,-79.1849495
1325,SCOTCHMAN #3303,US-421 & US-74,Wilmington,NC,245,3.629,34.2239440,-77.9441948
1326,SPEEDWAY #7949,US-301/US-264 ALT & CR-1674,Wilson,NC,205,3.199,35.7065484,-77.9130368
1333,PUMP & PANTRY #15,US-30,Grand Island,NE,330,3.30733333,40.9242710,-98.3386850
1340,BORDENTOWN VALERO,"NJ TNPK, EXIT 7 & US-206",Bordentown,NJ,230,3.499,40.1462685,-74.7114508
1342,Delta,"I-80, EXIT 47B",Fairfield,NJ,115,3.20233333,40.8882598,-74.2773195
1344,BOLLA TRUCK STOP #193,US-202 & SR-17,Mahwah,NJ,115,3.53233333,41.0887072,-74.1437552
1348,GLOBAL,SR-73,Palmyra,NJ,150,3.359,40.0070565,-75.0282271
1356,LOVES TRAVEL STOP #257,"I-40 & HORIZON, EXIT 79",Milan,NM,580,3.59066666,35.1697175,-107.8908919
1364,7- ELEVEN #40507,"I-80/I-90, MM 56 WB",Rolling Prairie,IN,465,3.98233333,41.6745495,-86.6160192
1372,PILOT TRAVEL CENTER #469,"I-77, EXIT 101 & SR-627",Canton,OH,249,3.62233333,40.7495710,-81.4033980
1376,FUEL MART #782,"I-75, EXIT 118",Lima                                    ,OH,411,3.08566666,40.7399785,-84.1050060
1379,TA LODI TRAVEL CENTER,"I-71, EXIT 209 & I-76/US-224, EXIT 1",Seville,OH,305,3.739,41.0100770,-81.8622222
1384,SUNOCO,"I-80/I-90, EXIT 13 & US-20ALT/SR-15",Montpelier,OH,550,3.41566666,41.5844951,-84.6055076
1391,ONCUE EXPRESS #2045,"I-35, EXIT 203 & SR-15",Billings,OK,500,3.21566666,36.5289239,-97.4439362
1395,DOMINO FOOD AND FUEL #1,"I-40, EXIT 66",Clinton                                 ,OK,483,3.099,35.5156056,-98.9673069
1404,ONE9 #339,"I-74, EXIT 4 & SR-63",Covington,IN,375,3.26233333,40.1370345,-87.3970886
1414,SAC SHOP #507,"I-70, EXIT 12/161",Breezewood                              ,PA,14,4.099,39.9990119,-78.2404221
1424,GETTYSBURG TRAVEL PLAZA,US-15 & SR-394,Gettysburg,PA,70,3.899,39.8308973,-77.2310120
1428,CIRCLE K #4702408,"I-65, EXIT 168 & SR-38/SR-25",Lafayette,IN,375,3.43233333,40.4182717,-86.8254331
1432,KWIK FILL #259,"I-81, EXIT 57",Mechanicsburg                           ,PA,70,4.049,40.2101972,-77.0047276
1444,PILOT TRAVEL CENTERS #346,"I-20, EXIT 92 & US-601",Lugoff,SC,135,3.43233333,34.2273712,-80.6892487
1445,PILOT TRAVEL CENTERS #402,"I-80, EXIT 367",Cheyenne,WY,795,3.709,41.1365662,-104.7063786
1447,HOT SPOT #3005,US-221,Chesnee,SC,210,3.199,35.1515288,-81.8598413
1453,EXPRESS STOP,US-278/SR-101/SR-6 & SR-113,Rockmart,GA,193,3.319,34.0026005,-85.0416133
1455,PETRO FLORENCE,"I-95, EXIT 169",Florence,SC,46,3.32566666,34.2672828,-79.7332963
1461,CIRCLE K #2705370,"I-26, EXIT 15 & US-176",Inman,SC,210,3.099,35.0478410,-82.0906082
1464,CIRCLE K #2723254,"I-20, EXIT 55 & SR-6",Lexington,SC,135,3.199,34.0744158,-81.1546983
1470,CIRCLE K #2705348,US-1,Beech Island,SC,135,3.159,33.4280649,-81.8891583
1479,TA SPARTANBURG TRAVEL CENTER,"I-85, EXIT 63 & SR-290",Duncan,SC,210,3.43233333,34.9378962,-82.1451096
1487,ROADRUNNER MARKET #6019,"I-81, EXIT 36 NORTH",Greeneville                             ,TN,405,3.499,36.1631575,-82.8309861
1492,MAPCO #3538,"I-24, EXIT 174",Chattanooga,TN,285,2.899,35.0851106,-85.0640190
1507,CIRCLE K #4703941,"I-55, EXIT 5A",Memphis,TN,435,3.189,35.0489051,-89.7960214
1516,LOVES TRAVEL STOP #261,I-27 EXIT 116,Amarillo,TX,585,3.23233333,35.2072900,-101.8371192
1531,CircleK #4702365,"I-74, EXIT 112 & SR-9",Shelbyville,IN,375,3.509,39.5214373,-85.7769238
1533,YESWAY #1157,US-62,Brownfield,TX,700,2.99233333,33.1731185,-102.2692627
1546,SHELL,"I-35, EXIT 86 & SR-85",Dilley,TX,740,3.099,28.6674843,-99.1844567
1548,TOOT N TOTUM #107,US-287,Dumas,TX,585,3.03233333,35.8726946,-101.9735771
1552,STRIPES #40911,US-59 & SR-16,Freer,TX,625,3.099,27.8831584,-98.6183635
1555,SEIBERT TRAVEL PLAZA,"I-70, EXIT 405 & SR-59",Seibert,CO,800,3.499,39.2920555,-102.8754484
1560,CATTREZ,US-20 & SR-5,Irving,NY,38,2.899,42.5675589,-79.1128169
1560,CATTREZ,US-20 & SR-5,Irving,NY,38,2.999,42.5675589,-79.1128169
1562,I MART #108,"I-40, EXIT 108",Wildersville                            ,TN,435,3.099,35.7814547,-88.3603243
1567,KUM & GO #4110,"I-235, EXIT 11",Des Moines,IA,320,3.02733333,41.5332386,-93.5973309
1579,FLYING J TRAVEL PLAZA #924- TOWN PUMP,"I-15, EXIT 122 & I-90 MM220",Butte                                   ,MT,816,3.56566666,46.0131505,-112.5365080
1582,LOVES TRAVEL STOP #250,I-40 EXIT 60,Amarillo,TX,585,3.314,35.2072900,-101.8371192
1585,Stripes 7Fleet #42498,US-385 & CR-1910,Andrews,TX,710,3.369,32.2690953,-102.6042447
1590,ROAD RANGER #240,"I-80 & I-94, EXIT 15-A",Lake Station,IN,365,3.559,41.5784387,-87.2394649
1596,FLYING J #305,"I-40, EXIT 39",Jamestown,NM,580,3.44233333,35.2026182,-106.7497236
1597,7-ELEVEN #36156,"I-70 & SR-519, EXIT 25/333",Eighty Four,PA,165,4.999,40.1827171,-80.1331455
1599,ONVO TRAVEL PLAZA,"I-81, EXIT 10",Mc Graw,NY,220,3.439,42.9303866,-74.2555788
1599,ONVO TRAVEL PLAZA,"I-81, EXIT 10",Mc Graw,NY,220,3.459,42.9303866,-74.2555788
1602,CIRCLE K #2723387,US-98,Beaumont,MS,620,3.56566666,31.1693496,-88.9200444
1606,DONNAS TRAVEL PLAZA,"I-5, EXIT 202",Marysville,WA,962,4.559,48.0517429,-122.1768209
1610,TA BALTIMORE TRAVEL CENTER,"I-95, EXIT 57",Baltimore                               ,MD,22,4.759,39.2908816,-76.6107590
1618,GO MART FOOD STORE #33,US-33,Ripley                                  ,WV,44,3.499,38.8189684,-81.7118850
1621,CIRCLE K #2709337,"I-65, EXIT 262B",Birmingham                              ,AL,615,3.489,33.5913194,-86.6956784
1622,RACEWAY #6973,US-380 & SR-114/SR-101,Bridgeport,TX,630,2.78233333,33.2101155,-97.7547552
1623,SAPP BROS TRAVEL CENTER,"I-70 & I-270, EXIT 278",Commerce City,CO,800,3.389,39.8083196,-104.9338675
1625,PILOT TRAVEL CENTERS #60,"I-26, EXIT 159",Bowman                                  ,SC,42,3.43233333,33.3487699,-80.6828713
1632,PILOT TRAVEL CENTERS #266,"I-10, EXIT 139 & SR-292",Las Cruces                              ,NM,640,3.19066666,32.2965026,-106.8102620
1633,7-ELEVEN #36302,"I-35, EXIT 144",Von Ormy,TX,740,3.109,29.3095857,-98.6152192
1634,PILOT TRAVEL CENTERS #40,"I-94, EXIT 322",Oak Creek,WI,444,3.889,42.8987290,-87.9177966
1644,ALLSUPS CONVENIENCE STORE #2414,"I-20, EXIT 235",Roscoe,TX,575,2.929,32.4416150,-100.5392970
1646,SPEEDWAY #8310,US-6  & US-31,Plymouth,IN,465,3.609,41.3606365,-86.3122946
1647,SPEEDWAY #8305,US-41 & SR-312,Hammond,IN,290,3.76566666,41.6284491,-87.5085618
1653,ROAD RANGER #187,"I-55, EXIT 289",Chicago,IL,520,3.569,41.8314900,-87.6943187
1653,ROAD RANGER #187,"I-55, EXIT 289",Chicago,IL,520,3.599,41.8314900,-87.6943187
1654,CEFCO #3,US-77/US190/SR-36,Cameron,TX,670,2.989,26.1291189,-97.4134281
1661,CHEVRON,"I-20, EXIT 101 & SR-151",Calhoun,LA,590,3.159,32.5204318,-92.3641681
1669,BETTY BEAVERS TRUCKSTOP,"I-90, EXIT 28",Fultonville,NY,12,3.149,42.9478357,-74.3699085
1669,BETTY BEAVERS TRUCKSTOP,"I-90, EXIT 28",Fultonville,NY,12,3.189,42.9478357,-74.3699085
1670,Petro Stopping Center #54,"I-44, EXIT 4 & SR-3",Joplin,MO,277,3.449,37.0841838,-94.5133385
1671,LOVES TRAVEL STOP #412,"I-95, EXIT 77",Dunn,NC,205,3.699,35.3076902,-78.6093257
1672,HANA TRAVEL PLAZA,"I-40,  EXIT 77",Amarillo,TX,585,2.899,35.2072900,-101.8371192
1699,ALLENS FOOD MART280,US-280/US-231/SR-53/SR-38 & CR-8/CR-34,Sylacauga,AL,615,3.799,33.1704820,-86.2514099
1700,TOPPS FUEL STOPS,US-259/SR-49,Daingerfield,TX,723,3.109,33.0318031,-94.7219895
1720,TOOT N TOTUM #120,US-54 & S WESTERN AVE,Liberal,KS,585,3.01566666,37.0430812,-100.9209990
1749,HIGHWAY 96 FUEL STOP,US-96 & SR-62/FM-1004,Buna                                    ,TX,610,3.149,30.4368977,-93.9645660
1753,PWI #169,"I-35/US-77, EXIT 359 & CR-1304",Abbott,TX,765,2.899,31.8899301,-97.0870831
1773,M-46 AUTO TRUCK PLAZA,"US-131, EXIT 120 & SR-46",Howard City,MI,344,3.199,43.3955830,-85.4678150
1773,M-46 AUTO TRUCK PLAZA,"US-131, EXIT 120 & SR-46",Howard City,MI,344,3.599,43.3955830,-85.4678150
1773,M-46 AUTO TRUCK PLAZA,"US-131, EXIT 120 & SR-46",Howard City,MI,344,3.099,43.3955830,-85.4678150
1791,PILOT TRAVEL CENTERS #257,"I-20, EXIT 126 & FM-1788",Midland                                 ,TX,710,3.56566666,31.9676407,-102.2519291
1807,LOVES TRAVEL STOP #229,I-40 EXIT 96 & SR-207,Panhandle,TX,585,3.314,35.3454847,-101.3804082
1810,KENT KWIK #804,US-83,Perryton,TX,585,2.999,36.3910229,-100.8059035
1829,PILOT TRAVEL CENTERS #96,"SR- 60 & FL TURNPIKE, EXIT 193",Okeechobee,FL,143,3.719,27.3923408,-80.8873655
1829,PILOT TRAVEL CENTER #96,"SR- 60 & FL TURNPIKE, EXIT 193",Okeechobee,FL,143,3.699,27.3923408,-80.8873655
1832,CORNER FUEL CENTER,US-49,Hattiesburg,MS,620,3.299,31.1878038,-89.2511202
1834,PUMP N PANTRY #15,"I-20, EXIT 617 & US-59",Marshall,TX,766,2.899,32.5447756,-94.3661004
1849,Stripes #42457,US-67/US-277,San Angelo,TX,740,3.244,31.4767931,-100.4129618
1855,EXIT 76 AUTO TRUCK PLAZA,US-131,Byron Center,MI,344,3.499,42.8192943,-85.7279185
1858,FLYING J TRAVEL PLAZA #737,"I-10, EXIT 583",San Antonio                             ,TX,740,3.224,29.4246002,-98.4951405
1859,GO MART FOOD STORE #44,"I-79, EXIT 67 & US-19/SR-4",Sutton,WV,44,3.559,38.6641653,-80.7093066
1860,MR FUEL #278,"I-75/71, EXIT 175 & SR-338",Walton,KY,300,3.019,38.8756194,-84.6102213
1861,PETRO STOPPING CENTER #315,"I-40, EXIT 66",Kingman,AZ,910,3.899,35.1895921,-114.0532996
1866,PRI MART FUEL CENTER,"I-94, EXIT 29",Benton Harbor                           ,MI,465,3.799,42.1167065,-86.4541894
1866,PRI MART FUEL CENTER,"I-94, EXIT 29",Benton Harbor                           ,MI,465,3.499,42.1167065,-86.4541894
1873,JDS TRUCKSTOP,"US-12 & US-31, EXIT 3",Niles,MI,465,3.749,41.8297694,-86.2541768
1873,JDS TRUCKSTOP,"US-12 & US-31, EXIT 3",Niles,MI,465,3.849,41.8297694,-86.2541768
1874,CIRCLE K #2744529,US-175,Seagoville,TX,630,2.95066666,32.7034361,-96.6050410
1879,HOLIDAY STATIONSTORE #3552,"I-35, EXIT 81 & SR-70",Lakeville,MN,448,3.549,44.6500510,-93.2432791
1888,STRIPES 7FLEET #42449,US-87,Sterling City,TX,710,3.28066666,31.8384837,-100.9850761
1889,TOOT N TOTUM #105,US-54 & US-287,Stratford,TX,585,2.96566666,36.3320474,-102.0740010
1893,MIKE MCDONALD TRUCK STOP,"I-20, EXIT 509",Terrell                                 ,TX,637,2.87066666,30.1990738,-102.0974881
1894,CIRCLE K #2741544,"I-37 & SR-72, EXIT 69",Three Rivers,TX,747,3.06566666,28.4869908,-98.1435750
1897,YESWAY #1077,"I-20/US-84, EXIT 278",Tye,TX,575,2.87566666,32.4608821,-99.8547177
1905,LUCKY TRUCK STOP,US-82,Whitesboro                              ,TX,630,2.88566666,33.6564674,-96.9059847
1909,RALLYSTOP #1,"I-15, EXIT 62",Cedar City,UT,791,3.459,37.6774238,-113.0618270
1914,LOVES TRAVEL STOP #792,"I-70, EXIT 160",Green River,UT,835,3.709,40.0507620,-109.7329488
1921,BELL TRUCK STOP,"I-80, EXIT 146",Park City,UT,835,3.45233333,40.6460921,-111.4979963
1923,SCENIC QUIK STOP,"I-70, EXIT 54 & US-89",Salina,UT,835,3.459,38.9577420,-111.8599840
1930,CASEYS #3058,"I-35, EXIT 19 & US-160 E",Wellington,KS,570,3.299,37.2675076,-97.3999395
1931,RBS ONE STOP,"I-15, EXIT 320",Woods Cross                             ,UT,835,3.459,40.8745737,-111.9017264
1934,CIRCLE K #2723710,"I-77, EXIT 24",Austinville,VA,185,3.24066666,36.8513310,-80.9143144
1936,QUICK STOP MARKET #36,"I-81, EXIT 10 & US-11",Bristol,VA,185,3.399,36.5959685,-82.1885009
1940,7-ELEVEN #40063,"I-81, EXIT 98 & SR-100",Dublin,VA,65,3.199,37.1046408,-80.6850558
1944,LOVES TRAVEL STOPS #399,"I-77, EXIT 1 & SR-620",Lambsburg,VA,65,3.589,36.5854078,-80.7611817
1944,LOVES TRAVEL STOP #399,"I-77, EXIT 1 & SR-620",Lambsburg,VA,65,3.589,36.5854078,-80.7611817
1950,7-ELEVEN #34515,"I-81, EXIT 205",King George,VA,180,3.399,38.3399033,-77.0738279
1951,CIRCLE K #2723713,"I-81, EXIT 205",Staunton,VA,185,3.38566666,38.1377618,-79.0696530
1953,FAS MART #3555,"I-64, EXIT 136 & US-15",Gordonsville,VA,180,3.699,38.1347217,-78.1865043
1954,Joe's Kwik Mart #8409,US-58 & CR-645,Suffolk,VA,130,3.03233333,36.7219013,-76.6390945
1956,PILOT TRAVEL CENTER #4642,"I-81, EXIT 291",Toms Brook,VA,60,3.659,38.9464989,-78.4391741
1958,SPEEDWAY #4618,"I-81 & I-77, EXIT 77",Wytheville,VA,185,3.41233333,36.9360548,-80.9942171
1960,MAPLEWOOD IRVING,"I-89, EXIT 7",Montpelier                              ,VT,170,3.699,44.2602244,-72.5750364
1962,SUPER QUIK,"I-64, EXIT 172 & SR-1/SR-7",Grayson,KY,255,3.799,38.3480611,-82.9423560
1976,One9 #963,"I-90, EXIT 276",Spokane                                 ,WA,970,3.989,47.6571934,-117.4235100
1976,One9 #963,"I-90, EXIT 276",Spokane                                 ,WA,970,3.959,47.6571934,-117.4235100
1977,GEE CEES TRUCK STOP,"I-5, EXIT 57",Toledo,WA,977,3.839,46.4401007,-122.8467555
1983,KWIK TRIP #427,"US-53, EXIT 110 & SR-40",Bloomer,WI,295,3.41566666,45.1000899,-91.5088022
1985,Camp Douglas BP,"I-90 & I-94, EXIT 55",Camp Douglas                            ,WI,420,3.154,43.9193145,-90.2681006
2000,RIVER CITY TRAVEL PLAZA,US-41,Marinette,WI,360,3.399,45.3834983,-88.0409574
2002,KWIK TRIP #222,US-53/US-2,Superior,WI,334,3.339,46.6984114,-92.0353658
2009,KWIK TRIP #139,"I-43, EXIT 120 & CR-V/CR-OK",Sheboygan,WI,444,3.29066666,43.7731340,-87.7340837
2020,BFS FOODS #72,"I-68, EXIT 23 & SR-26",Bruceton Mills,WV,165,3.499,39.6586918,-79.6411594
2021,GO MART FOOD STORE #59,"I-64, EXIT 15 & US-60",Huntington,WV,255,3.499,38.4192496,-82.4451540
2022,GO MART FOOD STORE #86,"I-79, EXIT 40 & SR-16",Ivydale                                 ,WV,44,3.599,38.3100970,-81.7045688
2029,HOMAX SERVICE,"I-25, EXIT 188",Mills                                   ,WY,790,3.169,42.8419270,-106.3679350
2030,GHOST TOWN FUEL STOP,US-26/US-20,Casper,WY,790,3.429,42.8501191,-106.3251380
2034,TA CHEYENNE TRAVEL CENTER,"I-80, EXIT 377 & SR-217/CR-140",Cheyenne,WY,795,3.699,41.1399810,-104.8202460
2040,Fast Stop Travel Centers #1133,"I-25, EXIT 126 & US-18/20",Douglas,WY,790,3.499,42.7595708,-105.3826240
2041,PINE BLUFFS SINCLAIR,"I-80, EXIT 401 & US-30",Pine Bluffs,WY,795,3.699,41.1796780,-104.0667789
2044,One9 #1251,"I-80, EXIT 173",Wamsutter,WY,795,3.499,41.6740104,-107.9787091
2074,STRIPES #40522,"I-10, EXIT 550",San Antonio,TX,740,3.059,29.4241286,-98.4193091
2076,ALLSUPS CONVENIENCE STORE #2159,US-283 BUS/US-277 BUS & SR-422,Seymour,TX,770,3.299,33.5942438,-99.2603073
2078,ALLSUPS CONVENIENCE STORE #2366,US-84 & CR-3300,Slaton                                  ,TX,700,2.969,33.4343676,-101.6435240
2084,Main Street Market #112,"I-20, EXIT 73",Wickett,TX,710,2.879,31.5689470,-103.0037000
2087,LWS TRUCK STOP,SR-30,Logan,UT,835,3.42566666,41.7313063,-111.8349140
2088,FLYING J TRAVEL PLAZA #773,"I-70, EXIT 40",Richfield                               ,UT,835,3.699,38.7887599,-112.0817468
2089,FLYING J TRAVEL PLAZA #774,"I-84, EXIT 7",Snowville                               ,UT,835,3.749,41.9654058,-112.7103430
2115,KWIK TRIP #838,SR-23/SR-33,Reedsburg,WI,420,3.194,43.5322646,-90.0163068
2125,BIG D #44,"I-80, EXIT 311 & SR-130",Laramie,WY,795,3.249,41.3116442,-105.5917876
2144,Mountain View Truck Stop,US-15,Thurmont,MD,60,4.099,39.6236095,-77.4115401
2152,SPEEDWAY #4709,"I-90, EXIT 102",Fairmont,MN,425,3.299,43.6762053,-94.4490836
2167,PILOT TRAVEL CENTERS #134,"I-94, EXIT 171 (CR 75)",Saint Cloud,MN,451,3.28733333,45.5616075,-94.1642004
2182,PILOT TRAVEL CENTER #4649,"I-64 & I-81, EXIT 205",Raphine,VA,185,3.659,37.9319303,-79.2316577
2192,GO MART FOOD STORE #51,US-19/SR-129,Mount Nebo                              ,WV,44,3.599,39.6023047,-79.7078303
2194,A AND A TRUCKSTOP,US-35 & CR-41,Jackson,OH,315,3.799,39.0131871,-82.6089043
2196,Certified Oil #400410,I-76 EXIT 43,Ravenna,OH,249,3.31566666,41.1575570,-81.2420470
2204,NATURAL BRIDGE SHELL,US-278 & SR-5,Lynn,AL,615,3.68233333,34.0470483,-87.5497400
2209,Roadrunner #471,"I-40/US-65, EXIT 142 & SR-365",North Little Rock,AR,695,3.03233333,34.7695360,-92.2670941
2219,PILOT TRAVEL CENTER #66,"I-85, EXIT 129",Braselton,GA,16,3.27233333,34.1092735,-83.7626729
2219,PILOT TRAVEL CENTERS #66,"I-85, EXIT 129",Braselton,GA,16,3.27233333,34.1092735,-83.7626729
2223,PO JOS GAS N GO,"I-16 SR-404, EXIT 116 & US-301/SR-73",Register,GA,195,3.23233333,32.3671237,-81.8840039
2227,SPEEDWAY #7448,SR-59,Naperville,IL,293,3.299,41.6803096,-88.2051156
2227,SPEEDWAY #7448,SR-59,Naperville,IL,293,3.359,41.6803096,-88.2051156
2231,QUIKTRIP #605,"I-270, EXIT 33",Saint Louis,MO,540,2.899,38.7411540,-90.4060642
2255,S&G #36,"I-280, EXIT 2 & SR-795",Millbury,OH,550,3.49233333,41.5659599,-83.4248634
2267,Circle K #4703917,"I-65, EXIT 112 & SR-25",Cross Plains,TN,460,2.949,36.5486597,-86.6961102
2283,CIRCLE K #2707321,SR-60,Bartow,FL,225,3.52233333,27.9155736,-81.7192113
2287,SAC SHOP #511,"I-76/I-70, EXIT 146 & I-99/US-220 EXIT 1",Bedford,PA,14,4.099,40.0271453,-78.5237447
2306,SCOTCHMAN #3894,"I-77, EXIT 73 & SR-901",Rock Hill,SC,210,3.079,34.9248667,-81.0250784
2310,MAPCO #3686,"I-24, EXIT 175",Chattanooga,TN,285,2.889,35.0532968,-85.1874165
2311,SHELL,"I-24 & EPPS MILL RD, EXIT 89",Christiana                              ,TN,460,3.13233333,35.7100099,-86.3993653
2331,PINNERS POINT,SR-135,Portsmouth,VA,130,3.499,36.8320081,-76.2976990
2336,FLYING J TRAVEL PLAZA #754,"I-77 & I-81, EXIT 77",Wytheville,VA,185,3.549,36.9479966,-81.0869747
2340,RSTORE #4478,SR-8 & SR-13,Prentice,WI,395,3.039,45.5459408,-90.2875802
2557,PWI #106,"I-30, EXIT 77B",Royse City,TX,630,2.899,32.9761045,-96.3313340
2602,PILOT TRAVEL CENTERS #9,"I-75, EXIT 36",Franklin,OH,407,3.35233333,39.5589474,-84.3041074
2623,TA JANESVILLE TRAVEL CENTER,"I-90/I-39, EXIT 171B & US-14",Janesville,WI,420,3.299,42.6829765,-89.0226793
2626,WEST END SINCLAIR,"I-80, EXIT 211",Rawlins,WY,838,3.319,41.7907878,-107.2391760
2629,PILOT TRAVEL CENTERS #253,"I-295 & NJ TRNPK,  EXIT 2B",Penns Grove,NJ,243,3.989,39.7295581,-75.4679734
2635,FLYING J #584,"I-5, EXIT 278",Aurora,OR,935,3.859,45.2310497,-122.7550350
2638,PIT STOP TRAVEL CENTER,US-789,Riverton                                ,WY,790,4.399,43.0247245,-108.3807270
2640,LITTLE NASHVILLE,"I-64, EXIT 50 & SR-127",Nashville,IL,540,3.399,38.3841609,-89.3703751
2640,LITTLE NASHVILLE,"I-64, EXIT 50 & SR-127",Nashville,IL,540,3.299,38.3841609,-89.3703751
2644,FREDERICKS TRAVEL CENTER,"I-25/US-87, EXIT 235 & SR-52",Erie,CO,800,3.499,40.0502623,-105.0499810
2756,PAR MAR FOOD STORE #89,"I-77/SR-2, EXIT 170 & SR-14 E",Mineral Wells,WV,430,3.499,39.1904082,-81.5320773
2761,PONY EXPRESS SERVICE CENTER,US-36 & SR-148,Hanover,KS,316,2.95566666,39.8938920,-96.8794700
2764,LOVES TRAVEL STOP #046,US-64/54 & SR-94,Hooker,OK,585,3.56233333,36.8609639,-101.2140770
2765,LOVES TRAVEL STOP #023,US-50 & US-287,Lamar,CO,525,3.46233333,38.0872306,-102.6207490
2772,PILOT TRAVEL CENTERS #29,"I- 80, EXIT 144; I-69, EXIT 357",Fremont                                 ,IN,465,3.899,41.7308834,-84.9327395
2772,PILOT TRAVEL CENTER #29,"I- 80, EXIT 144; I-69, EXIT 357",Fremont                                 ,IN,465,3.899,41.7308834,-84.9327395
2779,Stinker #121,I-84 & EXIT 208,Heyburn,ID,787,3.56066666,42.5728137,-113.7302816
2788,JIFFY MART #451,"I-91, EXIT 17 & SR-302",Wells River,VT,39,3.569,44.1542997,-72.0471635
2805,Fast Stop Travel Centers #1145,"I-15,  EXIT 31",Downey,ID,825,3.799,42.4285297,-112.1244070
2807,SUDDEN SERVICE #25,"I-24, EXIT 11",Clarksville,TN,460,3.30733333,36.5277607,-87.3588703
2811,KWIK FILL #22,"I-90, EXIT 40 & SR-34/SR-31",Weedsport,NY,220,3.899,43.0486770,-76.5627197
2817,Chevron #382354,"I-5/US-12, EXIT 72",Chehalis,WA,977,4.299,46.6757135,-122.9779355
2848,TA TONOPAH TRAVEL CENTER,"I-10, EXIT 103",Tonopah,AZ,930,3.939,33.5146918,-112.9073644
2851,SPEEDWAY #2958,"I-8, EXIT 12",Yuma,AZ,900,3.479,32.6731845,-114.4446044
2862,TA TALLULAH TRAVEL CENTER,"I-20, EXIT 171 & US-65",Tallulah,LA,760,3.209,32.4084539,-91.1869112
2864,KUM & GO #0493,I-49 BUS/SR-59,Neosho,MO,535,3.059,36.8411622,-94.4092825
2875,CIRCLE K #2744138,"I-25, EXIT 101 & US-50/SR-47",Pueblo,CO,803,3.399,38.3081946,-104.6167681
2883,PILOT TRAVEL CENTER #293,"I-75, EXIT 341 & CR-484",Ocala                                   ,FL,140,3.41233333,29.1871986,-82.1400923
2883,PILOT TRAVEL CENTERS #293,"I-75, EXIT 341 & CR-484",Ocala                                   ,FL,140,3.359,29.1871986,-82.1400923
2885,SP Truckstop & Travel Center,US-84/SR-38,Bainbridge,GA,20,3.599,30.9038252,-84.5754768
2889,MOULTON COWBOYS,SR-157,Moulton                                 ,AL,615,3.099,34.4817816,-87.2919449
2891,PETRO STOPPING CENTER #338,"I-80, EXIT 21",Sparks,NV,966,3.949,39.5404679,-119.7487235
2895,EAGLE TRUCK STOP,I-77 EXIT 81,New Philadelphia,OH,249,3.31566666,40.4897871,-81.4456706
2896,NORTH LEWISTON DYNAMART,US-12 & SR 128,Lewiston,ID,970,3.669,46.4195913,-117.0216144
2897,GAS N GO #15,"I-80, EXIT 41",Lyman,WY,827,3.46566666,41.3273670,-110.2928350
2910,FLYING J TRAVEL PLAZA #685,"I-29 & I- 94, EXIT 349",Fargo                                   ,ND,341,3.569,46.8772290,-96.7898210
2913,ONE9#226,"I-40, EXIT 417 & SR-92",Dandridge,TN,405,3.259,36.0153693,-83.4148895
2915,TP TRUCK STOP,"I-15, EXIT 80",Fort Hall                               ,ID,825,3.519,43.0150153,-112.4466867
2917,GOLDYS TRUCK PLAZA,US-29,Rustburg,VA,185,3.519,37.2754135,-79.1090569
2922,LOVES TRAVEL STOP #210,"I-40, EXIT 158",Albuquerque,NM,580,3.52066666,35.0841034,-106.6509850
2923,LOVES TRAVEL STOP #435,"I-95, EXIT 104 & SR-207",Ruther Glen,VA,180,3.611,37.9287494,-77.4558151
2923,LOVES TRAVEL STOPS #435,"I-95, EXIT 104 & SR-207",Ruther Glen,VA,180,3.589,37.9287494,-77.4558151
2924,HWY 190 FUEL STOP,US-190,Jasper                                  ,TX,610,3.13233333,30.7485258,-94.0008840
2926,EXIT 77 TRAVEL PLAZA,"I-81, EXIT 77 & SR-39",Harrisburg,PA,70,3.499,40.3558030,-76.7277130
2929,TA EXPRESS STEELE,"I-94, EXIT 200 & SR- 3",Steele,ND,390,3.599,46.8616166,-99.9166886
2935,CIRCLE K #2726163,"I-295, EXIT 22",Jacksonville,FL,75,3.299,30.4816652,-81.6481757
2937,FLYING J TRAVEL PLAZA #664,"I-75, EXIT 171",Walton,KY,300,3.08566666,38.8756194,-84.6102213
2956,PILOT TRAVEL CENTERS #275,"I-85, EXIT 39 I-77, EXIT 13",Charlotte,NC,46,3.55233333,35.2704060,-80.8378399
2963,SUPERPUMPER #26,"I-94, EXIT 258 & US-281",Jamestown,ND,390,3.629,46.9105440,-98.7084360
2967,PETRO STOPPING CENTER #317,"I-57, EXIT 71",Perrysburg,OH,550,3.78566666,41.5571178,-83.6279321
2968,E-Z MART #4460,"I-20,  EXIT 124",Monroe,LA,719,3.129,32.5025471,-92.1162190
2977,DISCOUNT FUEL,"I-90, EXIT 150 & SR-73",Kadoka,SD,506,3.229,43.8338820,-101.5098660
2982,CIRCLE K #2723726,"I-59/I-20, EXIT 52 & US-11/US-43/SR-7",Knoxville,AL,705,3.089,33.5917715,-85.8971885
3003,CHEVRON,"I-20, EXIT 186",Delta                                   ,LA,760,2.994,44.0935884,-123.0939085
3008,BUSY BEE,"I-10, EXIT 283 & US-129",Live Oak,FL,10,3.779,30.3319755,-82.9602815
3022,TA GREENCASTLE TRAVEL CENTER,"I-81, EXIT 5",Greencastle,PA,70,3.959,39.7903710,-77.7277714
3030,Mr Ts Riverside,US-412,Cardwell                                ,MO,435,3.199,36.0495441,-90.2931492
3064,PORTS TO PLAINS TRAVEL PLAZA,US-50 & US-287,Lamar,CO,800,3.399,38.0872306,-102.6207490
3086,SPEEDWAY #4638,US-29,Madison Heights,VA,185,3.49566666,37.4502468,-79.1211560
3093,RSTORE #4488,US-51,Merrill,WI,395,3.24066666,45.1805220,-89.6834590
3096,HOBO PANTRY #6,US-431/SR-210,Dothan,AL,20,3.959,31.2237285,-85.3934375
3118,MOBIL,"I-87, EXIT 42 & US-11",Champlain,NY,39,3.799,44.9805810,-73.4604618
3128,TA ATLANTA SOUTH TRAVEL CENTER,"I-75, EXIT 201 & SR-36",Jackson,GA,18,3.334,34.1282559,-83.5753386
3138,TA EXPRESS #6264,"I-70, EXIT 26 & US-50",Grand Junction,CO,800,4.049,39.0672568,-108.5644800
3139,CHEROKEE TRAVEL MART,"I-40,  EXIT 108",Calumet                                 ,OK,483,3.10566666,35.6008883,-98.1188072
3148,YESWAY #1038,US-60 & SR-86,Neosho,MO,307,3.059,36.8665201,-94.3701651
3155,QUIK MART #18,US-72/SR-157,Tuscumbia                               ,AL,615,3.00733333,34.7312005,-87.7025300
3163,QUIKTRIP #71,"I-44, EXIT 238",Tulsa,OK,560,3.039,36.1292610,-96.0059790
3164,QUIKTRIP #102,"I-44, EXIT 222A",Tulsa,OK,560,3.039,36.1292610,-96.0059790
3165,LOVES TRAVEL STOP #213,"I-35, EXIT 211",Tonkawa,OK,500,3.584,36.6783679,-97.3100442
3167,JASPER FOOD MART,US-78,Jasper,AL,615,3.229,33.8312185,-87.2775053
3171,One9 #265,"I-40, EXIT 287 & SR-136",Cookeville,TN,405,3.084,36.1623886,-85.4997057
3176,BP,US-6 & SR-15,New Paris                               ,IN,365,3.65733333,41.5045465,-85.8241113
3178,ERNIES FUEL STOP #1605,SR-167,Kent,WA,977,4.599,47.3826903,-122.2270272
3179,MR FUEL #1020,"I-80 & I-94, EXIT 15B",Lake Station,IN,365,3.56566666,41.5882762,-87.2392273
3191,BUSY CORNER TRUCK STOP AND MARKET,"I-24, EXIT 105 & US-41/SR-2",Manchester,TN,460,3.049,35.4832001,-86.0887296
3205,CROSSROADS TRUCK STOP STATION,"I-29 & SR 34, MM 109",Colman                                  ,SD,530,3.159,43.9824720,-96.8144970
3206,PERHAM OASIS,US-10 & SR-78,Perham,MN,250,3.499,46.5944042,-95.5725415
3215,SHELL TRUCKSTOP,"I-4, EXIT 44",Polk City,FL,225,3.449,28.1825147,-81.8239676
3216,MAXS #124,"I-24, EXIT 86 & US-41",Oak Grove,KY,460,3.04233333,36.6650471,-87.4427878
3221,Pilot #1440,"US-67, EXIT 55 & US-64/US-167 & SR-367",Bald Knob,AR,695,3.399,35.3098066,-91.5679114
3221,Southern Travel Plaza,"US-67, EXIT 55 & US-64/US-167 & SR-367",Bald Knob,AR,695,3.391,35.3098066,-91.5679114
3222,POMPANO TRUCK STOP,"I-95, EXIT 36B",Pompano Beach,FL,95,3.759,26.2378597,-80.1247667
3226,ONE9 #245,"I-81, EXIT 77 & SR-39",Harrisburg,PA,70,3.609,40.3518345,-76.7164194
3227,ONE9 MR FUEL #64,"I-26 & US-17, EXIT 199",Summerville,SC,42,3.219,33.0186699,-80.1762704
3227,MR FUEL DBA ONE9 #64,"I-26 & US-17, EXIT 199",Summerville,SC,42,3.219,33.0186699,-80.1762704
3230,STRIPES #40815,US-281 & US-285,Falfurrias,TX,625,3.299,27.2265520,-98.1396955
3264,TA WEST MEMPHIS TRAVEL CENTER,"I-40/US-63, EXIT 260 & SR-149",Earle,AR,435,3.36733333,35.2707245,-90.4656194
3280,OUTPOST TRUCK STOP,US-85 & US-18/US-20,Lusk,WY,790,3.689,42.7624670,-104.4521750
3281,AMERICAN TRUCK PLAZA,I-80 EXIT 215 & SR-254,Milton,PA,138,3.799,41.0177269,-76.8530840
3284,CASEYS #4390,"I-49/US-71, EXIT 77 & US-160",Lamar,MO,416,3.199,37.4950527,-94.2768736
3297,SAPP BROS TRAVEL CENTER,"I-80, EXIT 370",Cheyenne,WY,795,3.70066666,41.1399810,-104.8202460
3316,TRUCKOMAT OF N LITTLE ROCK,"I-40, EXIT 161 & SR-391",North Little Rock                       ,AR,695,3.249,34.7695360,-92.2670941
3326,MIRABITO #61,"I-81, EXIT 32",Central Square,NY,12,4.299,43.2870009,-76.1463601
3330,TA # 211 GREENLAND TRAVEL CENTER,"I-95, EXIT 3A & US-101",Greenland,NH,34,3.759,43.0361995,-70.8328322
3349,QUEEN CITY TRUCK STOP,"I-20 & I-59, EXIT150",Meridian,MS,705,2.939,32.3643098,-88.7036560
3383,E-Express at Central Truck Stop,"I-35, EXIT 137",Oklahoma City,OK,483,2.879,35.4729886,-97.5170536
3386,LONGMONT TRUCK STOP,"I-25/US-87, EXIT 240 & SR-119",Longmont,CO,800,3.239,40.1672117,-105.1019280
3401,POPS Mart #333,"I-77, EXIT 48 & SR-200",Winnsboro,SC,46,3.09066666,34.3807012,-81.0864776
3413,COUNTRY GIRL TRUCK STOP,US-167 & SR-156,Winnfield,LA,590,3.319,31.9252280,-92.6399400
3415,JAYS EL CHEAPO FUEL STOP,"I-16, EXIT 104",Metter                                  ,GA,195,3.249,32.3971180,-82.0601196
3418,Par Mar Store #164,"I-79, EXIT 105 & CR-7",Jane Lew,WV,165,3.999,39.1100763,-80.4065446
3421,ERNIES TRUCK STOP,"I-5, EXIT 142",Federal Way,WA,977,4.599,47.3134940,-122.3393100
3422,PWI #167,"I-10, EXIT 601",Seguin,TX,740,2.889,29.5688411,-97.9647269
3427,JOHNNYS MARKET,"I-69, EXIT 357",Fremont,IN,465,3.699,41.7308834,-84.9327395
3432,PILOT TRAVEL CENTER #34,"I-65, EXIT 201 & US-231",Remington,IN,365,3.709,40.7608729,-87.1508522
3432,PILOT TRAVEL CENTERS #34,"I-65, EXIT 201 & US-231",Remington,IN,365,3.659,40.7608729,-87.1508522
3435,PWI #168,"I-35, EXIT 266 & SR-195",Georgetown,TX,740,2.799,30.6370152,-97.6775634
3444,Acme Truck Stop,US-441/SR-500,Orlando,FL,140,3.449,28.5421109,-81.3790304
3460,CHROME TRUCK STOP,US-18 & US-169,Algona,IA,433,3.499,43.0699663,-94.2330190
3464,BOISE PETROLEUM LLC,"I-84,  EXIT 71",Boise,ID,785,3.379,43.6166163,-116.2008860
3471,MR FUEL DBA ONE9 #72,"I-16, EXIT 160",Savannah,GA,195,3.13233333,32.0790074,-81.0921335
3471,ONE9 MR FUEL #72,"I-16, EXIT 160",Savannah,GA,195,3.119,32.0790074,-81.0921335
3475,PILOT TRAVEL CENTERS #56,"I-85, EXIT 63",Kannapolis,NC,46,3.499,35.4979605,-80.6240008
3477,CIRCLE K #4707404,"I-91, EXIT 7",Springfield,VT,170,3.699,43.2988213,-72.4817747
3479,FAST MARKET #4550,"I-75/SR-401, EXIT 136 & US-341",Perry,GA,85,3.099,32.4586695,-83.7319658
3493,CIRCLE K #2723675,"I-75, EXIT 290 & SR-20",Cartersville,GA,18,3.08566666,34.1971248,-84.7900207
3519,PILOT TRAVEL CENTERS #431,"I-10, EXIT 873",Orange,TX,610,3.309,30.1228634,-93.9041169
3522,SUNMART #308,US-59,Livingston                              ,TX,610,2.859,30.7110290,-94.9329898
3526,JOE STOP 99,"I-75, EXIT 99 & SR-119",Anna,OH,411,3.064,40.3948773,-84.1729332
3530,SPARKYS ONE STOP #22,"I-35, EXIT 111B & US-30",Jefferson,IA,320,3.23233333,41.0131342,-91.9718642
3536,PETRO STOPPING CENTER #307,I-40 EAST & S LAKESIDE Dr,Amarillo,TX,585,3.279,35.2072900,-101.8371192
3539,Bigs 211,"I-10, EXIT 620 & SR-123",Seguin,TX,740,3.099,29.5688411,-97.9647269
3545,STOCKMENS TRUCK PLAZA,"I-494, EXIT 64A",South Saint Paul,MN,450,3.499,44.8906694,-93.0372808
3580,STINKER I 80 TRAVEL PLAZA,"I-80, EXIT 221 & SR-76",Sinclair,WY,838,3.759,41.7791754,-107.1162507
3585,CHEVRON,"I-80, EXIT 129",Lovelock,NV,966,3.499,40.1795908,-118.4725192
3588,BINGO TRUCK STOP,"I-10, EXIT 829 & SR-124",Winnie                                  ,TX,610,2.999,29.8329729,-94.3830246
3592,TA BRIDGER TRAVEL CENTER #188,"I-80, EXIT 30 & CR-202",Fort Bridger,WY,835,3.71566666,41.3167955,-110.3924852
3593,TA Parowan Travel Center,"I-15, EXIT 78",Parowan,UT,910,3.70566666,37.8421975,-112.8279996
3605,SPEEDYS #6,"I-35, EXIT 33",Saint Joseph,MO,400,3.169,39.7686055,-94.8466322
3608,FUEL MART #787,"I-57, EXIT 212 & US-36",Tuscola,IL,280,3.199,39.7908985,-88.2598241
3614,PILOT TRAVEL CENTERS #35,"I-80/90, EXIT 72 & US-31",South Bend                              ,IN,465,3.799,41.7360031,-86.3367817
3614,PILOT TRAVEL CENTER #35,"I-80/90, EXIT 72 & US-31",South Bend                              ,IN,465,3.799,41.6833813,-86.2500066
3616,PILOT TRAVEL CENTERS #15,"I-75, EXIT 210",Toledo,OH,550,3.77233333,41.6529143,-83.5378173
3619,ROAD RANGER #141,"I-70, EXIT 23",Brazil,IN,375,3.659,39.4464465,-87.1257032
3620,One9 #16,"I-71 & US-68, EXIT 50",Wilmington                              ,OH,315,3.14233333,39.4453393,-83.8285375
3645,SNOW SHOE TRAVEL PLAZA,"I-80, EXIT 147 & SR-144",Snow Shoe,PA,14,3.469,41.0308914,-77.9494489
3678,TIMES MARKET #299,US-281 BUS,Alice,TX,625,3.099,27.7522487,-98.0697249
3688,SPEEDWAY #2314,"I-94, EXIT 243 & SR-29",New Baltimore,MI,342,3.559,42.6749521,-82.8151600
3688,SPEEDWAY #2314,"I-94, EXIT 243 & SR-29",New Baltimore,MI,342,3.579,42.6749521,-82.8151600
3692,CHARLOTTE TRAVEL PLAZA,"I-77,  EXIT 16B",Charlotte,NC,46,3.53233333,35.2272086,-80.8430827
3699,WARREN TRAVEL PLAZA,"I-69, EXIT 278 & SR-5",Warren,IN,375,3.399,40.3424546,-87.3564255
3702,BEARS DEN TRADING POST #101,ST 37 11 MI E OF MASSENA,Hogansburg                              ,NY,39,3.649,44.9739364,-74.6632416
3707,SPEEDWAY #4704,"I-90, EXIT 154",Albert Lea,MN,425,3.299,43.6480127,-93.3682656
3718,SPEEDWAY #4706,"I-90, EXIT 265",Chamberlain,SD,455,3.299,43.7682598,-99.3128964
3719,KEYSTONE TRUCK STOP,US-22 & SR-164,Loretto,PA,14,3.999,40.5029161,-78.6314019
3725,GENEVA TRUCK STOP,"I-79, EXIT 35/141",Cochranton                              ,PA,240,3.81566666,41.5200534,-80.0483929
3728,PLAZA 23 TRUCK STOP,"I-787, EXIT 2",Albany,NY,12,3.799,42.6345753,-73.7548755
3737,JORDAN'S KWIK STOP #70,US-49,West Helena                             ,AR,435,3.399,34.5440124,-90.6426195
3745,PILOT TRAVEL CENTER #906-TOWN PUMP,"I-90, EXIT 408 & SR-78",Columbus,MT,780,3.58066666,45.6366114,-109.2521540
3759,EXXON,US-67 & SR-18,Newport,AR,695,4.13233333,35.6381380,-91.2431879
3767,SIMMONS TRAVEL CENTER,"I-95, EXIT 8 & US-301",Emporia,VA,180,3.099,36.6937606,-77.5357141
3772,Brake Time Corner Market,"I-25, EXIT 240",Burlington                              ,CO,800,3.499,39.3046827,-102.2680065
3774,SINCLAIR,"I-70, EXIT 438",Burlington                              ,CO,796,3.889,39.3014292,-102.2525526
3781,REATTA TRAVEL STOP,"I-76, EXIT 149 & SR-55/CR-81",Crook,CO,475,3.38233333,40.8578024,-102.8011867
3783,CIRCLE K #2744095,"I-25, EXIT 215",Denver,CO,800,3.299,39.7835447,-105.0256545
3794,SPEEDWAY #4701,"I-90, EXIT 73",Jackson,MN,425,3.299,43.6700110,-95.1500626
3817,FAST MARKET,"I-25, EXIT 158",Colorado Springs,CO,803,3.159,38.9494576,-104.8035778
3843,ONCUE EXPRESS #61,"I-35, EXIT 185 & US-77",Perry,OK,500,3.21566666,36.2907352,-97.2883960
3868,SHORE STOP #279,US-13,Greenwood,DE,194,3.239,38.8019892,-75.5862970
3868,SHORE STOP #279,US-13,Greenwood,DE,194,3.259,38.8019892,-75.5862970
3888,Fics Plaza,"I-90, EXIT 184",Deer Lodge                              ,MT,816,3.519,46.0753795,-113.0893320
3889,CIRCLE K #2701686,"I-75, EXIT 220",Bradenton,FL,225,3.439,27.4430719,-82.4671783
3907,SUNOCO,US-46 & SR-93,Palisades Park,NJ,105,3.279,40.8412927,-73.9963589
3908,SEMINOLE TRUCK STOP,"I-75, EXIT 354",Fort Lauderdale,FL,95,3.699,26.1223084,-80.1433786
3927,MICCOSUKEE SERVICE PLAZA,"I-75, EXIT 49 & SR-84",Fort Lauderdale                         ,FL,95,3.66566666,26.1223084,-80.1433786
3936,Uncle Petes Truck  Stop,"I-40, EXIT 239 & US-70/SR-26",Lebanon,TN,460,2.989,36.2079779,-86.2910945
3946,Fast Lane,US-24 & US-63,Moberly,MO,310,3.469,39.4201137,-92.4364298
3949,SUNSTOP #337,"I-10/SR-8, EXIT 303 & US-441",Lake City,FL,75,3.699,30.1149010,-82.6581700
3956,CIRCLE K #2707451,US-27/SR-25 & SR-70,Lake Placid,FL,225,3.399,27.2930999,-81.3628502
3964,SPEEDWAY #6604,"I-94, EXIT 66",Mattawan,MI,465,3.489,42.2237401,-85.7876110
3964,SPEEDWAY #6604,"I-94, EXIT 66",Mattawan,MI,465,3.499,42.2237401,-85.7876110
3970,EXXON - Pilot #1293,"I-30, EXIT 61",Garland,TX,630,2.84233333,32.9126240,-96.6388833
3973,LOVES TRAVEL STOP #205,"I-35 & I-44, EXIT 137",Oklahoma City,OK,483,3.319,35.4729886,-97.5170536
3974,LOVES TRAVEL STOP #201,I-40 EXIT 41,Elk City,OK,483,3.12566666,35.4140081,-99.4138648
3975,SUNSTOP #334,"I-10, EXIT 335 & SR-121",Macclenny,FL,75,3.459,30.2821807,-82.1220569
3979,PETRO GARY 369,"I-80 & I-94, EXIT 9",Gary,IN,365,3.83066666,41.5622855,-87.3538206
4006,MISSILE MART #1,US-167 & SR-7,El Dorado,AR,635,3.499,33.2115087,-92.6650144
4008,BALDWIN TRAVEL PLAZA,"I-94, EXIT 19 & US HWY 63",Baldwin                                 ,WI,295,3.503,44.9667546,-92.3732461
4025,BP,"I-85, EXIT 21  & US-178",Anderson,SC,30,2.909,34.5133403,-82.6478773
4035,PILOT TRAVEL CENTER #430,"I-40,  EXIT 84",Russellville,AR,695,3.375,35.2804615,-93.0920484
4035,PILOT TRAVEL CENTERS #430,"I-40,  EXIT 84",Russellville,AR,695,3.399,35.2807468,-93.0927555
4062,DUDLEYS TRUCK STOP RESTAURANT,US-220,Rocky Mount,VA,185,3.299,36.9962007,-79.8909474
4063,STUCKEY'S,"I-59, EXIT 67 & US-49",Hattiesburg,MS,620,2.999,31.3593377,-89.3499651
4080,SHELL DBA PILOT DEALER #874,US-41,Miami,FL,176,3.699,25.7741728,-80.1936200
4080,PILOT TRAVEL CENTERS #874,US-41,Miami,FL,176,3.699,25.7741728,-80.1936200
4101,E-Z MART #4411,HIGHWAY 69 & COBBLESTONE DR,Pryor,OK,560,3.099,36.3084275,-95.3169136
4113,ASAP GENERAL STORE #330,US-412/SR-15,Enid,OK,500,3.08233333,36.3967623,-97.8791341
4115,QUIKTRIP #707,"I-85 , EXIT 96",Atlanta,GA,18,3.34066666,33.7810285,-84.4077838
4119,JET FOOD STORE #82,US-441 & CR-13,Douglas,GA,10,3.44066666,33.6995565,-84.7622973
4156,PETRO STOPPING CENTER #305,"I-10, EXIT 582",San Antonio,TX,740,3.20733333,29.4246002,-98.4951405
4161,EL CHEAPO,I-95 & EXIT 76,Midway                                  ,GA,195,3.52566666,31.8000763,-81.4331585
4164,CIRCLE K #2723897,"I-75, EXIT 138",Thomasville,GA,20,3.23566666,30.8583561,-83.9478170
4169,TA KINGMAN TRAVEL CENTER,"I-40, EXIT 48 & US-93",Kingman,AZ,910,3.899,35.1895921,-114.0532996
4171,PETRO SERVE USA #11,US-2 & US-71,Bemidji,MN,355,3.499,47.4785418,-94.8907869
4172,FLYING J TRAVEL PLAZA #639,"I-90, EXIT 2",Post Falls,ID,970,3.76233333,47.7110106,-116.9480877
4179,CIRCLE K #2705352,"I-95/SR-405, EXIT 109 & SR-30/SR-21",Port Wentworth                          ,GA,195,3.099,32.1941814,-81.1951798
4187,FLYING J TRAVEL PLAZA #632,"I-75, EXIT 320",Resaca,GA,285,3.29566666,34.5803628,-84.9432765
4193,TIGER MART #63,"I-20, EXIT 454",Grand Prairie,TX,630,3.599,32.7459645,-96.9977846
4199,PWI #574,"I-70, EXIT 193/US-40",Bunker Hill,KS,357,2.959,38.8758445,-98.7039655
4204,PILOT TRAVEL CENTERS #415,"I-59, EXIT 4",Rising Fawn,GA,285,3.859,34.7702498,-85.5415371
4204,PILOT TRAVEL CENTER #415,"I-59, EXIT 4",Rising Fawn,GA,285,3.819,34.7705088,-85.5415043
4211,FLYING J #513,"I-15, EXIT 1",Jean,NV,910,3.73233333,35.7790078,-115.3243140
4220,KENNETT TRUCK STOP,"I-275, EXIT 16",Lawrenceburg                            ,IN,300,3.424,39.0908910,-84.8499504
4222,Circle K #4703906,"I-24, EXIT 24 & SR-49",Pleasant View,TN,460,2.899,36.4050963,-87.0222951
4223,TA PEMBROKE TRAVEL CENTER,"I-90, EXIT 48A",Corfu,NY,38,3.939,42.9600595,-78.4055767
4223,TA PEMBROKE TRAVEL CENTER,"I-90, EXIT 48A",Corfu,NY,38,3.889,42.9600595,-78.4055767
4223,TA PEMBROKE TRAVEL CENTER,"I-90, EXIT 48A",Corfu,NY,38,3.829,42.9600595,-78.4055767
4223,TA PEMBROKE TRAVEL CENTER,"I-90, EXIT 48A",Corfu,NY,38,3.839,42.9600595,-78.4055767
4227,LOVES TRAVEL STOP #203,"I-40, EXIT 140",Oklahoma City,OK,483,3.35566666,35.4729886,-97.5170536
4233,QUIKTRIP #7220,"I-20, EXIT 8",Shreveport,LA,745,2.89233333,32.5135356,-93.7477839
4239,SPEEDWAY #8256,"I-64, EXIT 94 & SR-1958 & US-60",Winchester,KY,410,2.92233333,38.0064695,-84.2100355
4241,EXXON,"I-285, EXIT 53",Conley,GA,18,3.999,33.6356550,-84.3293733
4267,CONOCO,US-30 & SR-41,Gap,PA,160,3.799,39.9894770,-76.0173511
4292,KUM & GO #0032,"I-80/US-6, EXIT 155 & SR-117",Colfax,IA,320,3.08233333,41.6777241,-93.2452335
4301,TIGER DISCOUNT TRUCKSTOP,"I-94, EXIT 64 & I-94 BUS",Dickinson,ND,807,3.51566666,46.8861024,-102.7396163
4311,Saveway Truck Plaza,"I-65, EXIT 164 & US-31",Hope Hull,AL,720,3.139,32.2698632,-86.3571916
4331,KWIK STOP C STORES,US-61/US-151,Dubuque,IA,335,3.559,42.5006243,-90.6647985
4332,PILOT TRAVEL CENTER #468,"I-57, EXIT 283 & US-24",Gilman,IL,280,3.399,40.7508586,-88.0017541
4332,PILOT TRAVEL CENTER #468,"I-57, EXIT 283 & US-24",Gilman,IL,280,3.559,40.7508586,-88.0017541
4332,PILOT TRAVEL CENTER #468,"I-57, EXIT 283 & US-24",Gilman,IL,280,3.439,40.7508586,-88.0017541
4332,PILOT TRAVEL CENTERS #468,"I-57, EXIT 283 & US-24",Gilman,IL,280,3.459,40.7511792,-88.0013595
4335,HIGHWAY 20  AUTO TRUCK PLAZA,US-20,Peosta,IA,335,3.489,42.4469535,-90.8433797
4339,ROAD RANGER #273,I-69E/US-77 & SR-107,Combes,TX,639,3.049,26.2507363,-97.7295569
4349,ROAD RANGER #144,"I-380, EXIT 68US-20, EXIT 68",Evansdale,IA,565,3.729,42.4771838,-92.2884110
4363,EL CHEAPO #4,"I-95, EXIT 87",Richmond Hill,GA,195,3.09566666,31.9382381,-81.3035515
4368,HOODS SERVICE CENTER,"I-44, EXIT 61",Bois D Arc,MO,535,3.074,37.2564382,-93.5076960
4372,GRADYS TRUCKSTOP,"I-16, EXIT 111",Pulaski                                 ,GA,195,3.46566666,32.2330518,-83.4674404
4373,KUM & GO #0043,"I-35, EXIT 43 & SR-207/CRG76",New Virginia,IA,320,3.114,41.1805950,-93.7300396
4389,TAYLOR QUIK-PIK,"I-29, EXIT 75 & US-30",Missouri Valley,IA,486,3.399,41.5564975,-95.8879438
4395,BREAK TIME #3147,"I-55, EXIT 67 & US-62",Sikeston,MO,275,3.499,36.8817665,-89.5796596
4417,TA MORIARITY TRAVEL CENTER,"I-40, EXIT 194",Moriarty,NM,580,3.21733333,34.9972037,-106.0494876
4419,CASEYS #3081,"I-35, EXIT 92 & US-136",Bethany,MO,400,3.06066666,40.2683344,-94.0282861
4427,CASEYS #2654,"I-80/US-6, EXIT 93 & CR-P28",Stuart,IA,320,3.099,41.5033213,-94.3185737
4431,CASEYS #2653,"US-63 & US-30, EXIT 202",Toledo,IA,320,3.349,41.9958439,-92.5790678
4437,UNDERWOOD TRUCK STOP I 80,"I-80, EXIT 17",Underwood                               ,IA,319,3.00066666,41.3872477,-95.6788620
4441,PILOT TRAVEL CENTERS #51,"I-81 BAILEYTON RD, EXIT 36",Greeneville,TN,405,3.56233333,36.1631575,-82.8309861
4442,Minuteman Food Mart #58,US-74/US-76,Delco,NC,245,3.50733333,34.3157241,-78.2247211
4445,TA Rogers,"I-94/US-52, EXIT 207 & SR-101",Rogers,MN,448,3.274,45.1968102,-93.5493172
4446,LOVES TRAVEL STOP #200,I-40 EXIT 74,Amarillo,TX,585,3.209,35.2072900,-101.8371192
4451,PRAIRIE JUNCTION TRUCK STOP,"I-29, EXIT 109 & SR-34",Colman,SD,530,3.099,43.9824720,-96.8144970
4452,CASEYS #2867,US-63 & US-20,Waterloo,IA,380,3.499,42.4982750,-92.3328743
4458,KUM & GO #1443,"I-80, EXIT 216",Williamsburg,IA,380,3.13066666,41.6612394,-92.0095079
4460,EXIT 62 TRUCKSTOP,"I-71, EXIT 62 & US-127",Glencoe,KY,415,3.16566666,38.7145093,-84.8227255
4463,QUIKTRIP #7901,"I-20, EXIT 556 & US-69",Lindale,TX,710,2.80733333,32.4695976,-95.3869734
4482,FLYING J TRAVEL PLAZA #777,"I-84, EXIT 54(FEDERAL WAY)",Boise,ID,785,3.809,43.6166163,-116.2008860
4482,FLYING J FUEL STOP #777,"I-84, EXIT 54(FEDERAL WAY)",Boise,ID,785,3.76566666,43.6166163,-116.2008860
4492,3 MILE CORNER TRUCK STOP,US-2 & US-95,Bonners Ferry,ID,970,3.734,48.6972317,-116.3119832
4525,STINKER #42,US-12/US-95 & SR-128,Lewiston,ID,970,3.69733333,46.4195913,-117.0216144
4528,WENATCHEE VALLEY TRUCK STOP,US-97 ALT,Wenatchee,WA,920,4.199,47.4234599,-120.3103490
4528,WENATCHEE VALLEY TRUCK STOP,US-97 ALT,Wenatchee,WA,920,4.119,47.4234599,-120.3103490
4528,WENATCHEE VALLEY TRUCK STOP,US-97 ALT,Wenatchee,WA,920,4.089,47.4234599,-120.3103490
4533,SPEEDWAY #1449,"I-65, EXIT 262B",Birmingham                              ,AL,615,2.97566666,33.5206824,-86.8024326
4544,BIG CHARLIES TRUCK PLAZA,"I-64, EXIT 282 & US-13",Virginia Beach,VA,130,3.489,36.8496579,-75.9760751
4555,PILOT TRAVEL CENTERS #406,"I-65, EXIT 22 & US-31A/SR-11",Cornersville,TN,460,3.799,35.3614649,-86.8397237
4560,FAST STOP TRAVEL CENTERS #1109,"I-15, EXIT 392",Plymouth,UT,835,3.58233333,41.8754813,-112.1441223
4563,PILOT TRAVEL CENTERS #299,"I-55/I-74/US-51, EXIT 160 & US-150/SR-9",Bloomington                             ,IL,280,3.599,40.4827505,-89.0172077
4563,PILOT TRAVEL CENTERS #299,"I-55/I-74/US-51, EXIT 160 & US-150/SR-9",Bloomington                             ,IL,280,3.399,40.4827505,-89.0172077
4563,PILOT TRAVEL CENTER #299,"I-55/I-74/US-51, EXIT 160 & US-150/SR-9",Bloomington                             ,IL,280,3.399,40.4821680,-89.0171119
4563,PILOT TRAVEL CENTERS #299,"I-55/I-74/US-51, EXIT 160 & US-150/SR-9",Bloomington                             ,IL,280,3.499,40.4827505,-89.0172077
4563,PILOT TRAVEL CENTER #299,"I-55/I-74/US-51, EXIT 160 & US-150/SR-9",Bloomington                             ,IL,280,3.499,40.4821680,-89.0171119
4563,PILOT TRAVEL CENTER #299,"I-55/I-74/US-51, EXIT 160 & US-150/SR-9",Bloomington                             ,IL,280,3.599,40.4821680,-89.0171119
4568,ONVO TRAVEL PLAZA,"I-90, EXIT 28",Fultonville,NY,12,3.199,42.9478357,-74.3699085
4568,ONVO TRAVEL PLAZA,"I-90, EXIT 28",Fultonville,NY,12,3.159,42.9478357,-74.3699085
4569,METROPOLIS TRUCK STOP,"I-24, EXIT 37 & US-45",Metropolis,IL,490,3.599,37.1511655,-88.7319979
4574,Circle K #4701432,"I-74, EXIT 174",Mahomet,IL,280,3.669,40.1924578,-88.4016893
4582,BIG CHIEF TRUCK STOP,"I-94/US-52, EXIT 61 & US-59/CR-82",Fergus Falls,MN,250,3.23566666,46.2830150,-96.0775580
4605,PILOT DEALER #898 SADLERS TRUCK STOP,"I-95, EXIT 11B & US-58",Emporia,VA,180,3.799,36.6937606,-77.5357141
4618,OUTPOST TRAVEL CENTER,"I-20, EXIT 5 & US-80",Greenwood,LA,745,2.899,32.4429324,-93.9729615
4620,PILOT TRAVEL CENTERS #95,"I-75, EXIT 329 & SR-44",Wildwood                                ,FL,225,3.22566666,28.8652860,-82.0394286
4620,PILOT TRAVEL CENTER #95,"I-75, EXIT 329 & SR-44",Wildwood                                ,FL,225,3.319,28.8652860,-82.0394286
4622,TA LEE HI TRAVEL PLAZA,"I-81,  EXIT 195",Lexington,VA,185,3.659,37.7840208,-79.4428157
4628,QUARLES #4601,US-29/US-17/US-15,Warrenton,VA,60,3.32233333,38.6304348,-77.8003008
4637,THORNTONS #369 DBA PILOT TRAVEL CENTER #514,"I-55, EXIT 126 & SR-10",Lincoln                                 ,IL,318,3.399,40.1481349,-89.3636569
4637,THORNTONS #369 DBA PILOT TRAVEL CENTER #514,"I-55, EXIT 126 & SR-10",Lincoln                                 ,IL,318,3.499,40.1481349,-89.3636569
4637,PILOT TRAVEL CENTER #514 - THORNTONS #369,"I-55, EXIT 126 & SR-10",Lincoln                                 ,IL,318,3.499,40.1481349,-89.3636569
4637,PILOT TRAVEL CENTER #514 - THORNTONS #369,"I-55, EXIT 126 & SR-10",Lincoln                                 ,IL,318,3.399,40.1481349,-89.3636569
4642,MARSHAL JUNCTION,"I-70, EXIT 147 & SR-1",Marshall                                ,IL,510,3.199,41.0324537,-89.2998456
4642,MARSHAL JUNCTION,"I-70, EXIT 147 & SR-1",Marshall                                ,IL,510,3.399,41.0324537,-89.2998456
4644,CIRCLE K #4706703,"I-80, EXIT 145A",Mokena,IL,290,3.399,41.5421946,-87.8513065
4644,CIRCLE K #4706703,"I-80, EXIT 145A",Mokena,IL,290,3.339,41.5421946,-87.8513065
4654,7-ELEVEN #35087,"I-490, EXIT 2 & SR-33 & SR-19",Bergen,NY,190,4.029,43.0852666,-77.9418857
4655,QUICKLEES TRAVEL CENTER,"I-86, EXIT 30 & CR-20",Belmont,NY,190,3.999,42.2231241,-78.0344506
4690,PWI #401,"I-20 & I-30, EXIT 1B",Aledo,TX,630,2.799,32.6979939,-97.6039938
4700,A C TRUCKSTOP,"I-80, EXIT 290",Laramie                                 ,WY,795,3.079,41.3087527,-105.6151839
4704,THE RIDGE,"I-68/US-219, EXIT 14 & US-40",Accident,MD,165,4.199,39.6289521,-79.3208439
4707,SMITHTON TRUCKSTOP,"I-70, EXIT 39 & SR-3059",Smithton,PA,165,3.899,40.1539613,-79.7411535
4729,MINIT MART #600244,"I-70, EXIT 131",Straughn,IN,457,3.859,39.8089351,-85.2913559
4742,FLYING J TRAVEL PLAZA #684,"I-94, EXIT 1 & SR-16",Beach,ND,807,3.96566666,46.9180689,-104.0043728
4750,BROOKE TRAVEL PLAZA,"I-80, EXIT 259",West Liberty,IA,380,2.98733333,41.5700231,-91.2637695
4762,TA MONROE TRAVEL CENTER,"I-75, EXIT 15",Monroe,MI,325,3.349,41.9153358,-83.5135665
4762,TA MONROE TRAVEL CENTER,"I-75, EXIT 15",Monroe,MI,325,3.249,41.9153358,-83.5135665
4762,TA MONROE TRAVEL CENTER,"I-75, EXIT 15",Monroe,MI,325,3.369,41.9153358,-83.5135665
4762,TA MONROE TRAVEL CENTER,"I-75, EXIT 15",Monroe,MI,325,3.299,41.9153358,-83.5135665
4806,TRACK AND TRAVEL,"I-20, EXIT 406",Weatherford,TX,630,2.91733333,32.7589648,-97.7970748
4818,PILOT TRAVEL CENTER #350,"I-84 & US-20, EXIT 95",Mountain Home,ID,785,3.799,43.1422673,-115.6634817
4818,PILOT TRAVEL CENTERS #350,"I-84 & US-20, EXIT 95",Mountain Home,ID,785,3.759,43.1425574,-115.6629366
4819,Alta Convenience #6333,"I-25, EXIT 11",Trinidad,CO,803,3.399,37.1663818,-104.5109899
4826,I-20 Truck Stop,"I-20, EXIT 165",Lincoln,AL,615,2.999,33.6131588,-86.1183061
4827,PETRO BEAUMONT #304,"I-10, EXIT 848",Beaumont,TX,610,3.33066666,30.0363014,-94.1547998
4837,SHELL,US-10 & SR-210,Motley,MN,522,3.399,46.3366315,-94.6461250
4856,PILOT TRAVEL CENTER #910- TOWN PUMP,"I-90, EXIT 274 & US-287",Three Forks,MT,786,3.59733333,45.8926060,-111.5514480
4858,PILOT TRAVEL CENTER #1346,"I-135, EXIT 31",Newton,KS,570,3.3115,38.0469166,-97.3447244
4858,PILOT DEALER #1346,"I-135, EXIT 31",Newton,KS,570,3.409,38.0469166,-97.3447244
4860,PILOT TRAVEL CENTER #476,"I-74, EXIT 32 & SR-17",Woodhull,IL,270,3.899,41.1802923,-90.3362660
4860,PILOT TRAVEL CENTERS #476,"I-74, EXIT 32 & SR-17",Woodhull,IL,270,3.899,41.1807322,-90.3370050
4872,TA COMMERCE TRAVEL CENTER,"I-85, EXIT 149 & US-441",Commerce,GA,16,3.21566666,34.2039970,-83.4571058
4874,PWI #110,"I-20, EXIT 112 & FM-1936",Odessa,TX,710,3.049,31.8457149,-102.3676870
4878,SHELL DBA ONE9 #1426,"I-84, EXIT 35",Nampa                                   ,ID,785,3.374,43.5737361,-116.5596310
4881,PETRO STOPPING CENTER #14,"I-295, EXIT 56",Bordentown,NJ,230,4.029,40.1462685,-74.7114508
4885,LOVES TRAVEL STOP #384,"I-70, EXIT 45",Greenville,IL,540,3.689,38.8922687,-89.4131356
4885,LOVES TRAVEL STOP #384,"I-70, EXIT 45",Greenville,IL,540,3.749,38.8922687,-89.4131356
4885,LOVES TRAVEL STOP #384,"I-70, EXIT 45",Greenville,IL,540,3.689,38.8922687,-89.4131356
4885,LOVES TRAVEL STOP #384,"I-70, EXIT 45",Greenville,IL,540,3.689,38.8922687,-89.4131356
4885,LOVES TRAVEL STOP #384,"I-70, EXIT 45",Greenville,IL,540,3.689,38.8922687,-89.4131356
4885,LOVES TRAVEL STOP #384,"I-70, EXIT 45",Greenville,IL,540,3.749,38.8922687,-89.4131356
4887,SUNOCO,"I-80 & I-90, EXIT 3",Wauseon                                 ,OH,550,3.699,41.5897803,-84.1479084
4894,CLOVERDALE TRAVEL PLAZA,"I-70, EXIT 41 & US-231",Cloverdale,IN,375,3.699,39.5302822,-86.8041359
4905,HY-MILER #2204,SR-250,Sandusky,OH,550,3.53233333,41.4022390,-82.6587570
4909,CIRCLE K #2723916,US-441/US-301/US/27/SR-500,Ocala,FL,140,3.459,29.1479108,-82.1880375
4910,PILOT TRAVEL CENTER #892,"I-70 EXIT 164, & US-50",Green River,UT,835,3.68566666,40.0507620,-109.7329488
4918,PILOT TRAVEL CENTERS #219,"I-40, EXIT 398",Knoxville,TN,405,3.699,36.0077086,-83.9761855
4920,TA LAPLACE,"I-10, EXIT 209 & US-5",La Place,LA,600,3.22733333,32.3784735,-85.8627339
4921,PILOT TRAVEL CENTERS #231,"I-75, EXIT 29",Corbin,KY,410,3.609,36.9754585,-84.1076848
4927,CIRCLE K #2704886,"I-65, EXIT 205 & US-31/SR-22",Clanton,AL,720,3.20733333,32.8392013,-86.6309229
4933,VILLAGE TRUCK STOP,"I-81, EXIT 18",Rural Retreat                           ,VA,185,3.299,36.8937299,-81.2759341
4977,KWIK TRIP #331,SR-54,Wisconsin Rapids,WI,395,3.26233333,44.0949928,-87.6839020
4981,JOHNNYS MARKET,"I-94, EXIT 110 & US-27",Marshall,MI,385,3.499,42.2721367,-84.9642008
4983,KWIK TRIP #603,"I-94, EXIT 28 & SR-128",Wilson,WI,451,3.549,43.6744303,-87.7580012
4996,ZIP TRIP #54,"I-90, EXIT 452",Billings,MT,780,3.59066666,45.7874957,-108.4960700
5003,TRAILWAY TRUCK STOP,US-301/SR-304,Centreville                             ,MD,22,3.259,39.0420588,-76.0674344
5006,SUNOCO,US-1/US-9,Linden,NJ,79,3.799,40.6076142,-74.2408908
5024,I 55 MOTOR PLAZA,"I-55,  EXIT 180",Pevely,MO,540,2.99066666,38.2833879,-90.3951204
5030,YESWAY #1030,US-63 & E MARY ST,Ottumwa,IA,320,3.399,40.9949445,-92.4052799
5044,TA MOUNT VERNON TRAVEL CENTER,"I-44, EXIT 46 & SR-39/SR265",Mount Vernon,MO,535,3.409,37.1036666,-93.8185401
5050,ROCK PORT TRUCK PLAZA,"I-29 & US-136, EXIT 110",Rock Port,MO,400,3.099,40.4111122,-95.5169286
5056,TREX MART #16,"I-35, EXIT, 61 & US-69",Winston,MO,276,3.119,39.8700035,-94.1399470
5057,PHILLIPS 66,"I-35, EXIT 54 & I-35 BUS/US-36",Cameron,MO,276,3.099,39.7412703,-94.2384482
5060,CRAZY FREDS TRUCK SHOP,"I-40, EXIT 44 & US-66",Kingman,AZ,910,3.539,35.1895921,-114.0532996
5064,CLARK OIL #44,"I-59, EXIT 97",Laurel                                  ,MS,620,2.879,31.6940509,-89.1306124
5079,FASTLANE TAYLOR 63,US-61 & SR-6,Taylor,MO,494,3.01566666,39.9381011,-91.5237663
5085,K AN T TRUCKSTOP,"I-79, EXIT 137 & SR-310",Fairmont,WV,165,3.399,39.4850848,-80.1425781
5111,CIRCLE K #2723385,"I-59, EXIT 67 & US-49/SR-42",Hattiesburg,MS,620,3.149,31.2568063,-89.3382298
5117,CIRCLE K #4702361,"I-65, EXIT 130 & SR-334",Whitestown,IN,375,3.29233333,39.9495974,-86.3478391
5128,CASEYS #2769,"I-80, EXIT 220 & SR-149",Williamsburg,IA,380,3.14233333,41.6612394,-92.0095079
5131,TRAILS END TRUCK STOP,"I-29, EXIT 110 & US-136",Rock Port,MO,486,3.40566666,40.4062590,-95.5576962
5132,Travel Centers of America,"I-44, EXIT 208 & SR-19",Cuba,MO,574,3.26566666,38.0630210,-91.4032473
5160,FUEL MART #727,"I-70, EXIT 193",Quaker City                             ,OH,249,3.16566666,39.9700707,-81.2992798
5163,Blue Sky #733,"US-78, EXIT 81 & SR-178",Belden,MS,742,2.939,34.3103831,-88.7883888
5165,ONE9 #046,"I-65, EXIT 6 & SR-100",Franklin,KY,415,3.08566666,36.7162992,-86.5258060
5167,SPEEDWAY #7575,"I-65, EXIT 255",Hobart,IN,290,3.63233333,41.5068592,-87.3160201
5170,FLYING J #516,"I-76, EXIT 161 & I-70",Breezewood,PA,14,5.099,39.9967669,-78.2368316
5183,PETRO STOPPING CENTER #74,I-95 & EXIT 106,Kenly,NC,205,3.709,35.5959363,-78.1240031
5191,NORTH POINT PLAZA,"I-90 & I-94, EXIT 115",Poynette,WI,420,3.17233333,43.3912031,-89.4028620
5202,Chevron #306185,US-30,Montpelier,ID,825,3.699,42.3221498,-111.2977044
5203,OASIS TRAVEL CENTER,"I-10, EXIT 53",Robertsdale,AL,715,3.469,30.5552959,-87.7109526
5207,JJ TRAVEL PLAZA,"I-70, EXIT 70 & US-83",Oakley,KS,525,3.61566666,39.1263850,-100.8556110
5227,PILOT TRAVEL CENTERS #900,"I-95, EXIT 75",Dunn,NC,205,3.709,35.3076902,-78.6093257
5230,ONE9 #496,"I-80, EXIT 265",Atalissa,IA,270,3.01566666,41.6441234,-91.1500608
5232,CM EUNICE,US-190,Eunice,LA,730,3.399,30.4943669,-92.4176324
5234,SINCLAIR,SR-37,Monett,MO,277,3.29066666,36.9289518,-93.9277149
5236,FLYING J #875,"I-95,  EXIT 109",Elkton,MD,243,4.199,39.6383402,-75.8059640
5245,CASEYS #3842,US-36 & US-283,Norton,KS,357,3.15733333,39.7944702,-99.9100033
5247,EDGERTON TRAVEL PLAZA,"I-90, EXIT 160 & US-51",Edgerton,WI,420,3.199,42.8334758,-89.0693988
5249,Taylor's Stateline Travel Center,US-67 & SR-278,Neelyville,MO,275,2.999,36.5617130,-90.5061465
5254,TA CANDLER TRAVEL CENTER,"I-40, EXIT 37",Candler,NC,210,3.799,35.5444359,-82.6838032
5255,7-ELEVEN #35788,"I-35, EXIT 215",Olathe,KS,400,3.339,38.8753100,-94.7791920
5258,PT TRUCK STOP,"I-12, EXIT 42",Hammond                                 ,LA,623,3.249,30.5043583,-90.4611995
5282,CASEYS #3548,US-54 & US-61,Pratt,KS,357,3.14066666,37.6280602,-98.7485305
5285,TULLO TRUCK STOP,"I-95, EXIT 15E & US-1/US-9",Kearny,NJ,79,3.799,40.7314845,-74.1099854
5297,ERNIES TRUCK STOP,"I-90,  EXIT 179 & I-90 BUS/SR-17",Moses Lake,WA,920,3.999,47.1301417,-119.2780770
5297,ERNIES TRUCK STOP,"I-90,  EXIT 179 & I-90 BUS/SR-17",Moses Lake,WA,920,3.949,47.1301417,-119.2780770
5297,ERNIES TRUCK STOP,"I-90,  EXIT 179 & I-90 BUS/SR-17",Moses Lake,WA,920,4.179,47.1301417,-119.2780770
5299,Sudden Service #62,"I-65, EXIT 6 & SR-100",Franklin,KY,460,3.084,38.2520423,-84.8633812
5302,ONE9 #258,"I-81, EXIT 150 & US-220 ALT & US-11",Troutville,VA,185,3.03233333,37.4181901,-79.8747687
5306,PILOT TRAVEL CENTERS #11,"I-76, EXIT 232",North Lima                              ,OH,573,3.799,40.9482165,-80.6584960
5309,NEWBORN TRUCK STOP,I-20 EXIT 5,Tallapoosa,GA,48,3.40733333,33.7442912,-85.2879889
5310,FLYING J #576,"I-35, EXIT 69",Northfield,MN,515,3.859,44.4704974,-93.2955098
5324,HY-MILER #2245,SR-53,Fremont,OH,550,3.38233333,41.3473413,-83.1134972
5341,KWIK STAR #1160,"US-75, EXIT 118 & SR-3",Le Mars,IA,408,3.299,42.7885727,-96.1743137
5349,JET FOOD STORE #17,US-1/SR=4/SR-540 & US-220/SR-47,Wrens,GA,135,3.41566666,33.2076456,-82.3917920
5363,SPEEDWAY #6767,"I-75, EXIT 20",Manheim,PA,70,4.499,40.2408912,-76.4365856
5389,FLYING J TRAVEL PLAZA #744,"I-15, EXIT 343",Ogden,UT,835,3.749,41.2230048,-111.9738429
5391,PWI #605,"I-10, EXIT 378",San Simon,AZ,640,2.959,32.2665117,-109.2270613
5399,FLYING J TRAVEL PLAZA #750,"I-81 & I-77, EXIT 80",Max Meadows,VA,185,3.549,36.9815010,-80.9580491
5407,CASEYS #4535,US 81,Concordia                               ,KS,570,2.91233333,39.5715430,-97.6611410
5414,One9 #1216,"I-10 ,EXIT 200 & SR-84",Eloy,AZ,930,3.199,32.7551703,-111.5534930
5414,Pride Travel Center dba One9 #1216,"I-10 ,EXIT 200 & SR-84",Eloy,AZ,930,3.199,32.7551703,-111.5534930
5419,USA TRAVEL CENTER,"I-40, EXIT 48 & US-93",Kingman,AZ,910,3.399,35.1924515,-114.0705136
5422,K AND H TRUCK PLAZA,"I-57, EXIT 283 & US-24",Gilman,IL,290,3.159,40.7667015,-87.9922620
5422,K AND H TRUCK PLAZA,"I-57, EXIT 283 & US-24",Gilman,IL,290,3.099,40.7667015,-87.9922620
5424,WK TRUCK STOP,"US-231 & SR-9001, EXIT 75",Beaver Dam,KY,340,3.399,37.4019918,-86.8758256
5435,MEADE AUTO AND TRUCK PLAZA,US-54,Meade                                   ,KS,525,3.799,37.2091116,-100.3963020
5436,PARKWAY MARATHON,"US-79, EXIT 94",Caneyville,KY,415,3.73233333,37.4242184,-86.4883148
5446,PETRO STOPPING CENTER #308,"I-20, EXIT 8 & SR-526",Shreveport,LA,745,3.17566666,32.5135356,-93.7477839
5462,BOOZER KWIK STOP,"I-15, EXIT 118",Idaho Falls                             ,ID,825,3.44733333,43.4887907,-112.0362800
5464,PILOT TRAVEL CENTERS #48,"I-65, EXIT 86",Glendale,KY,415,3.609,37.6017278,-85.9055189
5474,One9 #88,"I-95/SR-9, EXIT 201 & SR-520",Cocoa,FL,143,3.37566666,28.3556635,-80.7325345
5477,CHEVRON #383766,"I-5, EXIT 216",Halsey,OR,935,3.099,45.5368512,-122.4187622
5479,PILOT TRAVEL CENTERS #94,"I-75, EXIT 161",Punta Gorda,FL,225,3.799,26.9351529,-82.0512058
5479,PILOT TRAVEL CENTER #94,"I-75, EXIT 161",Punta Gorda,FL,225,3.799,26.9351529,-82.0512058
5491,49ER FUEL CENTER,"I-75, EXIT 49",East Bernstadt                          ,KY,410,2.999,37.1918255,-84.1237550
5492,BFS FOODS #68,"I-70, EXIT 3",Hancock                                 ,MD,22,4.129,39.6994024,-78.1820972
5522,ONE9 #301,"I-55,  EXIT 40",Marston,MO,275,3.109,36.5183784,-89.5975274
5523,TA LIMON TRAVEL CENTER,"I-70, EXIT 359 & US-24",Limon,CO,800,3.92066666,39.2625489,-103.6878419
5529,FLYING J #549,"I-77, EXIT 100 & 101",Mount Airy,NC,65,3.599,36.4875152,-80.7471969
5537,HUCKS TRAVEL CENTER #51 DBA FLYING J #889,"I-57/I-64, EXIT 95 & SR-15",Mount Vernon,IL,574,3.459,38.3172715,-88.9031201
5537,HUCKS TRAVEL CENTER #51 dba FLYING J #889,"I-57/I-64, EXIT 95 & SR-15",Mount Vernon,IL,574,3.499,38.3172715,-88.9031201
5537,HUCKS TRAVEL CENTER #51 DBA FLYING J #889,"I-57/I-64, EXIT 95 & SR-15",Mount Vernon,IL,574,3.359,38.3172715,-88.9031201
5537,HUCKS TRAVEL CENTER #51 DBA FLYING J #889,"I-57/I-64, EXIT 95 & SR-15",Mount Vernon,IL,574,3.599,38.3172715,-88.9031201
5537,HUCKS TRAVEL CENTER #51 dba FLYING J #889,"I-57/I-64, EXIT 95 & SR-15",Mount Vernon,IL,574,3.399,38.3172715,-88.9031201
5554,Southfork TRUCK STOP,"I-30, EXIT 63 & SR-53",Gurdon,AR,635,3.459,33.9182285,-93.1488168
5560,MIDWAY TRAVEL PLAZA,I-70 EXIT 121 & US-40,Columbia,MO,310,3.539,38.9733365,-92.4337082
5569,TA EXPRESS NORWOOD #0450,US-60,Norwood,MO,535,3.449,37.1170010,-92.4202430
5570,PETRO STOPPING CENTER #310,"I-12, EXIT 40 & US-51 BUS",Hammond,LA,725,3.249,30.5043583,-90.4611995
5579,SAPP BROS TRAVEL CENTER,US-30,Columbus,NE,486,3.219,41.4292988,-97.3581439
5592,TA COLUMBIA NORTH,"I-20, EXIT 71 & US-21",Columbia,SC,46,3.439,34.0007540,-81.0352313
5597,CM LAKE CHARLES FUEL STOP 36,"I-10, EXIT 36 & SR-397",Lake Charles,LA,690,3.299,30.2305095,-93.2169807
5601,BP,"I-24, EXIT 16",Paducah,KY,490,3.429,37.0750266,-88.6933738
5603,TA NORTH CANTON TRAVEL CENTER,"I-77, EXIT 111",North Canton,OH,249,3.624,40.8758910,-81.4023356
5606,FLYING J #511,"I-94, EXIT 147",Mandan,ND,273,3.95233333,46.8264150,-100.8897040
5607,RICE MART,"I-45 & FM 1603, EXIT 238",Rice,TX,630,3.019,32.2437586,-96.4985967
5608,SHOP A LOTT  #3,US-84 & US-171,Mansfield                               ,LA,766,3.13566666,32.0218301,-93.7143492
5613,CHEVRON #381108,"I-82, EXIT 36",Yakima,WA,925,3.999,46.3278759,-119.9996310
5618,MCCLURE OIL #52,"I-65/US-52, EXIT 140 & SR-32",Lebanon                                 ,IN,375,3.584,40.0483744,-86.4691677
5649,Fast Stop,"I-10, EXIT 182 & SR-22",Sorrento                                ,LA,623,3.699,30.1843642,-90.8592632
5651,LOVES TRAVEL STOP #303,"I-64, EXIT 43 & SR-395",Waddy,KY,415,3.749,38.1370153,-85.0743978
5659,TEX-BEST #526,US-59 & US-281,George West,TX,625,3.299,28.3272208,-98.1135928
5660,Pride Convenience Store,"I-90, EXIT 51 & I-291",Chicopee,MA,100,3.509,42.1610655,-72.6141856
5661,TA Express #287,"I-40, EXIT 288 & SR-111",Cookeville,TN,460,3.299,36.1623886,-85.4997057
5667,PILOT TRAVEL CENTERS #393,"I-40, EXIT 24 & SR-209",Waynesville                             ,NC,210,3.759,35.4887476,-82.9888725
5669,KWIK TRIP #497,I-90 EXIT 266 & CR-12,Dakota,MN,515,3.474,43.9240838,-91.4382837
5670,TA MOUNT VERNON TRAVEL CENTER,"I-57 & I-64, EXIT 95",Mount Vernon,IL,574,3.449,38.3172715,-88.9031201
5670,TA MOUNT VERNON TRAVEL CENTER,"I-57 & I-64, EXIT 95",Mount Vernon,IL,574,3.499,38.3172715,-88.9031201
5670,TA MOUNT VERNON TRAVEL CENTER,"I-57 & I-64, EXIT 95",Mount Vernon,IL,574,3.539,38.3172715,-88.9031201
5674,TA MADISON TRAVEL CENTER,"I-20, EXIT 114 & US-441",Madison,GA,16,3.89066666,34.1307533,-83.1817407
5677,YESWAY #1178,CR-13,Kadoka,SD,506,3.189,43.8530765,-101.4837458
5691,Pilot Travel Center #666,"I-94, EXIT 30",Benton Harbor,MI,465,3.059,42.1167065,-86.4541894
5700,BEACON & BRIDGE #18,US-131 BUS,Big Rapids,MI,456,3.559,43.7430659,-85.5044179
5700,BEACON & BRIDGE #18,US-131 BUS,Big Rapids,MI,456,3.319,43.7430659,-85.5044179
5700,BEACON & BRIDGE #18,US-131 BUS,Big Rapids,MI,456,3.339,43.7430659,-85.5044179
5718,TOOT N TOTUM #104,US-287,Dalhart,TX,585,3.199,36.0643939,-102.5207946
5721,TA BALTIMORE SOUTH TRAVEL CENTER,"I-95, EXIT 41A & SR-175 & US-1",Jessup,MD,22,4.599,39.1470015,-76.7699177
5729,MENOMONIE FARMERS UNION,"I-94, EXIT 45 & CR-B",Menomonie,WI,295,3.649,44.8765289,-91.9278716
5730,SCOTTS QUICK STOP,SR-53 & SR-46,Marlette,MI,342,3.399,43.3269690,-83.0802200
5739,PILOT TRAVEL CENTERS #284,"I-75, EXIT 18",Monroe                                  ,MI,325,3.399,41.9638879,-83.3538052
5739,PILOT TRAVEL CENTERS #284,"I-75, EXIT 18",Monroe                                  ,MI,325,3.299,41.9638879,-83.3538052
5739,PILOT TRAVEL CENTERS #284,"I-75, EXIT 18",Monroe                                  ,MI,325,3.559,41.9638879,-83.3538052
5739,PILOT TRAVEL CENTERS #284,"I-75, EXIT 18",Monroe                                  ,MI,325,3.249,41.9638879,-83.3538052
5739,PILOT TRAVEL CENTERS #284,"I-75, EXIT 18",Monroe                                  ,MI,325,3.439,41.9638879,-83.3538052
5751,TA LAKE PARK TRAVEL CENTER,"I-75,  EXIT 2",Lake Park,GA,20,3.31566666,30.6828653,-83.1798644
5754,ROAD TRIP OASIS PERRY,"I-69, EXIT 105 & SR-52",Perry,MI,406,3.799,42.8264205,-84.2194127
5754,ROAD TRIP OASIS PERRY,"I-69, EXIT 105 & SR-52",Perry,MI,406,3.699,42.8264205,-84.2194127
5758,SPEEDY Q MARKET #8206,"I-94, EXIT 274",Port Huron                              ,MI,325,3.899,42.9760854,-82.4333742
5770,Kwik Trip # 1281,"I-43, EXIT 107",Belgium                                 ,WI,444,3.25566666,43.4997212,-87.8503670
5771,DUNES AUTO TRUCK PLAZA,"I-94, EXIT 12",Sawyer,MI,465,3.499,41.8853207,-86.5894666
5771,DUNES AUTO TRUCK PLAZA,"I-94, EXIT 12",Sawyer,MI,465,3.599,41.8853207,-86.5894666
5774,PJ TRAVEL PLAZA,"I-80, EXIT 192 & SR-880",Loganton,PA,138,3.479,41.0347015,-77.3066113
5780,BILLS TRUCKSTOP,"I-85, EXIT 86                 ",Linwood                                 ,NC,65,3.449,35.7506938,-80.3178306
5799,STAPLES OIL,"I-90, EXIT 146",Alden,MN,425,3.299,43.6703382,-93.5761961
5801,TA WYTHEVILLE TRAVEL CENTER,"I-81, EXIT 72 & I-77, EXIT 41",Wytheville,VA,185,3.519,36.9479966,-81.0869747
5821,TA PORTLAND TRAVEL CENTER,"I-5,  EXIT 278",Aurora,OR,935,4.03233333,45.2310497,-122.7550350
5823,ENMARKET #863,"I-95, EXIT 8 & SR-88",Hardeeville,SC,195,3.08233333,32.2988210,-80.9343926
5830,115 TRUCKSTOP #5001,"I-94, EXIT 115",Marshall,MI,431,3.429,42.2721367,-84.9642008
5830,115 TRUCKSTOP #5001,"I-94, EXIT 115",Marshall,MI,431,3.499,42.2721367,-84.9642008
5830,115 TRUCKSTOP #5001,"I-94, EXIT 115",Marshall,MI,431,3.589,42.2721367,-84.9642008
5842,PETRO STOPPING CENTER #6367,"I-57,  EXIT 335",Monee,IL,290,3.459,41.4200340,-87.7417115
5842,PETRO STOPPING CENTER #6367,"I-57,  EXIT 335",Monee,IL,290,3.499,41.4200340,-87.7417115
5842,PETRO STOPPING CENTER #6367,"I-57,  EXIT 335",Monee,IL,290,3.399,41.4200340,-87.7417115
5860,SPEEDWAY #4610,"I-35, EXIT 59 & SR-21",Faribault,MN,448,3.759,44.3174021,-93.2946264
5873,SOUTHERN VALLEY COOP,ST 14 BYPASS,Mankato                                 ,MN,425,3.499,44.1634663,-93.9993505
5901,ROTHSAY TRUCK STOP,"I-94, EXIT 38",Rothsay,MN,341,3.209,46.4739548,-96.2808631
5903,Circle K #2746447,I-94/US-52 EXIT 127 & US-71/SR-28,Sauk Centre,MN,250,3.189,45.7374650,-94.9525216
5907,SPEEDWAY #4035,CR-101,Shakopee,MN,448,3.599,44.7854351,-93.4688082
5909,SINCLAIR,"I-90, EXIT 233",Saint Charles,MN,515,3.529,43.9489924,-92.0665384
5927,HARRISONBURG TRAVEL CENTER,"I-81,  EXIT 243 & US-11",Harrisonburg,VA,185,2.899,38.4044995,-78.9114250
5935,WESTHAMPTON VALERO,I-295 EXIT 47A,Mount Holly                             ,NJ,160,3.329,39.9928898,-74.7876624
5942,EXPRESS MART TRUCK STOP,"I-55, EXIT 185 & US-67/US-61",Barnhart,MO,540,2.99733333,38.3397205,-90.4067425
5944,LAKE MILLS TRAVEL PLAZA,"I-94, EXIT 259 & SR- 89/CR-G",Lake Mills,WI,420,3.36066666,43.0798032,-88.9125723
5946,PILOT TRAVEL CENTERS #918,I-90 EXIT 55,Rapid City,SD,506,3.999,44.1126648,-103.2731003
5949,EXXON,US-59 & LOOP 151,Texarkana                               ,TX,723,3.16566666,33.4404071,-94.0877482
5951,ROAD RANGER #157,I-64 EXIT 41,Okawville,IL,540,3.799,38.4362243,-89.5345698
5963,OZONA ONE STOP,"I-10, EXIT 372",Ozona                                   ,TX,710,2.98233333,30.7127575,-101.2118253
5965,TRUCK TOWNE,I-29 EXIT 47 & SR-46,Beresford                               ,SD,572,3.159,43.0806132,-96.7742341
5971,WACO TRAVEL CENTER,SR-19,Perry,FL,20,3.699,30.0865527,-83.5717370
5979,TA LAFAYETTE TRAVEL CENTER,"I-10 & SR-182, EXIT 101",Lafayette,LA,600,3.134,30.2262187,-92.0178202
5980,THRIFT MART TRUCK PLAZA,"I-85/US-460, EXIT 63A & US-1/US-460 BUS",Petersburg,VA,180,3.199,37.2279280,-77.4019268
5990,360 TRUCK STOP,US-360,Amelia Court House,VA,180,3.599,37.3364730,-77.9890972
5996,Fast Stop Travel Centers #1134,"I-80/US-30, EXIT 99 & US-191/SR-373",Rock Springs,WY,827,3.499,41.5860557,-109.2194544
5999,PILOT TRAVEL STOP #492,"I-30, EXIT 78 & SR-7",Arkadelphia,AR,635,3.559,34.1209292,-93.0537840
5999,PILOT TRAVEL CENTER #492,"I-30, EXIT 78 & SR-7",Arkadelphia,AR,635,3.499,34.1209292,-93.0537840
6001,ALLSUPS #2392,US-70 & US-285,Roswell,NM,700,3.199,33.3943282,-104.5229518
6009,CASEYS #2652,US-65 & US-36,Chillicothe,MO,400,3.289,39.7948749,-93.5532779
6010,SEGOVIA TRUCK STOP,"I-10, EXIT 465",Junction,TX,739,2.999,30.4173938,-99.6722989
6018,TA BLOOMINGTON TRAVEL CENTER,"I-55, I-74 & I-39 , EXIT 160",Bloomington,IL,280,3.619,40.4797828,-88.9939147
6018,TA BLOOMINGTON TRAVEL CENTER,"I-55, I-74 & I-39 , EXIT 160",Bloomington,IL,280,3.649,40.4797828,-88.9939147
6018,TA BLOOMINGTON TRAVEL CENTER,"I-55, I-74 & I-39 , EXIT 160",Bloomington,IL,280,3.599,40.4797828,-88.9939147
6018,TA BLOOMINGTON TRAVEL CENTER,"I-55, I-74 & I-39 , EXIT 160",Bloomington,IL,280,3.449,40.4797828,-88.9939147
6018,TA BLOOMINGTON TRAVEL CENTER,"I-55, I-74 & I-39 , EXIT 160",Bloomington,IL,280,3.539,40.4797828,-88.9939147
6033,EMERY'S,US-54,Deerfield,MO,277,3.349,37.8404300,-94.5014324
6037,CRYSTAL OIL,"I-129/US-20/US-75,  EXIT 2",South Sioux City,NE,527,3.549,42.4449000,-96.4146294
6041,COCKERHAM FUEL CENTER #4,"I-77, EXIT 14 & US-58/US-221",Hillsville,VA,185,3.28233333,36.7444089,-80.7744604
6047,FAST LANE #26,US-61,Eolia,MO,494,3.099,39.2358794,-91.0081918
6051,CIRCLE K #2709846,"I-25, EXIT 240",Longmont,CO,800,3.05733333,40.1539937,-105.1313444
6057,PILOT TRAVEL CENTER #903,"I-70/US-40, EXIT 252",Salina,KS,523,3.759,38.8748235,-97.6102915
6057,PILOT TRAVEL CENTERS #903,"I-70/US-40, EXIT 252",Salina,KS,523,3.779,38.8743757,-97.6106035
6058,MOTOR INN AUTO TRUCK STOP,I-75 EXIT 110,Mendon,OH,370,3.199,40.6733810,-84.5188439
6068,AYERCO #24,US-61 & CR MM,Hannibal,MO,494,3.099,39.7052545,-91.3893407
6082,Palmetto Truck Plaza,US-27/SR-25 & SR-826,Hialeah,FL,95,3.399,25.8575963,-80.2781057
6083,BP,"I-35, EXIT 33",Holt                                    ,MO,400,3.049,39.4594651,-94.3237478
6087,BREAK TIME #3173,US-54 & CR-HH,Fulton,MO,310,3.299,38.8467082,-91.9479586
6093,ONE9 #901,"I-80 & US-183, EXIT 257",Elm Creek,NE,330,2.96566666,40.7174179,-99.3732957
6096,Waverly Travel Center,US-23,Waverly                                 ,OH,315,3.41566666,39.1267350,-82.9854553
6097,SAPP BROS TRAVEL CENTER,"I-80, EXIT 263",Elm Creek,NE,330,3.18733333,40.7174179,-99.3732957
6106,TA HUNTINGTON,"I-84, EXIT 353",Huntington,OR,982,3.639,44.2931711,-117.2243272
6111,HAWGS EXXON,US-167/SR-25,Batesville                              ,AR,418,3.359,35.7708144,-91.6531128
6150,CIRCLE K #2723707,"I-81,  EXIT 150",Troutville,VA,65,3.06566666,37.4181901,-79.8747687
6154,TA MOBILE TRAVEL CENTER,"I-10,  EXIT 4",Grand Bay,AL,715,3.13566666,30.4722153,-88.3465463
6164,PILOT TRAVEL CENTER #268,"I-80/US-6, EXIT 284",Walcott,IA,270,3.859,41.6146001,-90.7821305
6164,PILOT TRAVEL CENTERS #268,"I-80/US-6, EXIT 284",Walcott,IA,270,3.88566666,41.5857364,-90.7744597
6165,TEMP STOP #117,I-70 & GRAIN VALLEY RD EXIT 24,Grain Valley,MO,400,2.959,39.0187651,-94.1976452
6167,PILOT TRAVEL CENTERS #167,US-71,Nevada,MO,277,3.49566666,37.8352403,-94.3252971
6172,SPEEDWAY #2319,"I-96, EXIT 77",Portland,MI,431,3.699,42.8615365,-84.8869840
6172,SPEEDWAY #2319,"I-96, EXIT 77",Portland,MI,431,3.549,42.8615365,-84.8869840
6173,PILOT TRAVEL CENTERS #21,"I-94, EXIT 167",Dexter,MI,325,3.659,42.3017250,-83.8772216
6173,PILOT TRAVEL CENTERS #21,"I-94, EXIT 167",Dexter,MI,325,3.599,42.3017250,-83.8772216
6173,PILOT TRAVEL CENTERS #21,"I-94, EXIT 167",Dexter,MI,325,3.579,42.3017250,-83.8772216
6173,PILOT TRAVEL CENTERS #21,"I-94, EXIT 167",Dexter,MI,325,3.649,42.3017250,-83.8772216
6175,ONVO TRAVEL PLAZA - MIFFLINTOWN,US-322/US-22 & SR-35,Mifflintown,PA,138,3.479,40.5697996,-77.3969339
6179,HENDERSON TRAVEL PLAZA,"I-10, EXIT 115 & SR-347",Breaux Bridge                           ,LA,690,3.38566666,30.2735323,-91.8992837
6180,Circle #4703923,"I-24, EXIT 180B & US-27",Chattanooga,TN,285,2.78566666,35.0457219,-85.3094883
6182,Exxon,"I-20, EXIT 205 & SR-46",Heflin,AL,587,3.01566666,33.6489948,-85.5874584
6188,SIGNAL FOOD STORE #112,US-65 & SR-J,Ozark,MO,535,2.999,36.6467816,-92.4575198
6198,DAVIS TRAVEL CENTER #102,"I-95/US-301, EXIT 33 & SR-602",Stony Creek,VA,180,3.06566666,36.9479277,-77.4008113
6200,KWIK FILL #388,"I-80, EXIT 29 & SR-8",Harrisville,PA,165,3.404,41.1973191,-79.9754331
6206,PETRO PORTAGE,"I-90 & I-94, EXIT 108-A",Portage,WI,420,3.80733333,43.4875179,-89.4989515
6212,MR FUEL,"I-55, EXIT 180",Pevely,MO,540,3.01566666,38.2858186,-90.4051919
6214,PIONEER Travel Plaza,"I-41, EXIT 60 & SR-145",Richfield,WI,444,3.21566666,43.2561160,-88.1939819
6215,FUEL HUB,"I-87, EXIT 21B",West Coxsackie,NY,12,3.599,42.3606399,-73.8167921
6218,LOVES TRAVEL STOP #215,"I-40, EXIT 16 & US-40 BUS/US-66",Gallup,NM,580,3.43733333,35.5283506,-108.7439070
6219,SCHATZ CROSSROADS,US-2 /US-52,Minot,ND,452,3.549,48.2325100,-101.2962730
6221,LOVES TRAVEL STOP #214,I-10 EXIT 37,El Paso,TX,640,3.07566666,31.7601164,-106.4870404
6222,QUIKTRIP #236,"I-29/US-71, EXIT 18 & SR-92",Platte City,MO,400,2.999,39.3548921,-94.7662183
6227,MARLOWS FUEL CENTER,"I-20, EXIT 479",Dallas                                  ,TX,630,3.24066666,32.7762719,-96.7968559
6229,FUEL MART #764,"I-70, EXIT 66 & SR- 54",South Vienna                            ,OH,315,3.129,39.9357287,-83.6112745
6232,OASIS TRUCK STOP,"I-44 & SR-133, MM 145",Richland,MO,416,3.324,37.8569838,-92.4043396
6242,TA FORISTELL TRAVEL CENTER,"I-70, EXIT 203",Foristell,MO,540,3.019,38.8150501,-90.9559720
6243,GARDEN INN TRAVEL PLAZA,US-60/US-63,Cabool,MO,535,3.299,37.1239410,-92.1012678
6251,BREAUX BRIDGE VALERO #1408,"I-10 & SR-347, EXIT 115",Breaux Bridge,LA,730,3.499,30.2735323,-91.8992837
6252,PILOT TRAVEL CENTERS #12,I-80 & I-90 EXIT 71,Perrysburg,OH,550,3.759,41.5571178,-83.6279321
6258,CASEYS #6342,"I-29, EXIT 144 & US-169",Saint Joseph,MO,400,3.169,39.7686055,-94.8466322
6271,TA DENTON TRAVEL CENTER,"I-35, EXIT 471 & US-77",Denton,TX,630,3.254,33.1838787,-97.1413417
6275,TA SEATTLE EAST TRAVEL CENTER,"I-90, EXIT 34",North Bend,WA,962,3.959,47.4957757,-121.7848890
6275,TA SEATTLE EAST TRAVEL CENTER,"I-90, EXIT 34",North Bend,WA,962,3.899,47.4957757,-121.7848890
6275,TA SEATTLE EAST TRAVEL CENTER,"I-90, EXIT 34",North Bend,WA,962,3.859,47.4957757,-121.7848890
6284,7-ELEVEN #40513,I-90/80-IN TOLL RD MM 22W,Portage,IN,365,3.999,41.5758708,-87.1761455
6286,APPLE MARKET #526,"I-64, EXIT 94",Winchester,KY,410,2.91566666,37.9900790,-84.1796503
6290,FUEL KING NAPOLEON TRAVEL CENTER,"US-6/US-24/SR/CR-3, EXIT 41",Napoleon,OH,550,3.439,41.3922726,-84.1252243
6293,PETRO STOPPING CENTER #313,"I-40, EXIT 79",Milan,NM,580,3.57066666,35.1810309,-107.9038246
6296,GRAY TRUCK STOP,US-71/US-136,Maryville,MO,400,3.26566666,40.3460468,-94.8723858
6299,HWY 34 TRUCKSTOP,"US-34, EXIT 258",West Burlington                         ,IA,345,3.374,40.8250830,-91.1565496
6305,I-95 Fuel Stop,"I-95, EXIT 126 & US-17/US-1",Fredericksburg,VA,180,3.264,38.2340215,-77.5018919
6307,QUIKTRIP #608,"I-70, MID RIVERS MALL",Saint Peters,MO,540,2.904,38.7904015,-90.5653336
6308,Pilot Travel Centers #354,"I-64, EXIT 28",Simpsonville,KY,415,3.759,38.2102968,-85.3480896
6309,WINNERS CIRCLE #1,"I-30 & US-270, EXIT 98A",Malvern,AR,695,3.35233333,34.3625823,-92.8092694
6310,CIRCLE K #2707515,US-27/SR-25 & US-98/US-700/SR-700/SR-66,Sebring,FL,140,3.389,27.4957453,-81.4410425
6315,AYERCO #25,US-24,Taylor,MO,494,3.01566666,39.9381011,-91.5237663
6318,Chisholm Corner #15,"I-35, EXIT 72 & US-19",Pauls Valley                            ,OK,569,3.38733333,34.7392055,-97.2185090
6326,KANZA TRAVEL PLAZA,"I-35, EXIT 231 AND US-177",Braman,OK,500,3.02733333,36.9400183,-97.3437401
6327,PETRO STOPPING CENTER #312,"I-40 & I-75, EXIT 369",Knoxville,TN,405,3.42566666,35.9603948,-83.9210261
6330,TA EDINBURG TRAVEL CENTER,I-69C/US-281 & FM-2812,Edinburg,TX,639,3.01066666,26.3013982,-98.1624501
6334,231 PLAZA AND TRUCK STOP,US-231/SR-75 & SR-20,Youngstown,FL,20,3.494,30.3643628,-85.4382568
6341,TA RAWLINS TRAVEL CENTER,"I-80, EXIT 214",Rawlins,WY,795,3.72233333,41.7907878,-107.2391760
6346,SPEEDWAY #4710,US-71/SR-60,Windom,MN,425,3.299,45.0075057,-93.2366833
6351,FLYING J TRAVEL PLAZA #608,"I-10, EXIT 1",Ehrenberg,AZ,930,3.959,33.6162270,-114.4789165
6356,CIRCLE K #2721536,ST 6 EAST,Batesville,MS,435,3.24066666,34.3095635,-89.9330970
6370,TA ROCKWALL TRAVEL CENTER,"I-30/US-67, EXIT 68 & SR-205",Rockwall,TX,630,3.13733333,32.8923464,-96.4066987
6374,TA ELGIN WEST TRAVEL CENTER,I-90 &  US-20,Hampshire,IL,290,3.459,42.0978028,-88.5303643
6374,TA ELGIN WEST TRAVEL CENTER,I-90 &  US-20,Hampshire,IL,290,3.539,42.0978028,-88.5303643
6374,TA ELGIN WEST TRAVEL CENTER,I-90 &  US-20,Hampshire,IL,290,3.599,42.0978028,-88.5303643
6374,TA ELGIN WEST TRAVEL CENTER,I-90 &  US-20,Hampshire,IL,290,3.499,42.0978028,-88.5303643
6374,TA ELGIN WEST TRAVEL CENTER,I-90 &  US-20,Hampshire,IL,290,3.469,42.0978028,-88.5303643
6387,FLYING J FRANCHISE #966,"I-80, EXIT 229",Battle Mountain,NV,966,3.79233333,40.6414251,-116.9338287
6391,TOOT N TOTUM #106,US-287,Dumas,TX,585,3.00566666,35.8726946,-101.9735771
6393,PILOT TRAVEL CENTER #478,"I-64, EXIT 92",Leavenworth                             ,IN,415,3.959,38.1997869,-86.3441439
6393,PILOT TRAVEL CENTERS #478,"I-64, EXIT 92",Leavenworth                             ,IN,415,3.959,38.1997869,-86.3441439
6401,CIRCLE K #2723457,"I-10, EXIT 34-B",Gulfport,MS,715,2.989,30.4489977,-89.0760138
6434,AMPRIDE ALL ROUND TRUCK STOP,US-20,Fort Dodge,IA,343,3.299,42.5044017,-94.1910044
6441,GRAND OIL,"I-75, EXIT 41 & SR-80",London                                  ,KY,410,3.499,37.1283343,-84.0835576
6442,CLARK OIL #49,US-84,Laurel,MS,620,2.999,31.6940509,-89.1306124
6448,CIRCLE K #2723392,"I-59, EXIT 97 & US-84",Laurel,MS,620,2.95233333,31.6983435,-89.1160212
6462,ARCO #471770,US-281 & SR-5,Dunseith,ND,452,3.499,48.8130570,-100.0609680
6468,TA SAYRE TRAVEL CENTER,"I-40 & CEMETARY RD, EXIT 26",Sayre,OK,483,3.064,35.2979543,-99.6399648
6480,FLYING J #934,"I-84, EXIT 265",La Grande,OR,982,3.53566666,45.2976994,-118.0441948
6492,FLICKS,US-49,Richland,MS,760,2.999,32.2390366,-90.1584207
6496,SPEEDY EXPRESS #38,"I-35, EXIT 305",Mathis,TX,625,3.199,28.0942916,-97.8274111
6502,SQUAW CREEK TRAVEL PLAZA,"I-29, EXIT 79 & US-159",Forest City,MO,400,3.339,39.9824969,-95.1919204
6517,HARDYS #5,"I-80, EXIT 4   4",Wendover,UT,835,3.499,40.7374014,-114.0304541
6518,TOWN PUMP FOOD STORE #310,"I-15, EXIT 164",Boulder,MT,816,3.559,46.2365950,-112.1208340
6526,TULIP CITY TRUCK STOP,"I-196 & SR-40, EXIT 49",Holland,MI,344,3.739,42.7377137,-86.0662420
6527,ZIP TRIP #50,"I-90, EXIT 426",Park City,MT,780,3.584,45.6327243,-108.9179269
6547,FLYING J TRAVEL PLAZA #762,"I-90, EXIT 126 & SR-59",Gillette,WY,836,3.899,44.2906350,-105.5018760
6562,PILOT #1323,"I-29, EXIT 35                 ",Faucett                                 ,MO,400,3.27233333,39.6011438,-94.7907420
6563,Road Ranger #282,"I-35, EXIT 500",Gainesville,TX,630,3.17566666,33.6697716,-97.1528641
6564,FLYING J FRANCHISE #970,US-395,Pasco                                   ,WA,925,4.599,46.2306739,-119.0921000
6565,TA Greeneville Travel Center,"I-81,  EXIT 36",Greeneville,TN,405,3.55233333,36.1631575,-82.8309861
6567,YELLOWSTONE TRUCK SHOP,"I-90, EXIT 330",Livingston,MT,786,3.649,45.6623873,-110.5615899
6577,AC & T TRAVEL CENTER,"I-81, EXIT 5 W",Hagerstown,MD,70,3.659,39.6430455,-77.7191081
6578,PILOT TRAVEL CENTER #909- TOWN PUMP,"I-15 & US-2, EXIT 363",Shelby                                  ,MT,815,3.63566666,48.5054997,-111.8568720
6588,TOWN PUMP FOOD STORE #4300,"I-90, EXIT 249",Whitehall,MT,786,3.659,45.8707600,-112.0974940
6593,LITTLE AMERICA TRAVEL CENTER,"I-40, EXIT 198",Flagstaff,AZ,930,3.539,35.1912044,-111.6182281
6607,TRANSIT TRUCK STOP,"I-97, EXIT 10",Millersville,MD,22,3.46566666,39.0595542,-76.6480219
6608,7-ELEVEN #35560,SR-16,Charlotte,NC,46,3.999,35.2272086,-80.8430827
6628,FLYING J TRAVEL PLAZA #682,"I-85, EXIT 150",Haw River,NC,65,3.94233333,36.0915260,-79.3641862
6632,TA SAVANNAH TRAVEL CENTER,"I-95/SR-405,  EXIT 87 & US-17/SR-25",Richmond Hill,GA,195,3.35066666,31.9382381,-81.3035515
6633,BAKER TRUCK CORRAL,"I-84, EXIT 304",Baker City,OR,982,3.42566666,44.7810942,-117.8131221
6640,PETRO STOPPING CENTER JOHNSTOWN,"I-25, EXIT 254",Johnstown                               ,CO,800,3.42733333,40.3350303,-104.9092844
6642,TA VERO BEACH TRAVEL CENTER #197,"I-95/SR-9, EXIT 147 & SR-60",Vero Beach,FL,95,3.484,27.6387163,-80.3975399
6646,FAMILY EXPRESS #35 (DISCOUNT AVAILABLE),"I-65, EXIT 215 & SR-114",Rensselaer                              ,IN,365,3.13233333,40.9367045,-87.1508562
6655,BP DBA TA ELKTON TRAVEL CENTER,"I-95,  EXIT 109B",Elkton,MD,150,4.969,39.6065073,-75.8330934
6659,GURNEE TRUCK STOP,US-41,Gurnee                                  ,IL,290,3.289,42.3702996,-87.9020186
6659,GURNEE TRUCK STOP,US-41,Gurnee                                  ,IL,290,3.379,42.3702996,-87.9020186
6661,TA FRANKLIN TRAVEL CENTER,"I-65, EXIT 61",Franklin,TN,460,3.839,35.9252060,-86.8689419
6663,TA of Mocksville,"I-40, EXIT 170 & US-601",Mocksville,NC,46,3.699,35.9253118,-80.5913916
6677,ROADWAY TRAVEL CENTER,"I-29, EXIT 73",Sioux Falls                             ,SD,530,3.199,43.5476008,-96.7293629
6693,SAPP BROS TRAVEL CENTER,US-77,Fremont,NE,486,3.34566666,41.4338363,-96.4960449
6701,JACKS TRUCK STOP,"I-65, EXIT 304 & SR-69",Cullman,AL,615,3.999,34.1335332,-86.8779268
6704,FL Roberts,"I-91, EXIT 24",Whately,MA,100,3.559,42.4399249,-72.6349083
6716,MARATHON,"I-29/US-81, EXIT 65 & I-94 BUS/US-10",Fargo,ND,341,3.449,46.8665035,-96.8611680
6721,STAMART 1222,"I-29, EXIT 64",Fargo,ND,341,3.38566666,46.8900999,-96.8315427
6725,TA EXPRESS GRAND FORKS #948,"I-29, EXIT 141 & US-2",Grand Forks,ND,355,3.539,47.9252104,-97.0306325
6734,TOMAHAWK TRUCK STOP,"I-25, EXIT 128",Fountain,CO,803,3.299,38.6822190,-104.7008056
6736,EAGLEVILLE TRAVEL CENTER,"I-35 & ROUTE N, EXIT 106",Eagleville,MO,320,2.93566666,40.4691664,-93.9871736
6742,Holiday #3810,"I-94/US-52, EXIT 178 & SR-24",Clearwater,MN,453,3.22066666,45.4135548,-94.0563889
6744,FLYING J #550,US-2/US-52,Minot,ND,273,3.93566666,48.2241119,-101.3507008
6745,TIGER TRUCK STOP,"I-10, EXIT 139",Grosse Tete,LA,600,3.059,30.4110276,-91.4337211
6755,PETRO STOPPING CENTER #326,"I-40, EXIT 161 & SR-391",North Little Rock,AR,695,3.20733333,34.7695360,-92.2670941
6760,BETTY BEAVERS TRUCKSTOP,"I-87, EXIT 32",Lewis,NY,12,3.719,43.7344277,-75.4402890
6760,BETTY BEAVERS TRUCKSTOP,"I-87, EXIT 32",Lewis,NY,12,3.619,43.7344277,-75.4402890
6765,CIRCLE C TRAVEL PLAZA,"I-95, EXIT 68 & SR-61",Walterboro,SC,195,3.079,32.9021377,-80.6672631
6806,Onvo Travel Plaza,"I-78/US-22, EXIT 45 & SR-863",Kutztown,PA,90,3.32733333,40.5812506,-75.7071650
6810,TA RICHMOND,"I-95, EXIT 89 & SR-802",Ashland,VA,180,3.60566666,37.7594012,-77.4806603
6811,PUMP & PANTRY #24,US-6/CR-74,Hastings,NE,330,3.399,40.5861322,-98.3898883
6823,PETRO STOPPING CENTER #301,"I-10, EXIT 37",El Paso,TX,640,3.124,31.7601164,-106.4870404
6840,PETRO DEMING,"I-10, EXIT 68",Deming,NM,640,3.38566666,32.2627416,-107.7581979
6842,FLYNNS TRUCK PLAZA,"US-20, EXIT 11 & SR-140",Shrewsbury,MA,175,3.61566666,42.2960187,-71.7135100
6845,NEBRASKALAND TIRE SHOP,"I-80, EXIT 237 & US-283",Lexington,NE,330,2.999,40.7788486,-99.7414869
6850,BROKEN WHEEL TRUCK STOP,"I-25, EXIT 135",Douglas,WY,790,3.759,42.7595708,-105.3826240
6857,TA SPARKS TRAVEL CENTER,"I-80, EXIT 19 & SR-659",Sparks,NV,966,3.899,39.5404679,-119.7487235
6859,PRIME STOP,US-81,Norfolk,NE,470,3.229,42.0283379,-97.4169964
6864,JJS TRUCK STOP,"I-30, EXIT 106",Malvern,AR,695,3.31566666,34.3625823,-92.8092694
6869,TA WHEELING TRAVEL CENTER,"I-70, EXIT 11 & CR-41",Valley Grove,WV,165,3.529,40.0875732,-80.5703508
6883,PILOT TRAVEL CENTERS #517,US- 22 & SR-322,Duncannon,PA,70,4.199,40.3931433,-77.0325751
6885,GO MART FOOD STORE #31,"I-77, EXIT 95 & SR-61",Charleston                              ,WV,44,3.499,38.3505995,-81.6332812
6886,PWI #535,"I-70, EXIT 47",Palisade,CO,800,3.379,39.1102587,-108.3509190
6897,Speedee Mart #2890,US-20 & US-83,Valentine,NE,475,3.329,42.8746752,-100.5506158
6901,PRIME STOP,US-275,Wisner,NE,470,3.259,41.9914879,-96.9233253
6915,FLITE LINE SUNOCO,"I-95, EXIT 3",Portsmouth,NH,34,3.69566666,43.0702223,-70.7548621
6927,TORCH 85 TRUCK PLAZA,"I-85, EXIT 42",Tuskegee,AL,720,3.27233333,32.4240535,-85.6908715
6944,CROSSROADS TRUCK STOP,"I-82, EXIT 1 & US-730",Umatilla,OR,982,3.239,45.9179173,-119.3244350
6948,PILOT #4563,"I-8I, EXIT 77",Harrisburg,PA,70,3.869,40.3516409,-76.7164320
6951,ARROWHEAD TRAVEL PLAZA,"I-84, EXIT 216 & SR 331,",Pendleton,OR,982,3.259,45.6427781,-118.6822617
6954,BOLLA MARKET #198,SR-17MAHWA,Mahwah,NJ,115,3.58566666,41.0960663,-74.1579431
6960,FLYING J TRAVEL PLAZA #761,"I-80 & US-189, EXIT 3",Evanston,WY,835,3.699,41.2682462,-110.9637580
6961,LITTLE AMERICA,"I-80, EXIT 358 & I-25, EXIT 9 & US-30",Cheyenne,WY,795,3.709,41.1192286,-104.8577103
6962,LITTLE AMERICA TRAVEL CENTER,"I-80, EXIT 68 & SR-374",Little America,WY,835,3.52566666,41.5592105,-109.8393902
6963,Atlantis Fresh Market #553,"I-84, EXIT 1",Montague,NJ,120,3.509,41.3031498,-74.7934993
6968,R STORE #4513,US-41,Fond Du Lac,WI,360,3.299,43.7533414,-88.4493796
6970,TA Twin City East Travel Center,I-94  EXIT 4 & US-12,Hudson,WI,450,3.54733333,44.9750953,-92.7554671
6971,KWIK TRIP #1013,"I-41, EXIT 57 & SR-167",Richfield,WI,444,3.39066666,43.2515412,-88.1847311
6975,TRUCKERS INN STOP,"I-90/I-94, EXIT 132 & US-51",De Forest,WI,420,3.199,45.1366302,-92.2596325
6976,MOASIS TRUCK CENTER,US-41,Little Chute,WI,444,3.199,44.2799872,-88.3184394
6980,TA MADISON TRAVEL CENTER,"I-90/I-94/I-39, EXIT 132 & US-51",De Forest,WI,420,3.839,45.1366302,-92.2596325
6981,Kwik Trip #1197,"US-151, EXIT 26",Belmont,WI,335,3.564,42.7384162,-90.3341659
6984,TA HURRICANE TRAVEL CENTER,"I-64, EXIT 39 & SR-34",Hurricane,WV,255,3.63233333,38.4325896,-82.0201368
6986,LOVES TRAVEL STOP #448,"I-5, EXIT 136B, SR-509",Tacoma,WA,977,4.589,47.2455013,-122.4383290
6986,LOVES TRAVEL STOPS #448,"I-5, EXIT 136B, SR-509",Tacoma,WA,977,4.589,47.2455013,-122.4383290
6987,One9 #965,"I-90, EXIT 109 & US-97",Ellensburg                              ,WA,977,3.859,46.9970635,-120.5451220
6987,One9 #965,"I-90, EXIT 109 & US-97",Ellensburg                              ,WA,977,3.839,46.9970635,-120.5451220
6987,One9 #965,"I-90, EXIT 109 & US-97",Ellensburg                              ,WA,977,3.899,46.9970635,-120.5451220
6992,FLYING J #1169,"I-5, EXIT 99",Tumwater,WA,977,4.599,46.9511802,-122.9406921
6994,FLYING J FRANCHISE #967,"I-90, EXIT 286",Spokane,WA,970,4.059,47.6571934,-117.4235100
6994,FLYING J FRANCHISE #967,"I-90, EXIT 286",Spokane,WA,970,3.999,47.6571934,-117.4235100
6994,FLYING J FRANCHISE #967,"I-90, EXIT 286",Spokane,WA,970,4.029,47.6571934,-117.4235100
6994,FLYING J FRANCHISE #967,"I-90, EXIT 286",Spokane,WA,970,4.159,47.6571934,-117.4235100
6994,FLYING J FRANCHISE #967,"I-90, EXIT 286",Spokane,WA,970,3.929,47.6571934,-117.4235100
6999,SIMMONS TRAVEL CENTER,"I-85, EXIT 4 & SR-93/SR-903",Bracey,VA,180,3.099,36.5996463,-78.1508589
7003,TA ASHLAND TRAVEL CENTER,"I-95, EXIT 92 & SR-54",Ashland,VA,180,3.64233333,37.7594012,-77.4806603
7004,FRANKS TRUCKING CENTER,"I-264, EXIT 13B",Chesapeake,VA,130,3.449,36.7168315,-76.2494453
7005,PETRO STOPPING CENTER,"I-81 & I-64, EXIT 205",Raphine,VA,185,3.659,37.9373548,-79.2328102
7007,KUM & GO #0201,"I-80, EXIT 242",Coralville,IA,380,3.294,41.6813057,-91.5666624
7013,ERNIES TRUCK PLAZA,"I-15, EXIT 112",Beaver,UT,910,3.399,38.3335694,-113.2754828
7016,TA SALT LAKE CITY TRAVEL CENTER,"I-80, EXIT 99",Tooele,UT,835,3.769,40.4062872,-113.1966394
7018,FLYING J TRAVEL PLAZA #746,"I-15 & I-80 SR 201, EXIT 305",Salt Lake City,UT,835,3.73233333,40.7596198,-111.8867970
7023,TA AMARILLO WEST TRAVEL CENTER,"I-40, EXIT 74",Amarillo,TX,585,3.279,35.2072900,-101.8371192
7037,SAMS TRUCK STOP,"I-10, EXIT 138",Van Horn,TX,640,3.999,31.0347213,-104.8565327
7045,BUBBLE CITY TRUCK STOP,US-64,Farmington,NM,614,3.70566666,36.7188167,-108.1680310
7051,PILOT #887,US-84 & US-180,Snyder,TX,575,3.24566666,32.7052212,-100.8656327
7056,TA SWEETWATER TRAVEL CENTER,"I-20, EXIT 242",Sweetwater,TX,575,3.15233333,32.4709519,-100.4059380
7058,YESWAY #1125,"I-27, EXIT 1C",Lubbock,TX,700,2.969,33.5518335,-101.8348922
7059,TA BIG SPRING TRAVEL CENTER,"I-20, EXIT 177 & US-87",Big Spring,TX,612,3.699,32.2503980,-101.4787356
7064,SPEEDWAY #9804,"I-10, EXIT 25",El Paso,TX,640,3.41566666,31.5183929,-106.1322567
7066,REFUEL #328,"I-35,  EXIT 204",San Marcos,TX,595,2.999,29.8826436,-97.9405828
7072,TA ANTIOCH TRAVEL CENTER,"I-24, EXIT 62",Antioch,TN,460,3.50566666,36.0600602,-86.6722192
7077,THE TENNESSEAN TRUCKSTOP,"I-65, EXIT 22 & US-31 ALT/SR-11",Cornersville,TN,460,3.799,35.3614649,-86.8397237
7078,TA DENMARK TRAVEL CENTER,"I-40 & SR-138, EXIT 68",Denmark,TN,435,3.539,35.5328546,-89.0039520
7080,ONE9 #1422,"I-40, EXIT 197",Moriarty,NM,580,3.11566666,34.9972037,-106.0494876
7082,Chevron,"I-65, EXIT 6",Ardmore,TN,460,3.599,35.0110761,-86.8775269
7084,Holiday StationStore #2746500,US-12 & US-281,Aberdeen,SD,248,3.114,45.4649805,-98.4878130
7087,PILOT #599,"I-90, EXIT 192 & I-90 BUS/US-83",Murdo,SD,506,3.799,43.8857845,-100.7048573
7088,FLYING J FRANCHISE #931,"I-90, EXIT 61",Rapid City,SD,506,3.15733333,44.0806041,-103.2280230
7092,LOVES TRAVEL STOP #445,I-90 EXIT 399 & SR 115,Sioux Falls,SD,530,3.889,43.5476008,-96.7293629
7095,TA MANNING TRAVEL CENTER,"I-95, EXIT 119",Manning,SC,135,3.51733333,33.6952318,-80.2107811
7106,PILOT DEALER #1163,"I-80, EXIT 42",Emlenton,PA,165,4.03566666,41.1806616,-79.7096141
7112,TA HARRISBURG TRAVEL CENTER,"I-81, EXIT 77 & SR-39",Harrisburg,PA,70,3.81566666,40.2663107,-76.8861122
7116,TA MILESBURG TRAVEL CENTER,"I-80, EXIT 158",Milesburg,PA,14,4.049,40.9417272,-77.7850022
7121,TA BLOOMSBURG TRAVEL CENTER,"I-80, EXIT 232",Bloomsburg,PA,138,3.95733333,41.0044958,-76.4537302
7126,SAPP BROS TRAVEL CENTER,"I-80, EXIT 120",Clearfield,PA,14,3.899,40.9908706,-78.4457422
7128,FLYING J #518,"I-78, EXIT 10 (PA 645)",Myerstown,PA,208,3.869,40.3752942,-76.3034556
7129,TA BROOKVILLE TRAVEL CENTER,"I-80 EXIT 78, & SR-36",Brookville,PA,14,4.029,41.1604348,-79.0794702
7131,TA BREEZEWOOD TRAVEL CENTER,"I-76 & US30, EXIT 161",Breezewood,PA,14,4.299,39.9990119,-78.2404221
7132,Terrible Herbst dba/One9 #1395,"I-15, EXIT 12",Jean,NV,910,3.459,35.7790078,-115.3243140
7135,PETRO STOPPING CENTER #336,"I-81, EXIT 52 & I-76, EXIT 226",Carlisle,PA,70,4.149,40.2014990,-77.1890783
7136,TA LAMAR TRAVEL CENTER,"I-80, EXIT 173 & SR-64",Lamar,PA,14,4.03566666,41.0161767,-77.5311034
7137,TA BARKEYVILLE TRAVEL CENTER,"I-80, EXIT 29 & SR-8",Harrisville,PA,165,4.044,41.1367335,-80.0092442
7147,JUBITZ TRAVEL PLAZA,"I-5, EXIT 307",Portland,OR,935,3.859,45.5202471,-122.6741940
7148,TA TROUTDALE TRAVEL CENTER,"I-84, EXIT 17",Troutdale,OR,935,3.93233333,45.5392862,-122.3873133
7154,TA OKLAHOMA CITY WEST TRAVEL CENTER,"I-40, EXIT 140",Oklahoma City,OK,483,3.30233333,35.4729886,-97.5170536
7156,TA OKLAHOMA CITY EAST TRAVEL CENTER,"I-40, EXIT 142",Oklahoma City,OK,483,3.30066666,35.4729886,-97.5170536
7166,TA London Travel Center,"I-70 & US-42, EXIT 79",London,OH,315,3.49233333,39.8864493,-83.4482530
7169,TA YOUNGSTOWN TRAVEL CENTER,"I-80 & SR 46, EXIT 223",Youngstown,OH,573,3.444,41.1035786,-80.6520161
7170,TRUCK WORLD TRUCKSTOP,"I-80, EXIT 234",Hubbard,OH,573,3.259,41.1564262,-80.5688876
7172,TA TOLEDO EAST TRAVEL CENTER,"I-80 & I-280, EXIT 71",Perrysburg,OH,550,3.78066666,41.5571178,-83.6279321
7173,SPEEDWAY #9954,"SR-17, EXIT 66",Apalachin,NY,32,3.999,42.0595447,-76.1414075
7173,SPEEDWAY #9954,"SR-17, EXIT 66",Apalachin,NY,32,4.099,42.0595447,-76.1414075
7176,TA DAYTON TRAVEL CENTER,"I-70,  EXIT 10 & US-127",Eaton,OH,317,3.40066666,39.7439398,-84.6364891
7179,JIMS TRUCK PLAZA,"I-90, EXIT 52E",Buffalo                                 ,NY,38,3.799,42.8867166,-78.8783922
7179,JIMS TRUCK PLAZA,"I-90, EXIT 52E",Buffalo                                 ,NY,38,3.659,42.8867166,-78.8783922
7180,TA HebronTravel Center,"I-70, EXIT 126 & SR-37",Hebron,OH,315,3.38233333,39.9617305,-82.4912676
7183,TA KINGSVILLE TRAVEL CENTER,"I-90, EXIT 235 & SR-193",Kingsville,OH,305,3.88233333,41.8907740,-80.6766179
7184,TA JEFFERSONVILLE EAST TRAVEL CENTER,"I-71, EXIT 65 & SR-435 & US-35",Jeffersonville,OH,315,3.32733333,39.6536719,-83.5638094
7189,S and R Truck Plaza,"I-94, EXIT 260",Jamestown,ND,390,3.58566666,46.9105440,-98.7084360
7190,Tower Travel Center,"I-94, EXIT 307",Tower City,ND,341,3.51566666,46.9227550,-97.6739890
7196,SALUDA TRUCK PLAZA,"I-26, EXIT 28",Saluda                                  ,NC,210,3.099,35.2452796,-82.3299573
7197,7-ELEVEN #35115,"I-90, EXIT 42",Phelps,NY,190,4.049,42.9510527,-76.9762473
7197,7-ELEVEN #35115,"I-90, EXIT 42",Phelps,NY,190,4.019,42.9510527,-76.9762473
7198,LOVES TRAVEL STOP #507,"I-85, EXIT 71",Salisbury,NC,46,3.51066666,35.6709727,-80.4742261
7212,ONVO TRAVEL PLAZA,"I-90 & RTE 22, EXIT B-3",Canaan,NY,12,3.439,42.4118426,-73.4496088
7212,ONVO TRAVEL PLAZA,"I-90 & RTE 22, EXIT B-3",Canaan,NY,12,3.399,42.4118426,-73.4496088
7213,SENECA ONE STOP,"I-90, EXIT 58",Irving                                  ,NY,38,2.899,42.5675589,-79.1128169
7213,SENECA ONE STOP,"I-90, EXIT 58",Irving                                  ,NY,38,2.999,42.5675589,-79.1128169
7215,TA FULTONVILLE TRAVEL CENTER,"I-90, EXIT 28",Fultonville,NY,12,4.039,42.9478357,-74.3699085
7216,ONVO TRAVEL PLAZA - LOUNSBERRY,"SR-17, EXIT 63",Nichols,NY,220,3.399,42.0217121,-76.3668922
7216,ONVO TRAVEL PLAZA - LOUNSBERRY,"SR-17, EXIT 63",Nichols,NY,220,3.439,42.0217121,-76.3668922
7220,CUMBERLAND FARMS #001662,US-9W/SR-32,Glenmont,NY,12,3.799,42.6208786,-73.7767761
7220,CUMBERLAND FARMS #001662,US-9W/SR-32,Glenmont,NY,12,3.749,42.6208786,-73.7767761
7222,TA SANTA ROSA TRAVEL CENTER,"I-40/US-54, EXIT 277 & US-84",Santa Rosa,NM,580,3.45233333,34.9386700,-104.6824890
7225,LOVES TRAVEL STOP #329,US-60,Clovis,NM,593,4.089,34.4054720,-103.2050709
7226,TA LAS CRUCES TRAVEL CENTER,"I-10, EXIT 139",Las Cruces,NM,640,3.14066666,32.3140354,-106.7798070
7227,NATIONAL TRUCK STOP,"I-10, VADO EXIT 155",Vado                                    ,NM,640,2.999,32.1117649,-106.6624950
7228,MAVERIK COUNTRY STORE #638,"I-40, EXIT 159D & I-25/US-85, EXIT 227",Albuquerque,NM,580,3.20733333,35.0841034,-106.6509850
7229,TA GALLUP TRAVEL CENTER,"I-40, EXIT 16 & HWY 66",Gallup,NM,580,3.43233333,35.5283506,-108.7439070
7230,DEMING TRUCK STOP,"I-10, EXIT 81",Deming,NM,640,2.899,32.2627416,-107.7581979
7231,TA ALBUQUERQUE TRAVEL CENTER,"I-25, EXIT 227 OR 225",Albuquerque,NM,580,3.58733333,35.0841034,-106.6509850
7234,TA BLOOMSBURY TRAVEL CENTER,"I-78/US-22, EXIT 7 & SR-173",Bloomsbury,NJ,115,3.79066666,40.6539892,-75.0865619
7237,TA COLUMBIA TRAVEL CENTER,"I-80, EXIT 4 & SR-94",Columbia,NJ,115,4.099,40.9257935,-75.0941913
7239,TA PAULSBORO TRAVELCENTER,"I-295, EXIT 18A",Paulsboro,NJ,150,3.999,39.8303910,-75.2404608
7240,Pilot Travel Centers #190,"I-78, EXIT 12 & US-22",Hampton                                 ,NJ,105,3.809,40.7070446,-74.9560032
7244,TA LAS VEGAS TRAVEL CENTER,"I-15, EXIT 33",Las Vegas,NV,910,3.73566666,36.1716970,-115.1463536
7248,WILD WILD WEST TRAVEL PLAZA,"I-15, EXIT 37",Las Vegas,NV,910,3.76733333,36.1716970,-115.1463536
7263,FLYING J #904,"I-80, EXIT 107",Big Springs,NE,475,3.48233333,41.0521895,-102.0705214
7264,TA GRAND ISLAND WEST TRAVEL CENTER,"I-80, EXIT 305",Alda,NE,330,3.169,40.8701915,-98.4674217
7265,Fast Stop Travel Centers #1151,"I-80, EXIT 164 & CR-56C",Hershey,NE,475,3.499,41.1586455,-101.0023673
7267,TA OGALLALA TRAVEL CENTER,"I-80, EXIT 126",Ogallala,NE,475,3.46566666,41.1248328,-101.7189583
7268,SAPP BROS TRAVEL CENTER,"I-80, EXIT 440 & SR-50, EXIT 440",Omaha,NE,486,3.28066666,41.2587459,-95.9383758
7269,GRAND ISLAND TRAVEL CENTER,"I-80, EXIT 312 & US-281/US-34",Grand Island,NE,330,3.26566666,40.9242710,-98.3386850
7282,ALLTOWN FRESH,"I-87, EXIT 17N & US-9",Fort Edward,NY,12,3.759,43.2672060,-73.5847090
7282,ALLTOWN FRESH,"I-87, EXIT 17N & US-9",Fort Edward,NY,12,3.779,43.2672060,-73.5847090
7284,MURALTS TRUCK PLAZA,"I-90, EXIT 96 & US-93/SR-200",Missoula,MT,820,3.609,46.8701049,-113.9952670
7285,SENECA ONE STOP,"SR-17, EXIT 20",Salamanca                               ,NY,38,3.309,42.1588858,-78.7450407
7286,TA MISSOULA,"I-90, EXIT 96 & US-93",Missoula,MT,820,3.699,46.9480725,-114.1287557
7288,TA LAUREL,"I-90, EXIT 437",Laurel,MT,780,3.61233333,45.6691159,-108.7715320
7289,TA STRAFFORD,"I-44, EXIT 88 & SR-125",Strafford,MO,535,3.36566666,37.2749321,-93.1153308
7291,TA OAK GROVE TRAVEL CENTER,"I-70, EXIT 28",Oak Grove,MO,400,3.22233333,39.0048397,-94.1291914
7293,TA Matthews Travel Center,"I-55, EXIT 58 & SR-80",Matthews,MO,574,3.20566666,36.7592218,-89.5867458
7299,GASPERS - FAST LANE,"I-70, EXIT 148 & US-54",Kingdom City,MO,392,2.959,38.9427219,-91.9417153
7300,B AND D AUTO TRUCK PLAZA,"I-44, EXIT 127",Lebanon,MO,416,3.099,37.6806669,-92.6637835
7310,AAA HOSPITALITY,"I-55, EXIT 220",Tillatoba,MS,435,2.784,33.9850880,-89.8960337
7312,208 FUEL PLAZA,"I-70, EXIT 208",Belmont,OH,430,3.419,40.0057737,-81.0097516
7314,TA MERIDIAN TRAVEL CENTER,"I-20 & I-59, EXIT 160",Meridian,MS,705,2.91233333,32.3643098,-88.7036560
7323,TRUCKERS INN,"I-94/US-52, EXIT 127 & US-71",Sauk Centre,MN,453,3.22566666,45.7374650,-94.9525216
7326,PETRO STOP #398,"I-35 & I-90, EXIT 11",Albert Lea,MN,515,4.099,43.6480127,-93.3682656
7327,TA TEKONSHA,"I-69,EXIT 25 & SR-60",Tekonsha,MI,385,3.599,42.1068882,-84.9890984
7327,TA TEKONSHA,"I-69,EXIT 25 & SR-60",Tekonsha,MI,385,3.699,42.1068882,-84.9890984
7327,TA TEKONSHA,"I-69,EXIT 25 & SR-60",Tekonsha,MI,385,3.589,42.1068882,-84.9890984
7331,SPEEDWAY #9266,US-52 & SR-234,Ironton,OH,255,3.699,38.4995247,-82.6518010
7332,FLYING J #895,"I-75, EXIT 32A",Trenton,MI,325,3.559,42.1406552,-83.1800544
7332,FLYING J #895,"I-75, EXIT 32A",Trenton,MI,325,3.299,42.1406552,-83.1800544
7332,FLYING J #895,"I-75, EXIT 32A",Trenton,MI,325,3.249,42.1406552,-83.1800544
7332,FLYING J #895,"I-75, EXIT 32A",Trenton,MI,325,3.349,42.1406552,-83.1800544
7332,FLYING J #895,"I-75, EXIT 32A",Trenton,MI,325,3.439,42.1406552,-83.1800544
7335,TA SAWYER TRAVEL CENTER,"I-94, EXIT 12",Sawyer,MI,465,3.699,41.8853207,-86.5894666
7335,TA SAWYER TRAVEL CENTER,"I-94, EXIT 12",Sawyer,MI,465,3.689,41.8853207,-86.5894666
7337,TA BATTLE CREEK,"I-94, EXIT 104",Battle Creek,MI,385,4.039,42.3129899,-85.1959793
7337,TA BATTLE CREEK,"I-94, EXIT 104",Battle Creek,MI,385,3.999,42.3129899,-85.1959793
7337,TA BATTLE CREEK,"I-94, EXIT 104",Battle Creek,MI,385,3.979,42.3129899,-85.1959793
7337,TA BATTLE CREEK,"I-94, EXIT 104",Battle Creek,MI,385,3.989,42.3129899,-85.1959793
7341,INTERSTATE TRAVEL PLAZA,"I-495, EXIT 14A & US-1",Wrentham,MA,175,3.699,42.0667652,-71.3281114
7344,BEST QUICK STOP,US-1,Peabody,MA,178,3.61566666,42.5349141,-70.9892894
7353,DYSARTS SERVICE,"I-95, EXIT 44",Bangor,ME,26,3.799,44.8016255,-68.7713289
7354,CIRCLE K #4707065,"I-95, EXIT 2",Kittery,ME,125,3.899,43.0994811,-70.7478912
7357,TA SLIDELL TRAVEL CENTER,"I-10, EXIT 266 & US-190",Slidell,LA,725,3.154,30.2751945,-89.7811745
7360,KINGS TRUCK STOP,ST 103,Port Barre                              ,LA,600,3.189,30.5601953,-91.9540055
7364,Petro Stopping Center,"I-80, EXIT 226",Girard,OH,573,3.45233333,41.1540381,-80.7009406
7370,TA SMITHS GROVE,"I-65, EXIT 38 & SR-101",Smiths Grove,KY,415,3.43233333,37.0449190,-86.2118413
7371,One9 #392,"I-65, EXIT 81 & SR-84",Sonora,KY,415,3.19566666,37.5230667,-85.8823205
7372,TA WALTON #28,"I-75/I-71, EXIT 175 & SR-338",Walton,KY,300,3.00233333,38.8756194,-84.6102213
7379,KEYSTOP TRAVEL CENTER,"I-65, EXIT 2 & US-31W",Franklin,KY,460,2.899,38.2520423,-84.8633812
7382,TA FLORENCE TRAVEL CENTER,"I-75, EXIT 181",Florence,KY,300,3.07066666,38.9989499,-84.6266111
7385,WAKEENEY 24 7 STORE #3,"I-70/US-40, EXIT 127 & US-283",Wakeeney,KS,525,3.09066666,39.0250080,-99.8795660
7387,TA Oakley,"I-70, EXIT 76 & US-40/US-83",Oakley,KS,525,3.649,39.1179005,-100.8107440
7389,GO MART FOOD STORE #58,"I-77, EXIT 1 & SR-7",Marietta,OH,430,3.799,39.4167742,-81.4548392
7396,7-ELEVEN #36180,US-20/SR-18,Monroeville,OH,550,3.614,41.2479730,-82.6993654
7398,FLYING J #913,"I-80, EXIT 142 & US-65",Altoona                                 ,IA,320,3.35566666,41.6601742,-93.4997823
7398,FLYING J TRAVEL PLAZA #913,"I-80, EXIT 142 & US-65",Altoona                                 ,IA,320,3.34233333,41.6437308,-93.4696031
7403,FUEL MART #714,"I-75, EXIT 168",North Baltimore                         ,OH,550,3.11233333,41.1828302,-83.6782668
7406,PILOT TRAVEL CENTER #594,"I-29, EXIT 143",Sioux City,IA,527,3.60566666,42.4359269,-96.3725319
7406,PILOT #594,"I-29, EXIT 143",Sioux City,IA,527,3.699,42.4355593,-96.3733811
7407,TA IOWA 80 TRAVEL PLAZA,"I-80, EXIT 284",Walcott,IA,270,3.90233333,41.5857364,-90.7744597
7408,FRIENDSHIP FOOD MART #99,US-224 & SR-61/SR-598,Willard,OH,249,3.63233333,41.0531134,-82.7262958
7410,PILOT TRAVEL CENTERS #373,"I-35 & I-80, EXIT 126",Urbandale                               ,IA,320,3.35566666,41.6302114,-93.7794308
7410,PILOT TRAVEL CENTER #373,"I-35 & I-80, EXIT 126",Urbandale                               ,IA,320,3.34233333,41.6309629,-93.7802170
7412,PETRO STOPPING CENTER #374,"I-69, EXIT 245 & SR-28",Gaston,IN,457,3.53566666,40.3139311,-85.5005278
7416,GOOD TO GO #40,"I-65, EXIT 215 & SR-114",Rensselaer,IN,290,3.20066666,40.9367045,-87.1508562
7417,SKY CITGO,US-30 & SR-23,Grovertown,IN,365,3.499,41.3750434,-86.5047339
7418,JJS TRAVEL PLAZA,US-31 & US-24,Peru,IN,370,3.444,40.7537253,-86.0690325
7421,MIDLAND #1901,"I-70, EXIT 137 AT MILE 137",Cambridge City,IN,375,3.43233333,39.8129285,-85.1708971
7425,Petro Brazil,"I-70,  EXIT 23",Brazil,IN,375,3.989,39.4445762,-87.1277589
7429,TA CLAYTON,"I-70, EXIT 59 & SR-39",Clayton,IN,375,3.939,39.6892129,-86.5224984
7435,PETRO STOPPING CENTER #375,"I-65, EXIT 201 & US-231/US-24",Remington,IN,365,3.699,40.7608729,-87.1508522
7436,TA WHITESTOWN,"I-65/US-52, EXIT 130",Whitestown,IN,375,3.57066666,39.9972626,-86.3458296
7437,PETRO STOPPING CENTER #379,"I-74,  EXIT 143",Greensburg,IN,375,3.999,39.3372722,-85.4835810
7457,TA EFFINGHAM TRAVEL CENTER,"I-57 & I-70, EXIT 160",Effingham,IL,574,3.349,39.0520902,-88.6029006
7457,TA EFFINGHAM TRAVEL CENTER,"I-57 & I-70, EXIT 160",Effingham,IL,574,3.399,39.0520902,-88.6029006
7457,TA EFFINGHAM TRAVEL CENTER,"I-57 & I-70, EXIT 160",Effingham,IL,574,3.439,39.0520902,-88.6029006
7457,TA EFFINGHAM TRAVEL CENTER,"I-57 & I-70, EXIT 160",Effingham,IL,574,3.549,39.0520902,-88.6029006
7459,TA Morris Travel Center,"I-80, EXIT 112 & SR-47",Morris,IL,290,3.849,41.3574135,-88.4215234
7466,PILOT #595,"I-57, EXIT 54B & SR-13",Marion,IL,540,3.759,37.7402773,-88.9644483
7466,PILOT TRAVEL CENTER #595,"I-57, EXIT 54B & SR-13",Marion,IL,540,3.759,37.7402773,-88.9644483
7469,PILOT TRAVEL CENTERS #313,"I-70/I-55, EXIT 4 & SR-203",East Saint Louis,IL,540,3.439,38.6268666,-90.1597070
7469,PILOT TRAVEL CENTER #313,"I-70/I-55, EXIT 4 & SR-203",East Saint Louis,IL,540,3.699,38.6504988,-90.1311948
7469,PILOT TRAVEL CENTER #313,"I-70/I-55, EXIT 4 & SR-203",East Saint Louis,IL,540,3.579,38.6504988,-90.1311948
7469,PILOT TRAVEL CENTER #313,"I-70/I-55, EXIT 4 & SR-203",East Saint Louis,IL,540,3.379,38.6504988,-90.1311948
7471,ROAD RANGER #185,"I-55, EXIT 145 & US-136",Mc Lean,IL,280,3.349,41.9181843,-87.7184126
7471,ROAD RANGER #185,"I-55, EXIT 145 & US-136",Mc Lean,IL,280,3.449,41.9181843,-87.7184126
7482,TA BOISE TRAVEL CENTER,"I-84, EXIT 54",Boise,ID,785,3.77066666,43.6166163,-116.2008860
7492,Mobil dba One9 #1365,"I-85, EXIT 70",Cusseta,AL,720,2.999,32.7848521,-85.3057779
7492,One9 #1365,"I-85, EXIT 70",Cusseta,AL,720,2.999,32.7848521,-85.3057779
7495,RACETRAC #2574,"I-75, EXIT 237, SR-331 & US-41",Forest Park,GA,18,3.109,33.6206525,-84.3836665
7504,TEXACO,"I-75, EXIT 306 & SR-140",Adairsville,GA,193,3.10566666,34.3683267,-84.9349057
7506,CHAPMANS TRUCK STOP,"I-85 & SR-219, EXIT 13",Lagrange,GA,50,3.91566666,33.0392910,-85.0313269
7523,EXPRESS STOP FOOD STORE #4644,"I-75, EXIT 181",Pinconning,MI,260,3.639,43.8536330,-83.9649870
7533,TA WILDWOOD TRAVEL CENTER,"I-75, EXIT 329 & SR-44",Wildwood,FL,225,3.214,28.8652860,-82.0394286
7534,TA BALDWIN TRAVEL CENTER,"I-10, EXIT 343 & US-301",Jacksonville,FL,75,3.899,30.3321838,-81.6556510
7535,GIANT #198,"I-4/SR-400, EXIT 7 & US-301/SR-41",Tampa,FL,225,3.25733333,27.9451616,-82.5074214
7543,TA NEW HAVEN TRAVEL CENTER,"I-95, EXIT 56",Branford,CT,100,5.069,41.2795414,-72.8150989
7545,CITGO,"I-95, EXIT 40",Milford,CT,100,3.399,41.2298300,-73.0473990
7546,SHELL DBA PILOT DEALER #882,"I-95, EXIT 93 & SR-216",North Stonington,CT,73,4.299,41.4411845,-71.8812698
7546,PILOT TRAVEL CENTERS #882,"I-95, EXIT 93 & SR-216",North Stonington,CT,73,4.299,41.4411845,-71.8812698
7551,PWI #525,"I-70, EXIT 295",Watkins,CO,800,3.139,39.7443406,-104.6031986
7552,TA DENVER WEST TRAVEL CENTER,"I-70, EXIT 266",Wheat Ridge,CO,800,3.41566666,39.7660980,-105.0772063
7553,BRUSH TRAVEL PLAZA,"I-76, EXIT 90B & SR-71",Brush,CO,800,3.699,40.2584914,-103.6234730
7574,108 FOOD AND FUEL,"I-40, EXIT 108 & US-66/US-281 BUS",Calumet,OK,483,3.13566666,35.6008883,-98.1188072
7611,LOVES TRAVEL STOP #167,"I-44, EXIT 83",Chickasha                               ,OK,483,3.16566666,35.0512159,-97.9370036
7615,HOPI TRAVEL PLAZA CONOCO DBA ONE9 #1270,"I-40, EXIT 292",Holbrook,AZ,930,3.139,34.9037105,-110.1593261
7615,HOPI TRAVEL PLAZA,"I-40, EXIT 292",Holbrook,AZ,930,3.219,34.9037105,-110.1593261
7617,TUCSON TRUCK TERMINAL,"I-10, EXIT 268",Tucson,AZ,980,3.22233333,32.2228765,-110.9748470
7622,COPAN TRUCK STOP,US-75,Copan                                   ,OK,307,3.119,36.8975794,-95.9260927
7624,WILLCOX TRUCK PLAZA,"I-10, EXIT 340",Willcox,AZ,980,3.34066666,32.2529138,-109.8315759
7625,LOVES TRAVEL STOP #248,"I-40, EXIT 71",Clinton,OK,483,3.17233333,35.5156056,-98.9673069
7627,DAVIS TRADING POST,"I-35, EXIT 55",Davis                                   ,OK,569,2.979,34.5034796,-97.1188924
7629,ARNOLDS TRUCK STOP,US-72/SR-20/SR-157 & CR-59,Tuscumbia                               ,AL,615,3.169,34.7312005,-87.7025300
7635,TA MONTGOMERY TRAVEL CENTER,"I-65, EXIT 168 & US-80/US-82/SR-6/SR-8",Montgomery,AL,720,3.25233333,32.3774200,-86.3091683
7636,PILOT TRAVEL CENTER #76,"I-20 & I-59, EXIT 76",Tuscaloosa,AL,615,2.999,33.2095614,-87.5675258
7636,PILOT TRAVEL CENTERS #76,"I-20 & I-59, EXIT 76",Tuscaloosa,AL,615,3.099,33.2095614,-87.5675258
7655,LOVES TRAVEL STOP #253,I-40 EXIT 7 & SR 30,Erick,OK,483,3.20566666,35.2127090,-99.8690567
7705,FLYING J TRAVEL PLAZA #610,"I-40, EXIT 53",Kingman,AZ,910,3.88233333,35.1895921,-114.0532996
7708,PILOT TRAVEL CENTER #352,"I-75, EXIT 139",Fort Myers                              ,FL,225,3.799,26.6406280,-81.8723084
7708,PILOT TRAVEL CENTERS #352,"I-75, EXIT 139",Fort Myers                              ,FL,225,3.799,26.6406280,-81.8723084
7715,LONDON AUTO TRUCK CENTER,"I-75, EXIT 41 & SR-80",London,KY,405,3.399,37.1283343,-84.0835576
7718,MR FUEL #717,"I-44, EXIT 251",Villa Ridge,MO,540,3.01566666,38.4755861,-90.8514459
7719,FLYING J TRAVEL PLAZA #674,"I-70, EXIT 188",Warrenton,MO,540,3.11566666,38.8107510,-91.1502680
7721,TRAIL STAR TRUCK STOP,"ST 16, EXIT 213",Glendive,MT,807,3.459,47.1052900,-104.7124600
7722,SAPP BROS TRAVEL CENTER,"I-80, EXIT 353 & US-81",York,NE,330,3.324,40.8716170,-97.6001401
7724,FUEL MART #767,US-6 & US-23,Bradner,OH,550,3.40733333,41.3242192,-83.4385387
7725,BELL STORES #48,US-30 & SR-94,Dalton,OH,249,3.38566666,40.7991618,-81.6953867
7733,FLYING J TRAVEL PLAZA #723,"I-40, EXIT 76",Amarillo,TX,585,3.26566666,35.2072900,-101.8371192
7746,PILOT TRAVEL CENTER #888,"I-27, EXIT 74",Tulia,TX,585,3.34066666,34.5390629,-101.7677810
7753,LOVES TRAVEL STOP #166,SR-351,Muskogee,OK,560,3.33733333,35.6630196,-95.3927706
7767,FLYING J TRAVEL PLAZA #759,"I-25, EXIT 7",Cheyenne,WY,795,3.709,41.0988693,-104.8539225
7768,BIG D #30,"I-25/US-87, EXIT 9 & I-80, EXIT 359C & I-80 BUS/US-30",Cheyenne,WY,795,3.204,41.1399810,-104.8202460
7792,FLYING J TRAVEL PLAZA #630,"I-75/SR-401, EXIT 201 & SR-36",Jackson,GA,67,3.384,34.1282559,-83.5753386
7798,CIRCLE K #2745100,"I-95, EXIT 7",Woodbine,GA,75,3.23233333,30.8489726,-81.6685250
7825,PILOT TRAVEL CENTERS #356,"I-65, EXIT 121",Shepherdsville,KY,415,3.609,37.9885936,-85.7158246
7838,PILOT #581,"US-52/SR-55, & 117TH ST, MM300",Inver Grove Heights,MN,515,3.579,44.7808203,-93.0332362
7871,STRIPES 7FLEET #42454,"US-60, US-70 & US-84",Texico,NM,700,3.829,34.3928788,-103.0477330
7873,One9 #387,"I-80, EXIT 280 & SR- 278",Carlin                                  ,NV,835,3.439,40.7197315,-116.1057457
7886,PETRO STOPPING CENTER #357,"I-70, EXIT 156B & US-40",New Paris,OH,317,3.48733333,39.8569934,-84.7932918
7930,I 24 TRUCK PLAZA,"I-24, EXIT 114 & US-41",Manchester,TN,460,3.099,35.4563191,-86.0453596
7946,PILOT TRAVEL CENTERS #289,"I-90/I-39, EXIT 158 & I-43/SR-81, EXIT 1",Beloit                                  ,WI,520,3.799,42.5266735,-88.9795383
7959,SPF #45,"I-25/US-87, EXIT 7 & US-212",Cheyenne,WY,795,3.22566666,41.1399810,-104.8202460
8840,LOVES TRAVEL STOP #211,"I-35, EXIT 120",Oklahoma City,OK,483,3.25566666,35.4729886,-97.5170536
8895,PAULS VALLEY TRAVEL CENTER,"I-35, EXIT 72  & SR-19",Pauls Valley,OK,569,2.999,34.7392055,-97.2185090
8927,LOVES TRAVEL STOP #219,"I-40, EXIT 200",Seminole,OK,560,3.36233333,35.1705939,-96.6263487
8936,CIRCLE K #107,US-220 & CR-902,Ridgeway,VA,65,3.399,36.5768047,-79.8583721
8948,PARK N PUMP CIRCLE C,"I-15, EXIT 222",Nephi,UT,835,3.449,39.7102336,-111.8363210
8961,FLYING J TRAVEL PLAZA #736,"I-20, EXIT 42 & US-285",Pecos,TX,710,3.46566666,31.4007459,-103.4863450
8977,LOVES TRAVEL STOP #168,"I-44, EXIT 20",Walters                                 ,OK,253,3.194,34.3598075,-98.3078258
8987,LOVES TRAVEL STOP #255,"I-40, EXIT 287 & SR-100",Webbers Falls,OK,645,3.789,35.5109296,-95.1299597
9160,PILOT TRAVEL CENTERS #912,"I-80, EXIT 300 & SR-40D",Wood River,NE,330,3.28233333,40.8210540,-98.6006210
9161,TREXLER PLAZA TRUCK STOP,I-78/US-22,Allentown,PA,160,3.63233333,40.6022059,-75.4712794
9206,CIRCLE K #4707005,US-2 & SR-4,Farmington,ME,170,3.899,44.6641501,-70.1489915
9216,309 TRUCK STOP,SR-309,Coopersburg                             ,PA,90,3.759,40.5114600,-75.3903376
9241,7-ELEVEN #40286,"I-76,  EXIT 23/312",Elverson,PA,160,3.889,40.1567641,-75.8327088
9280,ONVO TRAVEL PLAZA - LAKEWOOD,"I-84, EXIT 20 & SR-507",Greentown,PA,200,3.54566666,41.3217550,-75.3054585
9289,ONVO EXPRESS,"I-81, EXIT 217 & SR-547",Harford,PA,200,3.609,41.7823007,-75.7015766
9340,LANCASTER TRAVEL PLAZA,US-30,Ronks,PA,208,3.899,40.0262104,-76.1685660
9354,BFS FOODS TRUCK PLAZA,"I-79, EXIT 1",Mount Morris,PA,165,4.499,39.7330025,-80.0685773
9365,FLYING J TRAVEL PLAZA #713,"I-95, EXIT 181",Latta,SC,63,3.349,34.3371047,-79.4311616
9381,SCOTT FUEL TRAVEL PLAZA,"I-81, EXIT 199",Dalton                                  ,PA,200,3.599,41.5342441,-75.7360253
9382,PILOT TRAVEL CENTERS #286,"I-70, EXIT 10 & SR-127",Eaton,OH,317,3.46233333,39.7439398,-84.6364891
9383,PILOT TRAVEL CENTERS #285,"I-70, EXIT 126 & SR-37",Hebron,OH,315,3.44566666,39.9617305,-82.4912676
9386,PETRO STOPPING CENTER #325,"I-75,  EXIT 167",North Baltimore,OH,550,3.27066666,41.1828302,-83.6782668
9403,PILOT TRAVEL CENTERS #280,"I-78, EXIT 7 & SR-173",Bloomsbury                              ,NJ,105,3.809,40.6592126,-75.0728833
9415,7-ELEVEN #40287,"I-76, EXIT 24A/326",Wayne,PA,160,3.889,41.6264414,-75.3045103
9423,PETRO STOPPING CENTER #318,"I-70, EXIT 148",Kingdom City,MO,540,3.05733333,38.9427219,-91.9417153
9449,CORNER PANTRY #127,"I-26, EXIT 115 & US-321",West Columbia,SC,135,3.41233333,33.9918690,-81.0640341
9451,TA BETO JUNCTION TRAVEL CENTER,"I-35, EXIT 155 & US-75",Lebo,KS,336,3.23066666,38.4166818,-95.8530441
9467,TA PORTER TRAVEL CENTERS,"I-94, EXIT 22B & US-20",Chesterton,IN,365,3.849,41.6107243,-87.0522661
9468,TA LAKE STATION,"I-80 & I-94, EXIT 15B",Lake Station,IN,365,3.849,41.5902554,-87.2385239
9469,TA EXPRESS COWPENS #477,"I-85, EXIT 83 & SR-110",Cowpens,SC,210,3.399,35.0167918,-81.8039916
9485,PILOT TRAVEL CENTER #4559,"I-20, EXIT 26",Villa Rica,GA,18,3.389,33.7211540,-84.9034388
9485,PILOT #4559,"I-20, EXIT 26",Villa Rica,GA,18,3.449,33.7211540,-84.9034388
9513,CIRCLE K #2705350,"I-20, EXIT 5 & US-25",North Augusta,SC,135,3.159,33.5089918,-81.9715736
9525,SCOTCHMAN #3891,"I-77, EXIT 65 & SR-9",Richburg,SC,46,3.109,34.7163940,-81.0189337
9528,GO MART FOOD STORE #43,"I-64, EXIT 39 & SR-34",Teays,WV,44,3.499,38.4417571,-81.9529125
9542,SPINX #266,"I-26, EXIT 104",Columbia,SC,135,3.13233333,33.9715099,-80.9498697
9550,Mauston Interstate BP,"I-90/I-94, EXIT 69 & SR-82",Mauston,WI,420,3.22733333,43.7968543,-90.0756767
9553,LYNDON STATION BP,I-90 & 94 EXIT 79,Lyndon Station,WI,420,3.177,43.7117126,-89.9004665
9554,BIG D OIL #2,US-85 & US-34,Belle Fourche                           ,SD,506,3.22733333,44.6731329,-103.8517342
9614,DITTYS,"I-90, EXIT 284 & SR-45",Kimball,SD,455,3.089,43.7466650,-98.9584260
9618,FLYING J #477,US-75,Anna,TX,630,3.239,33.3450599,-96.5889991
9638,PILOT TRAVEL CENTERS #62,"I-95, EXIT 170 & SR-327",Florence,SC,46,3.349,34.1984435,-79.7671658
9668,COFFEE CUP FUEL STOP #4,"I-90, EXIT 310 & SR-281",Plankinton                              ,SD,455,3.02733333,43.7144610,-98.4850050
9675,FLYING J TRAVEL PLAZA #722,"I-75 & I-40, EXIT 369",Knoxville,TN,405,3.439,35.9603948,-83.9210261
9699,SPEEDWAY #9400,US-30/US-62 & SR-297,Canton,OH,249,3.369,40.7813125,-81.4199636
9703,PILOT TRAVEL CENTERS #2,"I-90, EXIT 223 & SR-45",Austinburg                              ,OH,305,3.859,41.7720075,-80.8546999
9712,TA GREENSBORO TRAVEL CENTER,"I-40 & I-85, EXIT 138 & SR-61",Whitsett,NC,65,3.99733333,36.0712466,-79.5644686
9713,TA Express Vermillion #275,"I-29, EXIT 26 & SR-50",Burbank,SD,572,3.099,42.7461200,-96.8335344
9717,COFFEE CUP FUEL STOP #8,"I-90, EXIT 212 & SR-83",Vivian                                  ,SD,455,3.09733333,43.9269510,-100.3020925
9724,One9 #1339,"I-81,  EXIT 34",Parish,NY,190,3.799,43.4061810,-76.1257580
9746,TA MILL CITY TRAVEL CENTER,"I-80, EXIT 151",Imlay,NV,966,3.794,40.6594711,-118.1490150
9747,GOOD TO GO TRAVEL CENTER,"I-80, EXIT 353 & US-81",York,NE,350,3.31733333,40.8716170,-97.6001401
9763,DELUXE TRUCK STOP,SR-759,Saint Joseph,MO,400,3.149,39.7686055,-94.8466322
9783,KANGAROO CROSSING #1101,"I-55, EXIT 144",Pickens                                 ,MS,705,3.099,32.8837433,-89.9714731
9803,TA KNOXVILLE WEST TRAVEL CENTER,"I-40 & I-75, EXIT 369",Knoxville,TN,405,3.42566666,35.9603948,-83.9210261
9808,TA ANN ARBOR TRAVEL CENTER,"I-94, EXIT 167",Dexter,MI,325,3.699,42.3372998,-83.8842000
9808,TA ANN ARBOR TRAVEL CENTER,"I-94, EXIT 167",Dexter,MI,325,3.499,42.3372998,-83.8842000
9808,TA ANN ARBOR TRAVEL CENTER,"I-94, EXIT 167",Dexter,MI,325,3.649,42.3372998,-83.8842000
9808,TA ANN ARBOR TRAVEL CENTER,"I-94, EXIT 167",Dexter,MI,325,3.629,42.3372998,-83.8842000
9812,LEES FOOD MART #1398,"I-40, EXIT 398",Knoxville,TN,405,3.299,35.9603948,-83.9210261
9818,CIRCLE K #4707002,"I-95, EXIT 157",Newport,ME,170,3.899,44.8368619,-69.2875004
9821,PILOT TRAVEL CENTERS #52,"I-24, EXIT 64",La Vergne                               ,TN,460,3.47233333,35.9977553,-86.5951770
9842,Petes #03,US-59 & US-54,Moran,KS,336,3.26566666,37.9161474,-95.1702546
9843,MAPLE HILL TRUCK STOP,"I-70, EXIT 341",Maple Hill,KS,553,3.05233333,39.0847220,-96.0280470
9851,KWIK STOP #86,US-151/US-52/US-61,Dubuque                                 ,IA,335,3.489,42.5006243,-90.6647985
9855,PILOT TRAVEL CENTER #37,"I-65, EXIT 95",Whiteland,IN,375,3.959,39.5527117,-86.0463653
9855,PILOT TRAVEL CENTERS #37,"I-65, EXIT 95",Whiteland,IN,375,3.959,39.5500485,-86.0797079
9860,PARADISE AUTO TRUCK PLAZA,US-31,Rochester,IN,370,3.40566666,41.0648846,-86.2159959
9862,PILOT TRAVEL CENTER #271,"I-80, EXIT 6",Gary,IN,365,3.829,41.5725799,-87.4018777
9862,PILOT TRAVEL CENTERS #271,"I-80, EXIT 6",Gary,IN,365,3.799,41.5732208,-87.4020344
9887,7-ELEVEN #40354,"I-95, EXIT 173",Palm Bay,FL,140,3.21566666,28.0356428,-80.6142415
9941,FLYING J TRAVEL PLAZA #609,"I-10, EXIT 208-A",Eloy,AZ,930,3.45233333,32.7551703,-111.5534930
9945,CIRCLE K #2706690,"I-85/US-29, EXIT 62 & US-280/US-431/SR-38/SR-1",Opelika,AL,50,2.999,32.6440732,-85.3489186
9959,FLYING J #876,"I-95, EXIT 104",Ruther Glen,VA,180,3.619,37.9333612,-77.4737299
9962,STRIPES #40673,"I-45, EXIT 179",Mcallen,TX,639,3.289,26.2376310,-98.2154785
9971,TA DANSVILLE TRAVEL CENTER,"I-390 & COMMERCE, EXIT 5",Dansville,NY,190,4.499,42.5611258,-77.6961817
9973,BOLLA MARKET,"I-287, EXIT 66",Mahwah,NJ,115,3.53233333,41.1002441,-74.1657326
9990,JIMS  BEST STOP,US-45 & US-64,Selmer,TN,435,3.174,35.1700744,-88.5923645
9995,LOVES TRAVEL STOP #411,"I-35 & I-80, EXIT 125 & US-6",Clive,IA,320,3.34066666,41.6096559,-93.7754644
9997,Circle K #2723687,"I-20, EXIT 11 & US-27/SR-1",Bremen,GA,193,3.08733333,33.7208676,-85.1456929
10006,FLINT HILLS FUEL MART,US-50 & US-77,Florence,KS,336,3.499,38.2444619,-96.9280787
10007,CIRCLE K #2705346,SR-307,Savannah,GA,195,3.03233333,32.0481834,-81.1645600
10014,Sudden Service #6604,"I-40, EXIT 212",Nashville,TN,460,3.399,36.1691328,-86.5998892
10015,Loves Travel Stop #429,"I-65 & I-24, EXIT 87",Nashville,TN,460,3.46233333,36.1622767,-86.7742984
10020,Maplefields,"US-4, EXIT 2 & SR-22A",Fair Haven,VT,39,3.599,43.6033026,-73.2750335
10024,MILLERS TRAVEL CENTER,US-6 & US-50,Wellington,UT,835,3.659,39.5424659,-110.7354340
10028,GOOD TO GO #10,US-35,Winamac,IN,290,3.914,41.0514299,-86.6030648
10030,LOVES TRAVEL STOP #715,I-77 EXIT 58 & SR-666 & US-52,Bastian,VA,185,3.59733333,37.1551240,-81.1512098
10033,SHELL,"I-95, EXIT 133 & US-17 BUS",Fredericksburg,VA,180,3.25566666,38.2965169,-77.4980903
10047,TOWN PUMP FOOD STORE #8929,"I-15, EXIT 339",Conrad                                  ,MT,815,3.599,48.1702510,-111.9430190
10053,BECKS #27,"I-39/US-51, EXIT 72 & US-34",Mendota,IL,270,3.269,41.5472547,-89.1175852
10057,Flying J Travel Plaza #649,"I-465, EXIT 4",Indianapolis,IN,375,3.899,39.7683331,-86.1583502
10057,Flying J TravelPlaza #649,"I-465, EXIT 4",Indianapolis,IN,375,3.899,39.7683331,-86.1583502
10058,CITGO,US-431/SR-1 & SR-27,Abbeville                               ,AL,10,3.399,31.5499637,-85.2856786
10065,ROAD MART,US-71/US-59,Ashdown,AR,723,3.299,33.6734400,-94.1299625
10077,FLYING J TRAVEL PLAZA #607,"I-55, EXIT 4 & I-40, EXIT 280",West Memphis,AR,435,3.15066666,35.1464797,-90.1845388
10085,EL CENTRO TRAVEL CENTER,"I-8, EXIT 115 & SR-86",El Centro                               ,CA,900,4.499,32.7920000,-115.5630510
10101,PILOT TRAVEL CENTERS #65,"I-20, EXIT 194",Augusta                                 ,GA,135,3.859,33.4709714,-81.9748429
10101,PILOT TRAVEL CENTER #65,"I-20, EXIT 194",Augusta                                 ,GA,135,3.859,33.4709714,-81.9748429
10104,GEO H GREEN OIL,"I-85/SR-403, EXIT 41 & US-27 ALT",Newnan,GA,18,3.199,33.4153258,-84.7523792
10109,GIT N GO CONVENIENCE STORE #34,"US-30, EXIT 185 & SR-14",Marshalltown,IA,320,3.119,42.0488810,-92.9122672
10110,JACKSON'S FOODS DBA ONE9 #1427,"I-84, EXIT 36",Nampa,ID,785,3.37066666,43.5737361,-116.5596310
10116,Petro Stopping Center #359,"I-39/US-51, EXIT 99 & SR-38",Rochelle,IL,520,3.759,41.9239178,-89.0687074
10122,LOVES TRAVEL STOP #417,"I-80 & I-94, EXIT 9A",Gary,IN,365,3.809,41.5637460,-87.3368691
10126,PILOT TRAVEL CENTERS #152,"I-65, EXIT 16 & MEMPHIS RD",Memphis,IN,415,3.959,38.4833963,-85.7616319
10126,PILOT TRAVEL CENTER #152,"I-65, EXIT 16 & MEMPHIS RD",Memphis,IN,415,3.959,38.4927017,-85.7726726
10128,PETES #20,US-54/SR-7 & US-69,Fort Scott,KS,307,3.199,37.8399791,-94.7082882
10135,YESWAY #1116,"I-35, EXIT 60",Mcpherson,KS,434,3.259,38.3659015,-97.6575171
10142,PILOT TRAVEL CENTERS #438,"I-65, EXIT 6 & SR-100",Franklin,KY,415,3.169,38.2520423,-84.8633812
10144,PILOT TRAVEL CENTERS #358,"I-24 & US-305, EXIT 3",Paducah,KY,490,3.699,37.0833893,-88.6000478
10146,PILOT TRAVEL CENTERS #437,"I-75, EXIT 11 & SR-92",Williamsburg,KY,410,3.609,36.7223575,-84.1683036
10150,PILOT TRAVEL CENTERS #300,"I-12, EXIT 40",Hammond,LA,725,3.23233333,30.5043583,-90.4611995
10154,I 49 TRUCK STOP,"I-49, EXIT 23 & US-167",Opelousas                               ,LA,600,3.199,30.5335302,-92.0815090
10157,J AND  H OIL,"US-131, EXIT 72",Byron Center,MI,344,3.599,42.8192943,-85.7279185
10157,J AND  H OIL,"US-131, EXIT 72",Byron Center,MI,344,3.499,42.8192943,-85.7279185
10161,SPEEDWAY #8740,"I-69, EXIT 87",Dewitt,MI,342,3.759,42.8253215,-84.5418893
10161,SPEEDWAY #8740,"I-69, EXIT 87",Dewitt,MI,342,3.599,42.8253215,-84.5418893
10168,Express Stop,"I-94, EXIT 145",Jackson                                 ,MI,385,3.589,42.2392880,-84.3541284
10172,EXPRESS STOP FOOD STORE #4647,"I-75, EXIT 151 & SR- 81",Saginaw,MI,260,3.399,43.4200387,-83.9490365
10181,QUIKTRIP #611,I-55 EXIT 178,Herculaneum,MO,540,2.99066666,38.2683879,-90.3801201
10184,CIRCLE K #2721544,"I-55, EXIT 243 & US-278/SR-6",Batesville,MS,435,3.309,34.3095635,-89.9330970
10192,INTERSTATE STATION #8,"I-55, EXIT 78                 ",Natchez                                 ,MS,760,3.399,31.5604076,-91.4031710
20000,BIG BOYS TRUCK STOP,"I-95, EXIT 105",Kenly,NC,205,3.299,35.5959363,-78.1240031
20003,PILOT #7976,"I-77, EXIT 42",Troutman,NC,46,3.659,35.7005832,-80.8882314
20006,CENEX C STORE,US-52,Kenmare,ND,452,3.46733333,48.6747480,-102.0826640
20009,BIG SPRINGS TRUCK AND TRAVEL,"I-80, EXIT 107",Big Springs,NE,475,3.074,41.0613810,-102.0743490
20011,CUBBYS #111,US-81,Norfolk,NE,470,3.209,42.0283379,-97.4169964
20012,FLYING J TRAVEL PLAZA #686,"I-80, EXIT 432",Gretna,NE,319,3.28233333,41.0917838,-96.2547306
20014,SIMONS EXIT 16,"I-89, EXIT 16",Enfield                                 ,NH,39,3.499,43.6446871,-72.1435861
20019,SUNOCO,"I-295, EXIT 2C & SR-140",Penns Grove,NJ,150,3.459,39.7295581,-75.4679734
20024,LOVES TRAVEL STOP #259,"I-10 & AIRPORT RD, EXIT 132",Las Cruces,NM,640,3.214,32.3140354,-106.7798070
20027,LOVES TRAVEL STOP #262,"I-40, EXIT 333",Tucumcari,NM,585,3.889,35.1719425,-103.7250400
20028,MORTONS TRUCK STOP,"I-15, EXIT 46",North Las Vegas,NV,910,3.399,36.2005843,-115.1215840
20031,FLYING J TRAVEL PLAZA #770,"I-80, EXIT 176",Winnemucca                              ,NV,966,3.77733333,40.9724295,-117.7348020
20033,LOVES TRAVEL STOP #772,"I-86 & SR-17, EXIT 37",Bath,NY,190,4.489,42.3370164,-77.3177577
20036,SMOKIN JOES,I-90 EXIT 24,Sanborn                                 ,NY,38,3.699,43.1437383,-78.8750629
20042,FLYING J TRAVEL PLAZA #700,I-80 & I-90 EXIT 71,Perrysburg,OH,550,3.759,41.5571178,-83.6279321
20043,FRIENDSHIP FOOD MART #70,SR-2 & SR-53,Port Clinton,OH,550,3.939,41.5119954,-82.9376919
20045,PILOT TRAVEL CENTERS #281,"I-80, EXIT 226",Girard,OH,573,3.45233333,41.1540381,-80.7009406
20049,LOVES TRAVEL STOP #263,"I-44, EXIT 45 & SR-49",Lawton,OK,569,3.21733333,34.6086854,-98.3903305
20050,LOVES TRAVEL STOP #260,"I-35, EXIT 106 & SR-9 W",Norman,OK,483,3.254,35.2225717,-97.4394816
20054,Jacksons Food Stores,"I-84, EXIT 261",La Grande,OR,925,3.687,45.3246068,-118.0878695
20062,PILOT TRAVEL CENTERS #298,"I-80, EXIT 256 & SR-93",Drums,PA,200,3.97566666,41.0181390,-75.9949252
20066,KWIK FILL #228,"I-90, EXIT 45 & US-20",North East,PA,240,4.089,42.2320282,-79.7821973
20070,ONVO TRAVEL PLAZA - PROMISED LAND,"I-84, EXIT 26 & SR-390",Tafton,PA,200,3.54566666,41.4045340,-75.1829535
20072,PILOT TRAVEL CENTERS #310,"I-85, EXIT 63 & SR-290",Duncan,SC,210,3.43233333,34.9153368,-82.1080929
20079,PETRO KINGSTON SPRINGS #349,"I-40, EXIT 188",Kingston Springs,TN,460,3.23233333,36.0827125,-87.0949831
20082,GOLDEN EXPRESS TRUCK STOP,US-287/US-81 & CR-1595,Alvord,TX,637,3.049,33.3541879,-97.6944884
20083,FLYING J TRAVEL PLAZA #724,"I-10, EXIT 0",Anthony                                 ,TX,640,3.459,31.9956534,-106.5968170
20086,LOVES TRAVEL STOP #609,"I-35, EXIT 471 & US-77",Denton,TX,630,3.24733333,33.1838787,-97.1413417
20105,CEFCO #1050,"I-30, EXIT 146 & US-37",Mount Vernon,TX,723,2.94233333,33.1602780,-95.2327704
20108,TEX-BEST #501,"I-37, EXIT 125",Elmendorf                               ,TX,740,2.949,29.2654044,-98.3051524
20109,PILOT TRAVEL CENTERS #306,"I-10, EXIT 582",San Antonio                             ,TX,740,3.214,29.2192540,-98.4151231
20114,CROSSROADS,"I-10, EXIT 829 & SR-124",Winnie                                  ,TX,610,4.249,29.8202205,-94.3840777
20118,KWIK TRIP #648,"I-94, EXIT 116 & SR-54",Black River Falls,WI,395,3.23733333,44.2936900,-90.8305277
20119,FREMONT CITGO,US-10 & SR-110,Fremont,WI,444,3.399,44.2719890,-88.8505115
20121,GO MART FOOD STORE #50,"I-77/I-64, EXIT 44 & SR-3",Beckley,WV,44,3.599,37.7781702,-81.1881557
20129,FLYING J #848- ROAD KING TRUCK,"HIGHWAY 2, EXIT 251",Calgary,AB,50,4.39722401,31.6174004,-94.1193622
20129,FLYING J #848- ROAD KING TRUCK,"HIGHWAY 2, EXIT 251",Calgary,AB,50,4.39948962,31.6174004,-94.1193622
20129,FLYING J #848- ROAD KING TRUCK,"HIGHWAY 2, EXIT 251",Calgary,AB,50,4.40695023,31.6174004,-94.1193622
20129,FLYING J #848- ROAD KING TRUCK,"HIGHWAY 2, EXIT 251",Calgary,AB,50,4.39625375,31.6174004,-94.1193622
20129,FLYING J #848- ROAD KING TRUCK,"HIGHWAY 2, EXIT 251",Calgary,AB,50,4.40630048,31.6174004,-94.1193622
20129,FLYING J #848- ROAD KING TRUCK,"HIGHWAY 2, EXIT 251",Calgary,AB,50,4.3981947,31.6174004,-94.1193622
44228,I-69 TRUCKSTOP TRAVEL CENTER,"I-69, EXIT 184 & SR-19",Memphis,MI,342,3.599,42.8964179,-82.7688135
44228,I-69 TRUCKSTOP TRAVEL CENTER,"I-69, EXIT 184 & SR-19",Memphis,MI,342,3.499,42.8964179,-82.7688135
44228,I-69 TRUCKSTOP TRAVEL CENTER,"I-69, EXIT 184 & SR-19",Memphis,MI,342,3.549,42.8964179,-82.7688135
52040,REBEL TRUCK STOP,"I-5, EXIT 27",Kalama,WA,935,4.499,46.0085225,-122.8424700
52048,PILOT TRAVEL CENTERS #302,"I-10, EXIT 13 & CR-30",Theodore,AL,715,3.199,30.5595299,-88.2056362
52048,PILOT TRAVEL CENTER #302,"I-10, EXIT 13 & CR-30",Theodore,AL,715,3.159,30.5593276,-88.2053264
52052,EXPRESSWAY MOBIL,US-63 & US-167,El Dorado,AR,635,3.599,33.2115087,-92.6650144
52065,76 DBA ONE9 #1415,"I-75, EXIT 49",Lake Panasoffkee,FL,225,3.17233333,28.7852030,-82.1325817
52067,PETRO STOPPING CENTER #322,"I-285, EXIT 12",Atlanta,GA,18,3.44566666,33.7544657,-84.3898151
52070,FRIENDLY EXPRESS #31,US-1 & US-301,Folkston,GA,75,3.099,30.8305818,-82.0097846
52081,MCCLURE OIL #9,US-31 & SR-18,Kokomo,IN,375,3.839,40.4864444,-86.1336351
52085,RUSSELL 24/7,"I-70, EXIT 184",Russell,KS,357,3.00733333,38.8952890,-98.8598060
52088,CASEYS #4459,"I-64, EXIT 265",Mayfield,KY,490,3.249,36.7413624,-88.6352595
52089,SHELL,US-84 & SR-28,Jonesville,LA,719,3.399,31.6261420,-91.8135871
52090,SHOP A LOTT #10,"I-49, EXIT 138 & SR-6",Natchitoches                            ,LA,766,3.12566666,31.7258732,-93.1622740
52099,BEACON & BRIDGE #7,"I-75, EXIT 126",Mount Morris,MI,342,3.379,43.1185611,-83.7606829
52103,SPRINT MART #27,US-45 & US-72,Corinth,MS,435,3.05566666,34.9343599,-88.5223353
52104,BLUE SKY #734,SR-1,Saltillo                                ,MS,435,3.08233333,34.3765897,-88.6844613
52106,FLYING J TRAVEL PLAZA #923 -TOWN PUMP,"I-90, EXIT 455",Billings                                ,MT,780,3.58066666,45.7874957,-108.4960700
52107,PILOT #7983,"I-85,  EXIT 71",Salisbury,NC,46,3.499,35.6709727,-80.4742261
52112,SROKAS SERVICE CENTER,SR-149,Fort Ann,NY,12,3.799,43.4143073,-73.4879808
52112,SROKAS SERVICE CENTER,SR-149,Fort Ann,NY,12,3.899,43.4143073,-73.4879808
52112,SROKAS SERVICE CENTER,SR-149,Fort Ann,NY,12,3.999,43.4143073,-73.4879808
52128,Sudden Service #8087,I-40 EXIT 238,Lebanon,TN,460,3.199,36.2079779,-86.2910945
52140,Sinclair,"I-82, EXIT 69",Sunnyside,WA,925,4.599,46.3246419,-120.0081898
52142,PILOT TRAVEL CENTERS #296,"I-94 & BAKER RD, EXIT 167",Dexter,MI,325,3.499,42.2961552,-83.8789755
52142,PILOT TRAVEL CENTERS #296,"I-94 & BAKER RD, EXIT 167",Dexter,MI,325,3.659,42.2961552,-83.8789755
52142,PILOT TRAVEL CENTERS #296,"I-94 & BAKER RD, EXIT 167",Dexter,MI,325,3.579,42.2961552,-83.8789755
52142,PILOT TRAVEL CENTERS #296,"I-94 & BAKER RD, EXIT 167",Dexter,MI,325,3.649,42.2961552,-83.8789755
52143,One9 #319,"I-75, EXIT 328",Dalton,GA,285,3.01566666,34.7691867,-84.9702475
52145,Pilot Travel Center #318,"I-465/I-74/US-52/US-40/SR-67, EXIT 4 & SR-37",Indianapolis,IN,375,3.899,39.6976579,-86.1848683
52145,Pilot Travel Centers#318,"I-465/I-74/US-52/US-40/SR-67, EXIT 4 & SR-37",Indianapolis,IN,375,3.899,39.7683331,-86.1583502
52146,FLYING J TRAVEL PLAZA #758,"I-25, EXIT 185 & SR-258",Casper,WY,790,3.999,42.8501191,-106.3251380
52149,PILOT TRAVEL CENTERS #321,"I-75/71, EXIT 175 & SR-338",Walton,KY,300,3.08566666,38.8756194,-84.6102213
52150,PILOT TRAVEL CENTERS #311,"I-90, EXIT 27 & SR-97",Erie,PA,240,4.21566666,42.1294712,-80.0852695
52152,PILOT TRAVEL CENTERS #308,"I-80 , EXIT 310",Laramie,WY,795,3.609,41.1365662,-104.7063786
52153,PILOT TRAVEL CENTER #1412,"I-94 & RUSSELL RD, EXIT 1",Wadsworth,IL,444,3.769,42.4286788,-87.9067248
52153,PILOT #1412,"I-94 & RUSSELL RD, EXIT 1",Wadsworth,IL,444,3.829,42.4286788,-87.9067248
52153,PILOT #1412,"I-94 & RUSSELL RD, EXIT 1",Wadsworth,IL,444,3.769,42.4286788,-87.9067248
52155,TA SOUTHINGTON TRAVEL CENTER,"I-84, EXIT 28 & US-65",Milldale,CT,100,5.199,41.5659310,-72.8917685
52163,PILOT TRAVEL CENTER #67,"I-75, EXIT 296",Cartersville,GA,18,3.56566666,34.1652304,-84.7997613
52163,PILOT TRAVEL CENTERS #67,"I-75, EXIT 296",Cartersville,GA,18,3.549,34.1652304,-84.7997613
52212,FLYING J TRAVEL PLAZA #763,"I-80, EXIT 209",Rawlins,WY,795,3.749,41.7907878,-107.2391760
52221,FLYING J TRAVEL PLAZA #726,"I-20, EXIT 472",Dallas,TX,630,3.18233333,32.7762719,-96.7968559
52222,FLYING J TRAVEL PLAZA #735,"I-10, EXIT 873 & SR-62",Orange,TX,610,3.309,30.1228634,-93.9041169
52230,ONE9 #294,"I-15 & I-84, EXIT 344 SR-39",Ogden                                   ,UT,835,3.32566666,41.2230048,-111.9738429
52233,SPEEDWAY #2953,"US-80, EXIT 3",Yuma,AZ,900,3.46566666,32.6702183,-114.5785310
52235,PETRO STOPPING CENTER #303,"I-80, EXIT 310",Laramie,WY,795,3.57566666,41.3087527,-105.6151839
52236,CHEVRON,US-60,Globe,AZ,930,4.299,33.4189799,-110.8129397
52239,PILOT TRAVEL CENTER #192,"I-75, EXIT 60",Tifton,GA,10,3.619,31.4276469,-83.5156722
52239,PILOT TRAVEL CENTERS #192,"I-75, EXIT 60",Tifton,GA,10,3.599,31.4549719,-83.5108284
52241,Rocket,"I-25/US-85/US-87, EXIT 161 & SR-105",Monument                                ,CO,803,3.195,39.0962834,-104.8645449
52250,PILOT TRAVEL CENTERS #222,I-84 EXIT 1,Sturbridge,MA,215,4.159,42.0667907,-72.1075536
52255,GREATER CHICAGO I 55,"I-55, EXIT 267 & SR-53",Bolingbrook,IL,290,3.609,41.7003302,-88.0717708
52255,GREATER CHICAGO I 55,"I-55, EXIT 267 & SR-53",Bolingbrook,IL,290,3.319,41.7003302,-88.0717708
52262,CIRCLE K #2721577,US-84 & SR-21,Monroeville,AL,715,3.434,31.5278224,-87.3246325
52278,NEIGHBORS EXPRESS,US-25/SR-121/SR-23/SR-67,Millen                                  ,GA,135,3.38233333,32.8040512,-81.9492812
52297,IGA EXPRESS SHELL #874,"I-65, EXIT 20",Bowling Green,KY,460,2.999,36.9903199,-86.4436018
52299,415 TRUCK STOP,"I-10, EXIT 151 & SR-415",Port Allen,LA,600,3.089,30.4437514,-91.2447936
52302,LONGHORN TRUCK AND CAR PLAZA,"I-10, EXIT 4",Vinton                                  ,LA,690,3.274,30.1907628,-93.5812717
52304,Fast Stop,"I-10, EXIT 182 & SR-22",Sorrento,LA,600,3.699,30.1843642,-90.8592632
52307,CASEYS #3002,SR-60 & SR-30/SR-4,Saint James,MN,425,3.219,43.9824577,-94.6269181
52313,CIRCLE K #2723445,"I-20, EXIT 5A & US-61/SR-27",Vicksburg,MS,760,2.959,32.3136988,-90.8993620
52322,BOLLA MARKET,"I-95, EXIT 13",Elizabeth,NJ,115,3.099,40.6639916,-74.2107006
52323,POWER,"I-78, EXIT 58 & SR-9/SR-1",Newark,NJ,115,4.299,40.7356570,-74.1723667
52325,MIRABITO #69,"I-88, EXIT 15 & SR-23",Oneonta,NY,12,3.999,42.4534920,-75.0629531
52326,MR FUEL #715,"I-70, EXIT 203",Foristell,MO,540,2.92566666,38.8183591,-90.9534275
52334,KWIK TRIP #775,"I-90, EXIT 69 & SR-82",Mauston,WI,420,3.28733333,43.7971411,-90.0614073
52335,SHELL,"I-295, EXIT 3",Disputanta,VA,180,3.029,37.1553146,-77.2749220
52340,KWIK FILL #249,US-22,Duncansville,PA,14,4.07233333,40.4234058,-78.4339030
52344,STAMART 1224,"I-94, EXIT 166",Bismarck,ND,273,3.61566666,46.8294189,-100.7291720
52346,QUARLES #4436,"I-695, EXIT 41 & SR-151",Dundalk                                 ,MD,22,3.699,39.3003754,-76.5201569
52348,SHELL,"I-75, EXIT47 & SR-85",Detroit,MI,325,3.699,42.4454410,-83.1618704
52361,PAYLESS FUEL TRAVEL CENTER,"I-20, EXIT 470",Dallas,TX,630,2.98566666,32.7762719,-96.7968559
52363,SPEEDWAY #2376,US-131 & SR-46,Cedar Springs,MI,456,3.899,43.2194125,-85.5691268
52364,PILOT TRAVEL CENTERS #335,"I-20 & SR-137, EXIT 138",Rayville,LA,760,3.21233333,32.4595273,-91.7590134
52365,MOORES SUPER STORE,US-43/US-278/SR-171,Hamilton,AL,615,3.799,34.1420861,-87.9890206
52366,ALMA TRAVEL MART,"I-40, EXIT 13 & US-71",Alma,AR,645,3.33233333,35.4778653,-94.2218752
52367,DOSWELL TRUCK STOP,"I-95, EXIT 98 & SR-30",Doswell,VA,180,2.899,37.8601402,-77.4641492
52383,FLYING J TRAVEL PLAZA #601,"I-20/I-59, EXIT 104",Mc Calla,AL,615,3.17066666,40.8333582,-80.5455322
52384,PILOT TRAVEL CENTERS #337,"I-95, EXIT 164 & US-52",Florence,SC,46,3.349,34.1984435,-79.7671658
52385,Flying J Travel Plaza #696,"I-71, EXIT 131",Sunbury,OH,315,3.719,40.2425623,-82.8590673
52387,MARATHON,"I-55, EXIT 265 & SR-4",Senatobia,MS,435,3.199,34.6187807,-89.9646282
52388,FLYING J TRAVEL PLAZA #711,"I-85, EXIT 102",Blacksburg,SC,46,3.429,35.1212409,-81.5159246
52393,CASEYS #3004,SR-15 & CR-52,Truman,MN,425,3.299,43.8277419,-94.4389338
52400,PILOT TRAVEL CENTERS #324,"I-94/US-41, EXIT 329",Franksville,WI,444,3.889,42.7600188,-87.9134133
52401,LOVES TRAVEL STOP #267,"I-40, EXIT 107 & SR-95",Morrilton,AR,695,3.36066666,35.1540260,-92.7429266
52402,FLYING J TRAVEL PLAZA #665,"I-20, EXIT 3 & SR-79",Greenwood,LA,745,3.14566666,32.4429324,-93.9729615
52403,FLYING J TRAVEL PLAZA #676,"I-10, EXIT 31",Gulfport,MS,733,3.14566666,30.3674198,-89.0928155
52404,PETRO WELLS,"I-80, EXIT 352",Wells,NV,835,3.73233333,41.1002021,-114.9547226
52405,FLYING J TRAVEL PLAZA #636,"I-80, EXIT 292",Davenport                               ,IA,270,3.87233333,41.5235808,-90.5770967
52411,SAPP BROS TRAVEL CENTER,"I-215, EXIT 21",Salt Lake City,UT,835,3.399,40.7596198,-111.8867970
52413,PILOT TRAVEL CENTERS #360,"I-75 & SR-613, EXIT 164",Findlay                                 ,OH,411,3.31566666,41.0413873,-83.6503982
52414,Mobil dba ONE9 #1341,"I-5, EXIT 208",Arlington,WA,977,3.799,48.1810957,-122.1389548
52421,SHEETZ #194,"I-80, EXIT 97",Falls Creek,PA,14,3.30733333,41.1414105,-78.7856777
52422,KWIK TRIP #674,"I-94, EXIT 45 & US-12/SR-29",Menomonie,WI,295,3.499,44.8712534,-91.9306230
52423,PILOT TRAVEL CENTER #908- TOWN PUMP,"I-15 & I-90, EXIT 122",Butte,MT,816,3.56566666,46.0131505,-112.5365080
52426,J MART #322,"I-65, EXIT 322",Falkville,AL,615,3.199,34.3684295,-86.9086160
52427,PILOT TRAVEL CENTERS #340,"I-80, EXIT 46",Fernley,NV,966,3.91566666,39.6075249,-119.2508406
52428,PILOT TRAVEL CENTERS #338,"I-26, EXIT 115 & US-321",West Columbia,SC,135,3.499,33.9918690,-81.0640341
52430,CHEVRON FOOD MART,"I-75, EXIT 350 & SR-2",Ringgold,GA,285,2.859,34.9159100,-85.1091173
52431,WOODBINE TRAVEL CENTER,"I-95, EXIT 14",Woodbine,GA,75,3.03233333,30.9638429,-81.7226063
52435,CM WINNERS CHOICE,"I-10 & SR-108, EXIT 23",Sulphur,LA,690,3.299,30.2365943,-93.3773783
52438,NEW MADRID,"I-55, EXIT 52/SR-P",New Madrid,MO,275,3.269,36.5864488,-89.5278547
52439,CIRCLE K #2723395,US-11,Hattiesburg,MS,620,3.199,31.3228096,-89.3640080
52441,PILOT #6990,"I-95, EXIT 106",Kenly,NC,205,3.709,35.5835414,-78.1478716
52450,PILOT #1290,"I-35, EXIT 410 & US-77",Red Oak,TX,630,3.299,32.5162241,-96.8210225
52452,PLAINVIEW TRAVEL PLAZA,"US-41, EXIT 113 & SR-26",Oshkosh,WI,444,3.199,44.0206919,-88.5408574
52454,PILOT TRAVEL CENTERS #6,"I-70, EXIT 178 & SR-209",Cambridge,OH,315,3.509,40.0311830,-81.5884561
52455,LOVES TRAVEL STOP #266,"I-35, EXIT 32",Ardmore,OK,253,3.649,34.1729273,-97.1309119
52456,PILOT TRAVEL CENTERS #317,"I-44, EXIT 4 (ST 435)",Joplin,MO,277,3.41233333,37.0841838,-94.5133385
52458,PILOT TRAVEL CENTERS #332,"I-40, EXIT 161 & SR-391",North Little Rock,AR,695,3.239,34.7695360,-92.2670941
52458,PILOT TRAVEL CENTER #332,"I-40, EXIT 161 & SR-391",North Little Rock,AR,695,3.237,34.7814985,-92.1273707
52461,FLORENCE VALERO,US-130,Burlington                              ,NJ,160,3.13566666,39.9325409,-74.7226665
52463,PILOT TRAVEL CENTERS #341,"I-15, EXIT 48",North Las Vegas,NV,910,3.69566666,36.2412437,-115.0977892
52464,7-ELEVEN #40118,ST 220 & I-180,Muncy,PA,138,4.359,41.2379474,-76.8125199
52465,FLYING J TRAVEL PLAZA #605,"I-40, EXIT 84",Russellville,AR,695,3.369,35.2784173,-93.1337856
52466,FLYING J TRAVEL PLAZA #784,"I-95, EXIT 100 & SR-272",North East,MD,22,4.199,39.5992989,-75.9424217
52467,FLYING J TRAVEL PLAZA #712,"I-20, EXIT 70",Columbia,SC,135,3.43233333,34.0007540,-81.0352313
52468,FLYING J TRAVEL PLAZA #703,"I-40, EXIT 140",Oklahoma City,OK,483,3.309,35.4729886,-97.5170536
52469,LOVES TRAVEL STOPS #269,US-287/US-82/SR-79 & US-281,Wichita Falls,TX,770,3.149,33.9004572,-98.5020777
52469,LOVES TRAVEL STOP #269,US-287/US-82/SR-79 & US-281,Wichita Falls,TX,770,3.123,33.9004572,-98.5020777
52470,QUIKTRIP #562,"I-80, EXIT 136",Des Moines,IA,320,3.04733333,41.5485883,-93.5960855
52471,FLYING J TRAVEL PLAZA #695,"I-75, EXIT 135",Beaverdam,OH,411,3.33066666,40.8329920,-83.9742826
52472,FLYING J TRAVEL PLAZA #708,"I-81, EXIT 52",Carlisle,PA,70,4.109,40.2014990,-77.1890783
52473,FLYING J TRAVEL PLAZA #743,"I-15, EXIT 222",Nephi,UT,835,3.71566666,39.7102336,-111.8363210
52474,PILOT TRAVEL CENTERS #17,"I-94, EXIT 104",Battle Creek,MI,406,3.959,42.3192548,-85.1824269
52474,PILOT TRAVEL CENTERS #17,"I-94, EXIT 104",Battle Creek,MI,406,3.999,42.3192548,-85.1824269
52474,PILOT TRAVEL CENTERS #17,"I-94, EXIT 104",Battle Creek,MI,406,3.979,42.3192548,-85.1824269
52477,PETRO FARGO #361,"I-94, EXIT 348",Fargo,ND,341,3.499,46.8497133,-96.8649604
52478,LOVES TRAVEL STOP #418,"I-64, EXIT 172",Grayson,KY,255,3.75566666,37.4537437,-86.3389464
52479,PETRO CARNESVILLE #377,"I-85, EXIT 160",Carnesville,GA,16,3.154,34.3499206,-83.3212945
52480,LOVES TRAVEL STOP #268,US6-9 & US-75,Atoka,OK,253,3.489,34.3284948,-96.0178380
52482,KING TRAVEL PLAZA,"I-95, EXIT 6",Kingsland,GA,75,3.109,30.8453779,-81.6760637
52483,FLYING J TRAVEL PLAZA #659,"I-70, EXIT 253",Salina,KS,523,3.77233333,38.8402805,-97.6114237
52484,KWIK STAR #303,"I-80, EXIT 201 & US-21",Brooklyn,IA,380,3.129,41.7286464,-92.4455938
52493,10 ACRE TRUCKSTOP,"HWY-401, EXIT 53B & HWY 1",Belleville,ON,420,3.45750874,39.6772684,-86.4883305
52493,10 ACRE TRUCKSTOP,"HWY-401, EXIT 53B & HWY 1",Belleville,ON,420,3.42178332,39.6772684,-86.4883305
52493,10 ACRE TRUCKSTOP,"HWY-401, EXIT 53B & HWY 1",Belleville,ON,420,3.39469036,39.6772684,-86.4883305
52493,10 ACRE TRUCKSTOP,"HWY-401, EXIT 53B & HWY 1",Belleville,ON,420,3.36857692,39.6772684,-86.4883305
52493,10 ACRE TRUCKSTOP,"HWY-401, EXIT 53B & HWY 1",Belleville,ON,420,3.45114834,39.6772684,-86.4883305
52493,10 ACRE TRUCKSTOP,"HWY-401, EXIT 53B & HWY 1",Belleville,ON,420,3.48592833,39.6772684,-86.4883305
52510,Valero,SR-9,Maysville                               ,KY,312,3.599,38.6329181,-83.7950939
52511,JOES JUNCTION #9,"I-65, RAYMOND EXIT",Indianapolis,IN,375,3.459,39.7683331,-86.1583502
52512,LOVES TRAVEL STOPS #270,"I-20, EXIT 349",Ranger,TX,575,3.189,32.4693688,-98.6799442
52512,LOVES TRAVEL STOP #270,"I-20, EXIT 349",Ranger,TX,575,3.213,32.4693688,-98.6799442
52513,FLYING J TRAVEL PLAZA #678,"I-20 & I-55, EXIT 47",Pearl,MS,760,3.149,32.2735792,-90.1278810
52514,FLYING J TRAVEL PLAZA #671,"I-55, EXIT 58",Matthews,MO,275,3.239,36.7592218,-89.5867458
52516,FLYING J TRAVEL PLAZA #612,"I-40, EXIT 255",Winslow,AZ,930,3.624,35.0169190,-110.7257555
52517,STRIPES 7FLEET #42562,US-84 & US-385,Littlefield,TX,700,3.199,33.9189172,-102.3328360
52520,DANDY MINI MART #19,"ROUTE 17, EXIT 59-A",Sayre,PA,190,3.99233333,41.9789631,-76.5154990
52527,PETRO STOPPING CENTER #323,"I-75, EXIT 368",Reddick,FL,225,3.35233333,29.3666393,-82.1973184
52528,QUIKTRIP #150,"I-70, EXIT 28",Oak Grove,MO,400,2.959,39.0132155,-94.1272339
52529,BIG SKY TRUCK STOP,"I-15, EXIT 56 N",Dillon,MT,786,3.689,45.2141249,-112.6346079
52531,FLYING J FUEL STOP #768,"I-435, EXIT 57",Kansas City,MO,400,3.38233333,39.1001050,-94.5781416
52534,LEES FOOD MART #1122,"I-75, EXIT 122 & SR-61",Clinton,TN,405,2.969,36.1034126,-84.1318632
52535,PWI #115,"I-45, EXIT 178",Buffalo,TX,765,2.899,31.4634891,-96.0641283
52537,TA Express Osseo #431,"I-94, EXIT 88",Osseo,WI,448,3.469,44.5772777,-91.2228203
52539,PILOT TRAVEL CENTERS #331,"I-285 , EXIT 51",Atlanta,GA,18,3.599,33.6852832,-84.3114981
52539,PILOT TRAVEL CENTER #331,"I-285 , EXIT 51",Atlanta,GA,18,3.599,33.7544657,-84.3898151
52541,PANTRY TRUCKSTOP,US-2/US-41,Rapid River,MI,360,3.499,45.9269087,-86.9670846
52541,PANTRY TRUCKSTOP,US-2/US-41,Rapid River,MI,360,3.319,45.9269087,-86.9670846
52541,PANTRY TRUCKSTOP,US-2/US-41,Rapid River,MI,360,3.399,45.9269087,-86.9670846
52542,FLYING J TRAVEL PLAZA #624,"I-75, EXIT 285 & SR-52",San Antonio,FL,225,3.599,28.3361142,-82.2745308
52546,CIRCLE K #2723910,US-84 & US-27,Bainbridge,GA,20,3.599,30.9214607,-84.6030088
52548,Henderson Fuel Mart,"I-80, EXIT 342",Henderson                               ,NE,350,2.899,40.7810033,-97.8123127
52549,SPEEDWAY #3328,"I-77, EXIT 159 A",Cleveland,OH,305,3.799,41.3668486,-81.8064624
52550,PILOT TRAVEL CENTERS #404,"I-24, EXIT 81 SE",Murfreesboro,TN,460,3.47233333,35.8077707,-86.3964382
52551,PILOT TRAVEL CENTERS #374,"I-10, EXIT 142 & SR-71",Marianna,FL,20,3.599,30.7743596,-85.2268735
52551,PILOT TRAVEL CENTER #374,"I-10, EXIT 142 & SR-71",Marianna,FL,20,3.599,30.7743596,-85.2268735
52552,FLYING J TRAVEL PLAZA #672,"I-49/US-71, EXIT167 & CR-J",Peculiar,MO,400,3.42233333,38.7145481,-94.4611204
52553,FLYING J TRAVEL PLAZA #689,"I-40, EXIT 153",Albuquerque,NM,580,3.549,35.0793683,-106.7457342
52557,SPRINT MART #40,US-72 & SR-247,Tuscumbia,AL,615,3.189,34.7312005,-87.7025300
52558,LOVES TRAVEL STOP #271,"I-40, EXIT 37 & US-219",Ozark,AR,695,3.39233333,35.4888029,-93.8315160
52562,MOBIL,"I-87, EXIT 36                 ",Plattsburgh                             ,NY,39,3.799,44.7088640,-73.4543020
52563,FLYING J TRAVEL PLAZA #631,"I-75, EXIT 2",Lake Park,GA,20,3.32233333,30.6828653,-83.1798644
52564,FLYING J TRAVEL PLAZA #669,"I-44, EXIT 11A & US-71/SR-249 & SR-FF",Joplin,MO,277,3.41233333,37.0841838,-94.5133385
52565,PILOT TRAVEL CENTERS #377,"I-35, EXIT 13",Laredo,TX,693,3.599,27.6837290,-99.4614737
52566,YUMM,"I-35, EXIT 8",Laredo,TX,598,2.87566666,27.5299440,-99.4682940
52575,PILOT TRAVEL CENTERS #775,"I-15, EXIT 4",Saint George,UT,910,3.67566666,37.0597044,-113.5819528
52577,PILOT TRAVEL CENTER #329,"I-29 & I-80, EXIT 1B",Council Bluffs,IA,319,3.659,41.2362064,-95.8783883
52577,PILOT TRAVEL CENTERS #329,"I-29 & I-80, EXIT 1B",Council Bluffs,IA,319,3.659,41.2588410,-95.8519484
52580,LOVES TRAVEL STOP #405,"I-95, EXIT 29",Brunswick,GA,75,3.321,31.1499528,-81.4914894
52580,LOVES TRAVEL STOPS #405,"I-95, EXIT 29",Brunswick,GA,75,3.389,31.1499528,-81.4914894
52581,TA WILLCOX TRAVEL CENTER,"I-10, EXIT 340",Willcox,AZ,980,3.28233333,32.2529138,-109.8315759
52582,JRs Oasis,SR-50,Yankton,SD,572,3.149,42.8712938,-97.3967011
52585,SUPERPUMPER #22,"I-94, EXIT 42",Belfield,ND,807,3.529,46.8852906,-103.1996219
52587,PILOT TRAVEL CENTERS #380,"I-81, EXIT 25 & I-90, EXIT 36",Liverpool,NY,220,4.159,43.1064560,-76.2177050
52588,STRIPES #42564,US-87,Lubbock,TX,700,3.199,33.5190174,-101.9911786
52590,FLYING J TRAVEL PLAZA #661,"I-65, EXIT 2 & US-31W",Franklin,KY,415,3.169,38.2520423,-84.8633812
52591,FLYING J TRAVEL PLAZA #749,"I-95, EXIT 104",Ruther Glen,VA,180,3.619,37.9287494,-77.4558151
52594,PILOT TRAVEL CENTERS #348,"I-70, EXIT 32B",Bentleyville,PA,165,4.109,40.1167387,-80.0083855
52595,7-ELEVEN #40281,"I-476,  EXIT 35/95",Jim Thorpe,PA,90,3.589,40.8636074,-75.7386948
52597,7-ELEVEN #40278,"I-81, EXIT 44 & I-76",Plainfield,PA,70,3.96733333,40.2000705,-77.2812870
52598,7-ELEVEN #40283,"I-76, EXIT 19/247",Middletown,PA,70,3.97066666,40.1701367,-74.8851959
52599,7-ELEVEN #40285,"I-76, EXIT 21/286",Bowmansville,PA,208,3.97066666,40.1967609,-76.0174416
52601,LOVES TRAVEL STOP #236,"I-40, EXIT 161 & SR-391",North Little Rock,AR,695,3.22066666,34.7695360,-92.2670941
52602,7-ELEVEN #40277,"I-76, EXIT 16/226",Newburg,PA,70,4.299,40.8353409,-78.6769722
52603,CASEYS #3364,US-281 & SR-200,Carrington,ND,341,3.439,47.4497200,-99.1262240
52605,PILOT TRAVEL CENTER #39,"I-57, EXIT 335",Monee,IL,290,3.559,41.4200340,-87.7417115
52605,PILOT TRAVEL CENTERS #39,"I-57, EXIT 335",Monee,IL,290,3.459,41.4200340,-87.7417115
52605,PILOT TRAVEL CENTERS #39,"I-57, EXIT 335",Monee,IL,290,3.399,41.4200340,-87.7417115
52605,PILOT TRAVEL CENTER #39,"I-57, EXIT 335",Monee,IL,290,3.399,41.4200340,-87.7417115
52605,PILOT TRAVEL CENTER #39,"I-57, EXIT 335",Monee,IL,290,3.439,41.4200340,-87.7417115
52607,PILOT TRAVEL CENTERS #409,"I-40, EXIT 172",Dickson                                 ,TN,460,3.19233333,36.0228999,-87.3408520
52608,PILOT #7971,"I-40, EXIT 133",Conover,NC,46,3.699,35.7210351,-81.1889472
52610,TA HARBORCREEK TRAVEL CENTER,"I-90, EXIT 35",Erie,PA,240,4.199,42.1294712,-80.0852695
52611,STRIPES #40530,SR-239,Del Rio,TX,740,3.229,29.3694005,-100.8884071
52612,STRIPES 7FLEET #42568,US-60 & CR-G,Hereford,TX,700,3.35066666,34.8245521,-102.3987780
52615,PILOT TRAVEL CENTERS #4,"I-90, EXIT 151",Avon,OH,305,3.879,41.4652657,-82.0604923
52616,PILOT TRAVEL CENTER #28,I-69 EXIT 234,Daleville,IN,457,3.649,40.1211546,-85.5580301
52616,PILOT TRAVEL CENTERS #28,I-69 EXIT 234,Daleville,IN,457,3.519,40.1211546,-85.5580301
52618,PILOT TRAVEL CENTERS #63,"I-85, EXIT 35",Piedmont,SC,30,3.22233333,34.7105655,-82.4576119
52620,GOODLAND 24/7 STORE,"I-70, EXIT 19",Goodland,KS,525,3.08733333,39.3262177,-101.7275506
52621,CORNER MARKET #111,"I-70, EXIT 27",Goodland,KS,525,3.059,39.3508330,-101.7101720
52622,STRIPES 7FLEET #42567,I-20,Stanton,TX,700,3.01566666,32.1292891,-101.7884640
52623,TA WILLINGTON TRAVEL CENTER,"I-84, EXIT 71",Willington,CT,100,5.199,41.8757947,-72.2642761
52624,PILOT TRAVEL CENTERS #390,"I-84, EXIT 188 & US-395",Stanfield,OR,982,3.469,45.7659731,-119.2052670
52625,FLYING J TRAVEL PLAZA #673,"I-44, EXIT 226 & SR-85",Sullivan                                ,MO,540,3.324,40.1993002,-93.1140993
52626,FLYING J TRAVEL PLAZA #627,"I-95/SR-405, EXIT 29 & US-82/US-17/SR-25/SR-520",Brunswick,GA,75,3.39566666,31.1499528,-81.4914894
52628,One9 Pride #1215,"I-10, EXIT 45",Salome,AZ,930,3.379,33.7784070,-113.6040548
52628,Pride Travel Center dba One9 #1215,"I-10, EXIT 45",Salome,AZ,930,3.359,33.7784070,-113.6040548
52629,LOVES TRAVEL STOPS #413,"I-90, EXIT 106 & US-97",Ellensburg,WA,977,3.889,46.9970635,-120.5451220
52629,LOVES TRAVEL STOP #413,"I-90, EXIT 106 & US-97",Ellensburg,WA,977,3.829,46.9970635,-120.5451220
52629,LOVES TRAVEL STOP #413,"I-90, EXIT 106 & US-97",Ellensburg,WA,977,3.949,46.9970635,-120.5451220
52629,LOVES TRAVEL STOP #413,"I-90, EXIT 106 & US-97",Ellensburg,WA,977,3.889,46.9970635,-120.5451220
52630,PILOT TRAVEL CENTERS #386,"I-5, EXIT 263",Salem,OR,935,3.859,44.9391565,-123.0331210
52632,LOVES TRAVEL STOP #451,"I-65, EXIT 95 & CR-500",Whiteland,IN,375,3.949,39.5500485,-86.0797079
52633,PILOT TRAVEL CENTERS #57,"I-40 & I-85, EXIT 152",Mebane,NC,65,3.959,36.0959715,-79.2669619
52634,PETRO STOPPING CENTER #362,"I-80, EXIT 353",York,NE,330,3.299,40.8716170,-97.6001401
52635,E EXPRESS at MLK,"I-40 & I-35, EXIT 127",Oklahoma City,OK,483,2.889,35.4729886,-97.5170536
52636,LOVES TRAVEL STOP #414,"I-64, EXIT 25B & US-41",Haubstadt,IN,340,3.949,38.2050442,-87.5741876
52638,STRIPES 7FLEET #42555,"I-20, EXIT 80 & SR-18",Monahans,TX,710,2.929,31.5890519,-102.8861902
52640,SPEEDWAY #8316,US-30 & US-41,Dyer,IN,290,3.649,41.4928112,-87.5125989
52641,PILOT TRAVEL CENTERS #71,"I-95, EXIT 109",Port Wentworth,GA,195,3.37233333,32.1490920,-81.1631681
52641,PILOT TRAVEL CENTER #71,"I-95, EXIT 109",Port Wentworth,GA,195,3.419,32.1490920,-81.1631681
52642,One9 #61,"I-26, EXIT 52 & SR-56",Clinton,SC,30,3.099,34.4726277,-81.8806562
52643,Minit Mart #3,HIGHWAY 277 & FM 1589,Eagle Pass,TX,693,3.199,28.7083999,-100.5039410
52644,ONE9 #058,"I-95, EXIT 180 & SR-48",Pleasant Hill                           ,NC,205,3.399,36.5231230,-77.5872233
52646,FLYING J TRAVEL PLAZA #619,"I-70, EXIT 285",Aurora,CO,800,3.39233333,39.7405111,-104.8309940
52647,FLYING J TRAVEL PLAZA #699,"I-70, EXIT 122",Millersport,OH,315,3.44566666,39.9000639,-82.5340480
52648,Stripes #42566,US-67 & SR-158,Ballinger,TX,612,3.05566666,31.7276270,-99.9570753
52649,FLYING J TRAVEL PLAZA #623,"I-10, EXIT 192 & US-90",Midway,FL,20,3.799,30.4954759,-84.4543513
52651,TA NEW BRAUNFELS TRAVEL CENTER,"I-35, EXIT 193",New Braunfels,TX,740,3.449,29.7028266,-98.1257348
52652,PILOT TRAVEL CENTERS #47,"I-275, EXIT 129",Georgetown,KY,410,3.20566666,38.2099837,-84.5597128
52656,TRAVELING TIGER CENTER,"I-10, EXIT 87",Sierra Blanca,TX,640,3.15566666,31.1697887,-105.6574411
52658,LOVES TRAVEL STOP #274,"I-40, EXIT 221 & SR-27",Okemah,OK,560,3.35566666,35.4325854,-96.3050064
52659,LOVES TRAVEL STOP #276,"I-10, EXIT 20",Lordsburg,NM,640,3.45733333,32.3504143,-108.7084340
52661,LOVES TRAVEL STOP #281,"I-35 WEST, EXIT 40",Fort Worth,TX,630,3.18733333,32.7531770,-97.3327459
52663,EXXON,"I-20/I-59, EXIT 17 & SR-28",Livingston,AL,705,2.979,32.6234147,-88.2072772
52664,PETRO STOPPING CENTER #378,I-81 EXIT 178B,Pittston,PA,200,4.16566666,41.3259134,-75.7893604
52667,EXPRESS LANE TRAVEL CENTER,"I-20, EXIT 100 & US-80",Lawrence,MS,705,3.299,31.5129753,-90.1205396
52669,COLUMBIA TRUCK STOP,US-46,Columbia,NJ,115,3.079,40.9257935,-75.0941913
52674,FLYING J TRAVEL PLAZA #738,"I-20/FM707, EXIT 277",Tye,TX,575,3.124,32.4545421,-99.8685101
52675,PILOT TRAVEL CENTER #907- TOWN PUMP,"I-94, EXIT 138",Miles City                              ,MT,780,3.499,46.4070219,-105.8478430
52676,PILOT TRAVEL CENTERS #336,"I-80, EXIT 97 & US-219",Du Bois,PA,14,4.034,,
52678,STRIPES 7FLEET #42433,US-277,Bronte,TX,739,3.474,31.8873671,-100.2917600
52679,LOVES TRAVEL STOP #404,"I-295, EXIT 56 & I-95, EXIT 7",Bordentown,NJ,150,3.979,40.1462685,-74.7114508
52680,PILOT TRAVEL CENTER #91,"I-95, EXIT 329",Saint Johns,FL,75,3.424,29.9032284,-81.4145468
52680,PILOT TRAVEL CENTERS #91,"I-95, EXIT 329",Saint Johns,FL,75,3.499,29.9032284,-81.4145468
52683,PILOT TRAVEL CENTER #145,"I-40/US-71/US-62, EXIT 72 AND US-412",Springdale,AR,416,3.463,36.1766710,-94.1933208
52683,PILOT TRAVEL CENTERS #145,"I-40/US-71/US-62, EXIT 72 AND US-412",Springdale,AR,416,3.459,36.1758631,-94.1931269
52684,KWIK STAR #348,US-30/US-67,Clinton,IA,270,3.624,41.8357087,-90.2182451
52685,LOVES TRAVEL STOP #275,"I-40/US-63, EXIT 233 & SR-261",Palestine,AR,435,3.31566666,34.9719871,-90.9035586
52686,LOVES TRAVEL STOP #278,"I-40, EXIT 277",Joseph City,AZ,930,3.60733333,34.9558585,-110.3339982
52687,LOVES TRAVEL STOP #286,"I-10, EXIT 17",Quartzsite,AZ,930,3.949,33.6669903,-114.2168100
52690,LOVES TRAVEL STOP #415,"I-95 & OKEECHOBEE RD, EXIT 129",Fort Pierce,FL,95,3.50566666,27.4467056,-80.3256056
52691,PILOT TRAVEL CENTERS #312,"I-20/SR-402, EXIT 5 & SR-100",Tallapoosa,GA,18,3.449,33.6826038,-85.2628522
52691,PILOT TRAVEL CENTER #312,"I-20/SR-402, EXIT 5 & SR-100",Tallapoosa,GA,18,3.389,33.6823014,-85.2642852
52692,PILOT TRAVEL CENTER #249,"I-70/I-55, EXIT 18 & SR-162",Troy                                    ,IL,540,3.699,38.7311881,-89.9088284
52692,PILOT TRAVEL CENTERS #249,"I-70/I-55, EXIT 18 & SR-162",Troy                                    ,IL,540,3.439,38.7292147,-89.8831541
52692,PILOT TRAVEL CENTERS #249,"I-70/I-55, EXIT 18 & SR-162",Troy                                    ,IL,540,3.439,38.7292147,-89.8831541
52692,PILOT TRAVEL CENTERS #249,"I-70/I-55, EXIT 18 & SR-162",Troy                                    ,IL,540,3.439,38.7292147,-89.8831541
52692,PILOT TRAVEL CENTER #249,"I-70/I-55, EXIT 18 & SR-162",Troy                                    ,IL,540,3.379,38.7311881,-89.9088284
52692,PILOT TRAVEL CENTER #249,"I-70/I-55, EXIT 18 & SR-162",Troy                                    ,IL,540,3.579,38.7311881,-89.9088284
52697,FLYING J TRAVEL PLAZA #747,"I-15, EXIT 261",Springville                             ,UT,835,3.76566666,40.1652447,-111.6114726
60084,SUNSTOP #625,US-84,Ashford,AL,20,3.599,31.1838319,-85.2358439
60106,SUNSTOP #619,US-84,Daleville,AL,720,3.399,31.3101719,-85.7129908
60114,SUNSTOP #606,US-84/SR-167,Enterprise,AL,20,3.699,31.3151708,-85.8552161
60136,HOBO PANTRY #18,US-431,Headland                                ,AL,20,3.599,31.3512840,-85.3421559
60145,OCS QUICK STOP,US-43/SR-13,Mount Vernon                            ,AL,715,3.699,31.0851775,-88.0133325
60147,HOP-IN FOOD STORES,US-82 & SR-22,Maplesville,AL,720,3.399,32.7884608,-86.8716549
60191,PILOT #1180,"I-10, EXIT 94",Tonopah,AZ,930,3.899,33.4941310,-112.9374558
60191,PILOT TRAVEL CENTER #1180,"I-10, EXIT 94",Tonopah,AZ,930,3.899,33.4950661,-112.9384024
60206,TA EXPRESS #649,"I-25, EXIT 52",Walsenburg,CO,796,4.259,37.6235234,-104.7809950
60208,BERKSHIRE PETROLEUM,"I-91, EXIT 9",North Haven,CT,100,3.549,41.3909305,-72.8595450
60220,ZELLWOOD TRUCK STOP,US-441,Zellwood,FL,140,3.499,28.7298420,-81.6012343
60224,SUNSTOP #419,US-19,Camilla,GA,20,3.499,31.2312887,-84.2103726
60226,CIRCLE K #2723903,US-82 & SR-520,Dawson,GA,20,3.499,34.4207377,-84.1174564
60229,96 TRAVEL PLAZA,"I-16, EXIT 24",Jeffersonville                          ,GA,85,3.399,32.6876606,-83.3470598
60230,CIRCLE K #2745152,US-19,Pelham,GA,20,3.499,31.1276849,-84.1518466
60242,KWIK STAR #711,US-18/US-52,Monona,IA,565,3.624,42.0218737,-95.9356631
60243,PETRO MART,"I-29, EXIT 112",Onawa,IA,527,3.15733333,42.0268269,-96.0974618
60245,STINKER #74,"I-84, EXIT 137",Bliss,ID,785,3.634,42.9232835,-114.9454451
60248,METRO,"I-95, EXIT 12",Avenel                                  ,NJ,115,3.299,40.5848314,-74.2730161
60250,ELIZABETH TRUCK STOP,"I-95, EXIT 13A & SR-81",Elizabethport,NJ,115,3.399,40.6501031,-74.1870888
60255,HUCKS FOOD & FUEL #186,US-51/CR-1450 & US-136,Heyworth,IL,368,3.479,40.3133780,-88.9736633
60255,HUCKS FOOD & FUEL #186,US-51/CR-1450 & US-136,Heyworth,IL,368,3.549,40.3133780,-88.9736633
60256,BOLLA MARKET,"I-84, EXIT 1",Montague,NJ,115,3.519,41.3031498,-74.7934993
60270,CHUCKLES #27,SR-57,Washington                              ,IN,340,3.339,38.5612578,-86.1179768
60273,24-7,"I-70, EXIT 53 & SR-25",Colby,KS,525,3.05566666,39.3959655,-101.0526881
60280,JUMP START #9,"I-35, EXIT 4",South Haven,KS,570,3.069,37.0497270,-97.4013324
60282,CRVS #7,SR-96 & SR-27,Tribune,KS,525,3.399,38.4697378,-101.7526720
60294,LITTLE CAPITOL EXXON,"I-10, EXIT 115",Breaux Bridge                           ,LA,600,3.899,30.2735323,-91.8992837
60295,EXIT 80 TRAVEL PLAZA,"I-10, EXIT 80",Crowley                                 ,LA,730,3.109,30.2140928,-92.3745761
60298,BEAU CHENE TRUCK STOP,"I-49, EXIT 11",Grand Coteau,LA,730,3.399,30.4199203,-92.0465087
60313,WHITE MARSH TRUCK STOP,US-40,White Marsh                             ,MD,22,3.369,39.3969297,-76.4070915
60316,CIRCLE K #4707001,"I-95, EXIT 264 & SR-158",Sherman,ME,170,3.93233333,45.8746378,-68.4162362
60324,FUEL MART OF AMERICA,"I-75, EXIT 59",Detroit                                 ,MI,325,3.499,42.3315509,-83.0466403
60326,SUNRISE CONVENIENCE STORE #29,"I-69, EXIT 184                ",Memphis                                 ,MI,325,3.559,42.8964179,-82.7688135
60326,SUNRISE CONVENIENCE STORE #29,"I-69, EXIT 184                ",Memphis                                 ,MI,325,3.499,42.8964179,-82.7688135
60328,SPEEDWAY #8748,"I-69, EXIT 6",Flint,MI,342,3.339,43.0219353,-83.6541402
60329,CHARLIES COUNTRY CORNER,"I-75, EXIT 271",Grayling,MI,287,3.899,44.6615170,-84.7146370
60329,CHARLIES COUNTRY CORNER,"I-75, EXIT 271",Grayling,MI,287,3.799,44.6615170,-84.7146370
60333,LAKESHORE BP,US-2,Manistique,MI,287,3.499,45.9532894,-86.2457623
60341,SNAPPY FOOD MART,ST 60,Tekonsha,MI,431,3.589,42.1061767,-84.9922930
60342,True North #254,US-31 & SR-37,Traverse City,MI,456,3.789,44.7606481,-85.6165976
60342,True North #254,US-31 & SR-37,Traverse City,MI,456,3.729,44.7606481,-85.6165976
60344,DORR TRUCK STOP,"US-131, EXIT 68",Wayland,MI,344,3.499,42.6745321,-85.6457663
60347,KWIK TRIP #875,"I-90, EXIT 157, BRIDGE ST ENTRANCE",Albert Lea,MN,515,3.324,43.6517911,-93.3538958
60358,PETRO SERVE USA #54,US-10,Glyndon,MN,341,3.449,46.8752400,-96.5789630
60372,FLYING W CONVENIENCE STORE,SR-96,Carthage                                ,MO,277,3.199,37.1917678,-94.2921094
60373,FLYING J #571,"I-57, EXIT 12 & US-60",Charleston,MO,490,3.559,36.9220575,-89.3139148
60374,PILOT TRAVEL CENTERS #385,US-54 & SR-13,Collins                                 ,MO,416,3.49566666,37.8743578,-93.6212745
60379,FAST LANE #50,US-54/SR-19,Laddonia,MO,540,3.15733333,39.2425400,-91.6454385
60380,AMOCO,US-63/US-136,Lancaster,MO,320,3.249,40.5208627,-92.5279662
60382,WINDSTARS #5101,"I-435, EXIT 57",Kansas City,MO,400,3.099,39.1001050,-94.5781416
60383,CASEYS #4399,"I-70, EXIT 175",New Florence,MO,392,2.949,38.9103198,-91.4482167
60392,Kangaroo Crossing #1107,"I-20, EXIT 68 & SR-43",Pelahatchie,MS,705,3.199,32.3132159,-89.7989402
60398,TOWN PUMP FOOD STORE #610,"I-90, EXIT 333",Livingston                              ,MT,786,3.644,45.6623873,-110.5615899
60400,CAN AM C STORE,SR-16,Plentywood,MT,807,3.499,48.7747500,-104.5624580
60416,MINUTEMAN FOOD MART #20,US-74 & US-76,Whiteville                              ,NC,245,3.46066666,34.3217345,-78.7031480
60420,PUMP & PANTRY #35,US-183,Alma,NE,330,3.459,40.0975110,-99.3620430
60426,BONS BONS MOBIL,US-3,Merrimack,NH,125,3.699,43.3260376,-71.6854725
60434,ENRITE,US-9,Linden,NJ,79,3.34233333,40.6220478,-74.2445902
60442,Circle K #4706716,SR-71 & SR-47,Yorkville,IL,290,3.799,41.6186385,-88.4485639
60442,Circle K #4706716,SR-71 & SR-47,Yorkville,IL,290,3.499,41.6186385,-88.4485639
60442,Circle K #4706716,SR-71 & SR-47,Yorkville,IL,290,3.599,41.6186385,-88.4485639
60460,HAHN OIL,US-36,Coshocton                               ,OH,315,3.299,40.2905684,-81.9271441
60461,TRUE NORTH #704,"I-75, EXIT 56A",Dayton                                  ,OH,317,3.799,39.7589478,-84.1916069
60463,Anna Truck Stop,"I-75, EXIT 99",Anna,OH,411,3.01566666,40.3948773,-84.1729332
60465,MOTOMART #4129,ST 309,Marion                                  ,OH,411,3.34233333,40.5885271,-83.1895249
60471,FUEL MART #701,"I-480/I-271, EXIT 23 & SR-8",Bedford,OH,305,3.529,41.3931100,-81.5365090
60473,BELL STORES #50,ST 3,Wooster,OH,249,3.599,40.7980976,-81.9397733
60476,PETES #11,US-75,Dewey,OK,560,3.154,35.9795036,-98.9816579
60508,FEGLEY VALERO,SR-309,Tamaqua,PA,90,3.599,40.7974296,-75.9696186
60513,CIRCLE K #2723873,US-17,Georgetown,SC,42,2.899,33.5493878,-79.0475472
60515,FLASH MARKET #302,SR-9 & SR-151,Pageland,SC,46,3.38566666,34.7719578,-80.3914661
60516,ENMARKET #892,"I-95, EXIT 150",Harleyville,SC,195,3.399,33.2146069,-80.4478745
60519,CORNER PANTRY #25,US-14,Huron,SD,571,3.079,44.3630800,-98.2143880
60538,TEXACO #380031,ST 21W,Bryan,TX,765,3.399,30.6706233,-96.4030595
60539,SHELL,US-96 & SR-62/FM-1004,Buna,TX,610,3.10233333,30.4417926,-93.9687309
60540,CIRCLE K #2706340,"I-20, EXIT 533",Canton,TX,630,2.77566666,32.5766435,-95.8547806
60551,CIRCLE K #2744522,"I-30, EXIT 201  I-30 & SR-8",New Boston,TX,766,2.94233333,33.4761090,-94.4098940
60554,CEFCO #2070,"I-27, EXIT 49",Plainview,TX,700,2.83233333,34.1849960,-101.7063826
60565,CEFCO #2006,"I-40, EXIT 163",Shamrock,TX,585,3.099,35.2142167,-100.2490070
60579,SPEEDWAY #4633,US-220/US-221/US-460,Roanoke,VA,185,3.399,37.2899101,-79.9100638
60587,BJS AUTO TRUCK PLAZA,SR-28,Rock Island,WA,970,4.099,47.3770731,-120.1439520
60587,BJS AUTO TRUCK PLAZA,SR-28,Rock Island,WA,970,3.999,47.3770731,-120.1439520
60589,RIVER COUNTRY PLAZA,"SR-29, EXIT 91",Cadott,WI,295,3.39733333,44.9480187,-91.1507031
60590,DARLINGTON MINI MART,SR-23 & SR-81,Darlington,WI,420,3.399,42.6802288,-90.1178079
60601,HOLIDAY STATIONSTORE #2746229,US-53/US-2,Superior,WI,545,3.339,46.7207737,-92.1040796
60635,EXXON ON THE RUN,US-62/US-412 & SR-126,Gassville                               ,AR,535,3.695,36.2831238,-92.4940505
60650,SHELL DBA ONE9 #1244,"I-8, EXIT 115",Gila Bend,AZ,930,3.259,32.9478267,-112.7168230
60650,ONE9 #1244,"I-8, EXIT 115",Gila Bend,AZ,930,3.359,32.9478267,-112.7168230
60700,PWI #502,"I-70/US-40, EXIT 259",Golden,CO,800,3.199,39.7546349,-105.2205800
60707,REATA TRAVEL STOP,"I-76, EXIT 125",Sterling,CO,800,3.399,40.6255415,-103.2077090
60708,CRVS STORE #6,US-385,Wray,CO,800,3.449,40.0758822,-102.2232530
60762,BP,US-1 & US-341,Baxley,GA,195,3.599,31.7773202,-82.3490533
60768,GAS N GO FOOD STORE,"I-75, EXIT 290/US-41",Cartersville,GA,48,2.94233333,34.1652304,-84.7997613
60773,NEIGHBORS EXPRESS,US-341/SR-27 & US-129 ALT/SR-340,Hawkinsville,GA,20,3.399,32.2835422,-83.4667907
60779,Marathon,US-129,Eatonton                                ,GA,85,3.399,33.3252851,-83.3912752
60781,JP PERRY,"I-75, EXIT 138",Perry                                   ,GA,85,3.08233333,32.4586695,-83.7319658
60783,CIRCLE K #2723324,US-441/US-23/SR-15 & SR-17A/SR-385,Clarkesville,GA,16,3.439,34.6478406,-83.4498780
60787,MARATHON,"I-20, EXIT 11",Lithia Springs,GA,48,2.87233333,33.7796495,-84.6506019
60788,SPRINT FOODS #722,US-1/SR-4/SR-17 & SR-24,Louisville                              ,GA,85,4.099,33.0015407,-82.4112377
60791,MARATHON #9,"I-475, EXIT 1",Macon,GA,85,3.039,32.7420872,-83.6604010
60795,CIRCLE K #2745080,US-319/US-129/SR-90/SR-11,Ocilla,GA,10,3.62566666,31.5943567,-83.2504328
60797,EVANS FOOD MART,SR-20,Rome,GA,193,3.699,34.2570380,-85.1646726
60804,JET FOOD STORE #4,US-1 & SR-78,Wadley,GA,135,3.41566666,32.8668223,-82.4040162
60807,BATAVIA GARDENS AND GAS,"US-34, EXIT 203",Batavia,IA,320,3.379,40.9940985,-92.1674331
60817,KWIK STAR #712,US-218 & SR-27,Janesville,IA,565,3.599,42.6464613,-92.4629005
60822,CASEYS #3639,US-18/US-52,Postville,IA,420,3.599,43.0865887,-91.5684784
60829,BARRY TRAVEL PLAZA,"I-72, EXIT 20",Barry,IL,540,3.599,39.6942135,-91.0390246
60833,SPEEDWAY #5400,CR-11 & CR-23,Bloomingdale,IL,290,3.759,41.9387919,-88.1179684
60834,SPEEDWAY #7422,SR-43,Burbank,IL,293,3.619,41.7485431,-87.7990404
60839,FREEDOM OIL #18,"I-74, EXIT 82",Edwards,IL,270,3.499,38.4102540,-88.0584362
60839,FREEDOM OIL #18,"I-74, EXIT 82",Edwards,IL,270,3.399,38.4102540,-88.0584362
60839,FREEDOM OIL #18,"I-74, EXIT 82",Edwards,IL,270,3.899,38.4102540,-88.0584362
60846,EXPRESS LANE #50,"I-88, EXIT 10",Hillsdale                               ,IL,270,3.699,41.6136437,-90.1728998
60846,EXPRESS LANE #50,"I-88, EXIT 10",Hillsdale                               ,IL,270,3.999,41.6136437,-90.1728998
60846,EXPRESS LANE #50,"I-88, EXIT 10",Hillsdale                               ,IL,270,3.799,41.6136437,-90.1728998
60851,SPEEDWAY #7382,I-355 & SR-64,Lombard,IL,293,3.249,41.9047434,-88.0417319
60851,SPEEDWAY #7382,I-355 & SR-64,Lombard,IL,293,3.349,41.9047434,-88.0417319
60851,SPEEDWAY #7382,I-355 & SR-64,Lombard,IL,293,3.299,41.9047434,-88.0417319
60857,RED ROOSTER TERMINAL,US-50/SR-250 & SR-130,Olney,IL,510,3.189,38.7135983,-88.0918027
60857,RED ROOSTER TERMINAL,US-50/SR-250 & SR-130,Olney,IL,510,3.249,38.7135983,-88.0918027
60857,RED ROOSTER TERMINAL,US-50/SR-250 & SR-130,Olney,IL,510,3.399,38.7135983,-88.0918027
60857,RED ROOSTER TERMINAL,US-50/SR-250 & SR-130,Olney,IL,510,3.189,38.7135983,-88.0918027
60857,RED ROOSTER TERMINAL,US-50/SR-250 & SR-130,Olney,IL,510,3.349,38.7135983,-88.0918027
60857,RED ROOSTER TERMINAL,US-50/SR-250 & SR-130,Olney,IL,510,3.399,38.7135983,-88.0918027
60865,Truckquest,"I-55, EXIT 286",Cicero,IL,290,3.599,41.8455398,-87.7540199
60865,Truckquest,"I-55, EXIT 286",Cicero,IL,290,3.649,41.8455398,-87.7540199
60871,WENONA BP,"I-39/US-51, EXIT 35 & SR-17",Wenona                                  ,IL,280,3.499,41.0525331,-89.0503587
60881,GAS AND STUFF,"I-64, EXIT 118",Georgetown                              ,IN,415,3.799,38.2945488,-85.9754470
60882,SPEEDWAY #6666,US-33,Goshen,IN,465,3.81566666,41.5625112,-85.7974498
60887,STERNBERG CITGO TRUCK STOP,"I-64, EXIT 57",Jasper                                  ,IN,340,3.759,41.0321808,-87.1066598
60890,JACK FLASH,I-57 EXIT 135,Farina,IL,510,3.099,38.8389830,-88.7806700
60890,JACK FLASH,I-57 EXIT 135,Farina,IL,510,3.199,38.8389830,-88.7806700
60900,7-ELEVEN #40504,"I-80/I=90, MM 56 EB",Rolling Prairie,IN,465,3.999,41.6745495,-86.6160192
60902,SPEEDWAY #6674,"I-80/I-90, EXIT 72 & SR-31",South Bend,IN,465,3.69066666,41.7375957,-86.3349073
60913,J Mart #1,"HWY 50 E, HWY 83 N",Garden City,KS,525,3.529,37.9716898,-100.8726618
60926,CENEX,US-36 & US-83,Oberlin,KS,525,3.159,39.8286356,-100.5337896
60958,NORTH WEST TRUCK STOP,US-90 & SR-3211,Franklin,LA,600,3.399,32.1254252,-91.6778053
60979,TOBACCO PLUS #5,"I-10, EXIT 4 & US-90",Vinton,LA,690,2.999,30.1907628,-93.5812717
60988,GULF OIL LP #5020,"I-90, MM291",Blandford,MA,215,3.914,42.1806065,-72.9279125
60989,Blandford Service Plaza Westbound,"I-90, EXIT MM29",Blandford,MA,215,3.919,42.1950205,-72.9322436
60993,GULF #5165,"I-90, EXIT 12",Framingham,MA,34,4.06566666,42.2891456,-71.4090192
60997,GULF OIL #5035,I-90 MM 66.7,Ludlow,MA,215,3.914,42.1707289,-72.4558922
60998,GULF OIL #5030,"I-90, EXIT 7",Ludlow,MA,215,3.909,42.1707289,-72.4558922
61004,Applegreen,SR-15,Sturbridge,MA,215,3.999,42.1084385,-72.0807772
61006,GULF OIL LP #5155,"I-90, EXIT 11",Westborough                             ,MA,215,3.909,42.2694308,-71.6129907
61019,MARDELA GOOSE CREEK FOOD STORE,US-50,Mardela Springs                         ,MD,194,3.979,38.4598391,-75.7590991
61021,WESTOVER GOOSE CREEK,US-13 & SR-673,Westover                                ,MD,194,3.259,38.1240114,-75.7063171
61028,MARATHON,"US-10, EXIT 137",Bay City,MI,260,3.259,43.5870628,-83.8908975
61028,MARATHON,"US-10, EXIT 137",Bay City,MI,260,3.199,43.5870628,-83.8908975
61030,HAGGERTY JOY MOBIL,I-275,Canton                                  ,MI,325,3.699,32.6126020,-90.0367512
61032,MARATHON,US-10/US-127,Clare,MI,260,3.289,44.0744545,-84.7887591
61032,MARATHON,US-10/US-127,Clare,MI,260,3.299,44.0744545,-84.7887591
61034,MOTOR CITY TRUCK STOP,"I-75, EXIT 43",Detroit                                 ,MI,325,3.499,42.3315509,-83.0466403
61037,HEARTLAND MOBIL,US-23,Fenton,MI,342,3.849,42.7978061,-83.7049498
61038,SPEEDWAY #8753,"I-475, EXIT 4",Burton,MI,342,3.399,42.9739470,-83.6753203
61038,SPEEDWAY #8753,"I-475, EXIT 4",Burton,MI,342,3.289,42.9739470,-83.6753203
61038,SPEEDWAY #8753,"I-475, EXIT 4",Burton,MI,342,3.089,42.9739470,-83.6753203
61038,SPEEDWAY #8753,"I-475, EXIT 4",Burton,MI,342,3.259,42.9739470,-83.6753203
61042,CITGO,"US-131, EXIT 44",Kalamazoo,MI,465,3.499,42.2704683,-85.5813141
61057,CIRCLE K #2746537,US-2 & US-41,Rapid River                             ,MI,360,3.499,45.9273759,-86.9760012
61057,CIRCLE K #2746537,US-2 & US-41,Rapid River                             ,MI,360,3.319,45.9273759,-86.9760012
61057,CIRCLE K #2746537,US-2 & US-41,Rapid River                             ,MI,360,3.399,45.9273759,-86.9760012
61057,CIRCLE K #2746537,US-2 & US-41,Rapid River                             ,MI,360,3.449,45.9273759,-86.9760012
61063,PS Food Mart,I-69 EXIT 25,Tekonsha,MI,431,3.589,42.1054852,-84.9920073
61063,PS Food Mart,I-69 EXIT 25,Tekonsha,MI,431,3.519,42.1054852,-84.9920073
61076,Holiday StationStore #2746408,"I-35, EXIT 129",Forest Lake,MN,448,3.399,45.2791060,-92.9851629
61080,CO-OP SERVICE,US-10 & CR-67,New York Mills,MN,250,3.499,46.5180469,-95.3763155
61090,Northdale Oil,US-59 & SR-1,Thief River Falls                       ,MN,355,3.239,48.1172301,-96.1770667
61093,CIRCLE K #2746501,"I-90, EXIT 45 & SR-60",Worthington,MN,432,3.14233333,43.6205056,-95.5956434
61099,LOVES TRAVEL STOP #488,"I-55, EXIT 157 & SR-32",Bloomsdale,MO,540,3.38233333,38.0094981,-90.2178964
61102,FAST LANE #54,US-63,Columbia,MO,310,3.20733333,38.9518830,-92.3337366
61106,TEMP STOP #102,US-54 & SR-52,Eldon,MO,392,3.199,38.3494456,-92.5805241
61110,HB OF RANDOLPH,"I-435, EXIT 55B & SR-210",Kansas City,MO,400,3.149,39.1001050,-94.5781416
61111,Caseys #4540,"I-35, EXIT 40 & SR-116",Lathrop,MO,400,3.07566666,39.5483015,-94.3290727
61115,BREAK TIME #3071,US-24 & US-63,Moberly,MO,310,3.469,39.4201137,-92.4364298
61118,MIDWEST PETROLEUM #21,"I-55, EXIT 129",Perryville,MO,275,2.99066666,37.7275127,-89.8645455
61145,TEXACO,US-49 & US-98,Hattiesburg,MS,620,3.199,31.3602753,-89.3487782
61146,STUCKEYS EXPRESS #619,"I-59, EXIT 113 & SR-528",Heidelberg                              ,MS,620,3.499,31.8868224,-88.9839419
61149,CEFCO #501,US-45,Lauderdale,MS,705,2.899,32.4154655,-88.6554122
61168,Blue Sky #717,US-72 & SR-15,Walnut,MS,435,3.099,34.9512588,-88.9040201
61171,CHEVRON CURB STORE,US-49 & SR-26,Wiggins,MS,620,3.499,30.8582440,-89.1353283
61176,TOWN PUMP FOOD STORE #8947,US-2,Chinook,MT,815,3.629,48.5901320,-109.2318230
61182,TOWN PUMP FOOD STORE #3000,US-87,Lewistown,MT,815,3.599,47.0639275,-109.4282130
61193,SPEEDWAY #8502,"I-75, EXIT 161 & CR-99",Findlay,OH,411,3.299,41.0870357,-83.6574215
61195,MINUTEMAN FOOD MART #06,SR-24,Clinton,NC,245,3.649,34.9979453,-78.3233325
61205,SPEEDWAY #6961,"I-40, EXIT 303",Garner,NC,177,2.92066666,35.7206054,-78.5859322
61210,SHEETZ #548,US-29,Greensboro,NC,65,2.859,36.1654052,-79.7179402
61254,7-ELEVEN #36075,"I-77, EXIT 65 & SR-901",Union Grove,NC,46,2.859,35.6651645,-76.6091017
61266,CENEX CONVENIENCE STORE,US-2 & SR-19,Devils Lake,ND,355,3.249,48.1127790,-98.8651200
61269,FLYING J #489,"I-29, EXIT 138",Grand Forks,ND,341,3.61566666,47.8870895,-97.0921358
61271,MARATHON,"I-94, EXIT 292",Valley City,ND,341,3.499,35.9944500,-114.8323675
61291,FLEMING OIL FOOD MART,ST 9,West Chesterfield,NH,12,3.899,42.9042482,-72.5156447
61292,ENRITE,"I-95, EXIT 14A",Jersey City,NJ,115,3.349,40.6771641,-74.0901103
61301,SUNOCO- WALT WHITMAN PLAZA #7007,"NJTP,MILE POST 30",Cherry Hill,NJ,150,3.899,39.9348351,-75.0307264
61304,A Plus MOLLY PITCHER PLAZA #7011,MILE POST 71.7 NJ TURNPIKE SO,Cranbury,NJ,115,3.909,40.3133907,-74.5201927
61305,BP,US-130,Cranbury,NJ,150,3.14566666,40.3163322,-74.5092094
61308,CARLSTADT VALERO,SR-120,Carlstadt,NJ,115,3.199,40.8403778,-74.0906974
61312,BLUE STAR,US-202 & SR-31,Flemington                              ,NJ,115,3.399,40.4994984,-74.8553926
61326,SUNOCO JAMES F COOPER PLAZA- #7008,MILEPOST 39 NJ TURNPIKE N,Mount Laurel,NJ,150,3.959,39.9340020,-74.8909988
61328,KW RASTALL OIL,US-130,North Brunswick,NJ,115,3.199,40.4539249,-74.4765450
61333,46 GAS AND TRUCK STOP,US-46,Palisades Park,NJ,115,3.23566666,40.8481556,-73.9976390
61337,SUNOCO- JOHN FENWICK PLAZA #7006,"NJTP, MM 5",Penns Grove,NJ,150,3.909,39.7295581,-75.4679734
61339,FUEL ONE,"I-78, EXIT 3 & US-22",Phillipsburg,NJ,79,3.359,40.6756860,-75.1400009
61346,SUNOCO- ALEXANDER HAMILTON PLAZA #7016,NEW JERSEY TURNPIKE SOUTH MILEPOST 111.6 ,Secaucus,NJ,115,3.899,40.7899291,-74.0566735
61357,KENT KWIK #501,US-70 & US-54,Alamogordo,NM,593,2.98233333,32.9364379,-105.9639578
61364,HUNTINGTON BROADWAY CONOCO,US-64 BUS,Farmington,NM,614,3.799,36.7291152,-108.2054450
61409,104 STORE,SR-370/SR-104,Red Creek                               ,NY,220,3.799,43.2472890,-76.7235640
61410,KWIK FILL #58,ST 15,Rochester                               ,NY,190,3.969,43.1572850,-77.6152140
61410,KWIK FILL #58,ST 15,Rochester                               ,NY,190,3.999,43.1572850,-77.6152140
61421,7-ELEVEN #40294,"I-80 WB, EXIT 139",Amherst,OH,249,3.53233333,41.3978217,-82.2223775
61430,7-ELEVEN #40303,"I-90, EXIT 7",Clyde,OH,550,3.66233333,41.3040468,-82.9750686
61431,7-ELEVEN #40304,"I-90, EXIT 7",Clyde,OH,550,3.66233333,41.3040468,-82.9750686
61439,7-ELEVEN #40302,"I-75, EXIT 157",Genoa,OH,550,3.66233333,41.5181064,-83.3590940
61449,7-ELEVEN #40297,"I-80, EXIT 13A",Mantua,OH,249,3.53233333,41.2839440,-81.2239910
61450,7-ELEVEN #40298,I-80,Mantua,OH,249,3.53233333,41.2839440,-81.2239910
61453,CITGO,"I-475, EXIT 6",Maumee,OH,550,3.499,41.5628294,-83.6538244
61458,7-ELEVEN #40299,OHIO TNPK MM 237 & SR-26,New Springfield,OH,165,3.53233333,40.9172220,-80.6058743
61459,7-ELEVEN #40300,"I-76, EXIT 157",New Springfield,OH,165,3.53233333,40.9172220,-80.6058743
61461,S&G,"I-280, EXIT 7                 ",Oregon                                  ,OH,550,3.599,41.6436603,-83.4868768
61477,CHOCTAW NATION GRANT #633,US-271,Grant,OK,253,2.999,36.7888817,-97.7824914
61483,CM SILVER DOLLAR,"I-220, EXIT 7",Shreveport,LA,745,3.299,32.5135356,-93.7477839
61492,SPRINGER TRAVEL PLAZA,I-35 EXIT 40,Springer,OK,253,2.91566666,34.3032796,-97.1569754
61508,7-ELEVEN #40275,"I-70 & I-76 NB, MM 147",Bedford,PA,14,4.199,40.0271453,-78.5237447
61509,7-ELEVEN #40275,"I-70/I-76 SB, MM 147",Bedford,PA,14,4.199,40.0271453,-78.5237447
61511,MIDWAY FUEL AND TRUCK WASH,"I-78/US-22, EXIT 16",Bethel,PA,208,3.364,40.3442363,-80.0428314
61515,Carlisle Fuel Stop,"I-81, EXIT 52",Carlisle,PA,70,3.359,40.2014990,-77.1890783
61540,S&P Oil,US-13,Levittown,PA,160,3.81566666,40.1575560,-74.8321288
61559,7-ELEVEN #40273,34 MILE WEST OF EXIT 11/146,Somerset,PA,168,4.20733333,39.9980022,-79.0415528
61560,7-ELEVEN #40272,"I-70 & 76, EXIT 10",Somerset,PA,168,4.20733333,39.9980022,-79.0415528
61567,7-ELEVEN #35774,"I-76, EXIT 5/48",Verona,PA,165,4.20733333,40.5064571,-79.8431050
61569,KWIK FILL #295,US-6 BUS,Warren,PA,240,4.699,41.8406509,-79.1351701
61570,7-ELEVEN #40276,"I-76, EXIT 12/161 & SR-655",Waterfall,PA,14,4.199,40.1275826,-78.0627822
61571,7-ELEVEN #40280,MILE MARKER 55 NE EXT PENN TPKE,Allentown,PA,90,3.589,40.5997964,-75.4823000
61594,SPINX #138 (DISCOUNT AVAILABLE),"I-85, EXIT 44",Greenville,SC,30,3.04233333,34.8513540,-82.3984882
61595,CORNER MART 3338,"I-85, EXIT 44",Greenville,SC,30,2.907,34.8545508,-82.3578023
61596,HOT SPOT #2009,US-25/US-178 & SR-225,Greenwood,SC,30,2.939,34.4588296,-82.0547495
61597,SPINX #121,"I-85, EXIT 56",Greer,SC,30,3.16566666,34.8959605,-82.1628327
61598,Shell,SR-41,Hemingway,SC,245,3.199,33.7537774,-79.4475566
61599,HOT SPOT #2013,"I-26, EXIT 10",Inman,SC,210,3.149,35.0478410,-82.0906082
61605,HOT SPOT #2028,US-76/US-301,Marion,SC,63,2.999,33.9119436,-79.4061026
61616,PILOT #4578,"I-77, EXIT 48 & SC-200",Winnsboro,SC,135,3.409,34.3807012,-81.0864776
61621,CUBBYS #401,"I-90 , EXIT 332 & SR-37",Mitchell,SD,530,3.149,43.7095300,-98.0253790
61625,PRARIE STOP,US-212 & SR-20,Watertown,SD,566,3.279,44.8992110,-97.1152890
61633,ECO TRAVEL PLAZA,"I-40, EXIT 320 & SR-298",Crossville,TN,405,3.02566666,35.9496840,-85.0274835
61642,PILOT TRAVEL CENTERS #252,"I-35, EXIT 26",Kearney,MO,400,3.699,39.3731886,-94.3621376
61646,SHELL,"I-40, EXIT 35 & SR-59",Mason,TN,435,3.549,47.2016138,-123.0912416
61651,LEES FOOD MART #123,"I-81, EXIT 23 AT MILE 23",Bulls Gap,TN,405,3.259,36.2535742,-83.0860610
61654,MAJOR MARKETS #276,US-51/SR-3,Ripley,TN,435,3.799,35.7453551,-89.5297973
61656,PHILLIPS 66,US-51,Union City,TN,460,3.38233333,36.4076590,-89.0837263
61660,MARATHON,"I-40, EXIT 108",Wildersville,TN,435,3.099,35.7814547,-88.3603243
61684,WOODYS FOOD MART,"I-45 & SR-7, EXIT 164",Centerville,TX,670,2.84566666,31.2578221,-95.9785301
61730,STRIPES 7FLEET #42430,"I-20, EXIT 131",Midland,TX,612,3.569,31.8368800,-102.0103767
61747,TEX-BEST #504,"I-35, EXIT 141",Von Ormy                                ,TX,740,3.15733333,29.2777312,-98.6676197
61751,ALLSUPS CONVENIENCE STORE #2264,SR-214,Seminole,TX,710,3.094,32.7167351,-102.6490967
61761,ALLSUPS CONVENIENCE STORE #2304,"I-40, EXIT 36 & US-385",Vega,TX,585,2.999,35.2460300,-102.4252734
61763,ALLSUPS CONVENIENCE STORE #2283,"I-20, EXIT 73",Wickett,TX,710,2.899,31.5689470,-103.0037000
61787,DUCK THRU FOOD STORE #5,US-258,Franklin                                ,VA,180,3.499,37.0527719,-79.8813093
61796,EXXON,US-220,Martinsville                            ,VA,185,3.375,36.6930788,-79.8498157
61799,CIRCLE K #2723712,"I-77, EXIT 52 & US-52/SR-42",Bland,VA,185,3.37566666,37.1770797,-81.1403739
61804,CARTERS ONE STOP,"I-95 & SR-301, EXIT 31 & SR-40",Stony Creek,VA,180,2.959,36.9479277,-77.4008113
61806,LANKFORD TRUCK PLAZA,US-13 & CR-646,Townsend,VA,130,3.399,37.1849815,-75.9584730
61819,CHEVRON,"I-5, EXIT 36",Longview,WA,935,4.499,46.1477664,-122.9626526
61830,APPLETON TRAVEL PLAZA,SR-96,Appleton,WI,444,3.40566666,44.2613967,-88.4069744
61832,BARRON FARMERS UNION,"US-8, EXIT 53",Barron,WI,545,3.639,45.4235570,-91.8454099
61835,BRISTOL BP,"I-94, EXIT 345 & US-45",Bristol,WI,444,3.719,43.2731217,-89.2115666
61843,KWIK TRIP #332,SR-33,Horicon,WI,444,3.21566666,43.4479816,-88.6353803
61849,KWIK TRIP #306,"I-94, EXIT 259 & SR-89",Lake Mills,WI,420,3.43233333,43.0903746,-88.9100133
61862,KWIK TRIP #781,SR-21,Redgranite,WI,582,3.35233333,44.0434143,-89.1008881
61867,KWIK TRIP #318,SR-27 & SR-16/SR-71,Sparta,WI,515,3.34233333,43.9334245,-90.8212710
61877,CASEYS #3715,SR-59,Whitewater,WI,420,3.299,42.8339562,-88.7306517
61879,KWIK TRIP #347,SR-13,Wisconsin Rapids,WI,395,3.31233333,44.3977053,-89.8554424
61880,KWIK TRIP #310,SR-13/SR-73,Wisconsin Rapids,WI,395,3.26233333,44.3977053,-89.8554424
61908,CRANBROOK HUSKY,HWY 3/95,Cranbrook,BC,50,4.5076218,40.0254784,-83.0418778
61908,CRANBROOK HUSKY,HWY 3/95,Cranbrook,BC,50,4.51093964,40.0254784,-83.0418778
61908,CRANBROOK HUSKY,HWY 3/95,Cranbrook,BC,50,4.50861664,40.0254784,-83.0418778
61968,FLYING J TRAVEL PLAZA #701,"I-35, EXIT 33",Ardmore,OK,253,3.659,34.1729273,-97.1309119
61978,PETRO-CANADA,HWY 247,Etobicoke,ON,720,3.59147696,,
61978,PETRO-CANADA,HWY 247,Etobicoke,ON,720,3.5617793,,
61978,PETRO-CANADA,HWY 247,Etobicoke,ON,720,3.61667741,,
61978,PETRO-CANADA,HWY 247,Etobicoke,ON,720,3.62494257,,
61978,PETRO-CANADA,HWY 247,Etobicoke,ON,720,3.61827417,,
61978,PETRO-CANADA,HWY 247,Etobicoke,ON,720,3.62547711,,
61983,PETRO-CANADA,HWY 35,Orono                                   ,ON,720,3.59147696,,
61996,PETRO-CANADA,"HWY-402, EXIT 9 & CR-22",Sarnia                                  ,ON,620,3.34071441,39.8406732,-86.0277723
61996,PETRO-CANADA,"HWY-402, EXIT 9 & CR-22",Sarnia                                  ,ON,620,3.31041527,39.8406732,-86.0277723
61996,PETRO-CANADA,"HWY-402, EXIT 9 & CR-22",Sarnia                                  ,ON,620,3.31846981,39.8406732,-86.0277723
61996,PETRO-CANADA,"HWY-402, EXIT 9 & CR-22",Sarnia                                  ,ON,620,3.31798054,39.8406732,-86.0277723
61996,PETRO-CANADA,"HWY-402, EXIT 9 & CR-22",Sarnia                                  ,ON,620,3.31114588,39.8406732,-86.0277723
61996,PETRO-CANADA,"HWY-402, EXIT 9 & CR-22",Sarnia                                  ,ON,620,3.31187682,39.8406732,-86.0277723
61998,PETRO-CANADA,HWY 417,Gloucester                              ,ON,400,3.72804545,38.8035399,-76.5135512
61998,PETRO-CANADA,HWY 417,Gloucester                              ,ON,400,3.7854,38.8035399,-76.5135512
61998,PETRO-CANADA,HWY 417,Gloucester                              ,ON,400,3.82084539,38.8035399,-76.5135512
61998,PETRO-CANADA,HWY 417,Gloucester                              ,ON,400,3.72886824,38.8035399,-76.5135512
61998,PETRO-CANADA,HWY 417,Gloucester                              ,ON,400,3.75865199,38.8035399,-76.5135512
61998,PETRO-CANADA,HWY 417,Gloucester                              ,ON,400,3.82028205,38.8035399,-76.5135512
62008,LOVES TRAVEL STOP #366,"I-81, EXIT 90",Jonestown,PA,70,3.85733333,41.1264315,-76.3070273
62016,PETRO-CANADA,"HWY-400, EXIT 29 & HWY-407, EXIT 67",Concord,ON,720,3.42329404,40.2933697,-86.8375069
62016,PETRO-CANADA,"HWY-400, EXIT 29 & HWY-407, EXIT 67",Concord,ON,720,3.3668422,40.2933697,-86.8375069
62016,PETRO-CANADA,"HWY-400, EXIT 29 & HWY-407, EXIT 67",Concord,ON,720,3.45750874,40.2933697,-86.8375069
62016,PETRO-CANADA,"HWY-400, EXIT 29 & HWY-407, EXIT 67",Concord,ON,720,3.43010883,40.2933697,-86.8375069
62016,PETRO-CANADA,"HWY-400, EXIT 29 & HWY-407, EXIT 67",Concord,ON,720,3.42178332,40.2933697,-86.8375069
62016,PETRO-CANADA,"HWY-400, EXIT 29 & HWY-407, EXIT 67",Concord,ON,720,3.39643942,40.2933697,-86.8375069
62075,FLYING J TRAVEL PLAZA #657,US-283/US-50/US-56 & US-400,Dodge City,KS,570,3.799,37.7527982,-100.0170787
62097,FLASH MARKET #17046,US-65/SR-9,Clinton,AR,695,3.239,35.5928879,-92.4573348
62211,STUBS GAS AND OIL,"I-76, EXIT 66",Wiggins                                 ,CO,800,3.559,40.2304339,-104.0744597
62238,Circle K #2726278,SR-207,Hastings,FL,75,3.569,29.7137943,-81.5077251
62283,Circle K #2745099,US-23 & US-341/SR-27,Hazlehurst,GA,195,3.529,31.8650098,-82.5891202
62316,BP,US-20,Delaware,IA,335,3.299,42.4679984,-91.4801375
62355,MINIT MART #600630,"I-39, EXIT 14",El Paso,IL,368,3.679,40.7392018,-89.0164626
62355,MINIT MART #600630,"I-39, EXIT 14",El Paso,IL,368,3.599,40.7392018,-89.0164626
62370,7-ELEVEN #34712,I-90 Exit 24,Belvidere,IL,290,3.739,42.2538553,-88.8315598
62399,Rebel Plus #882,"I-80, EXIT 101",Bristol,IN,465,3.57566666,41.7214415,-85.8175361
62462,HAWESWAY TRUCKSTOP,US-60,Owensboro,KY,487,3.599,37.7742152,-87.1133304
62467,SUPER QUIK #9,"I-64, EXIT 181",Ashland,KY,255,3.669,38.4784144,-82.6379387
62480,CM GALLIANO,US-167,Cut Off,LA,725,3.499,29.5137680,-90.3239092
62487,Fred's Food Mart,US-61,Saint Francisville,LA,600,3.799,30.7807244,-91.3763353
62500,CASH MAGIC VINTON,"I-10, EXIT 4 & SR-109",Vinton,LA,690,3.284,30.1907628,-93.5812717
62547,MARATHON,SR-32W,Gaylord,MI,287,3.799,44.9902925,-84.6765404
62550,Sunoco,"I-275, EXIT 11",New Boston                              ,MI,325,3.399,42.1368524,-83.4017970
62550,Sunoco,"I-275, EXIT 11",New Boston                              ,MI,325,3.439,42.1368524,-83.4017970
62559,EXPRESS FOOD DEPOT,"I-94, EXIT 266",Smiths Creek,MI,325,3.629,42.9139187,-82.6038085
62559,EXPRESS FOOD DEPOT,"I-94, EXIT 266",Smiths Creek,MI,325,3.659,42.9139187,-82.6038085
62559,EXPRESS FOOD DEPOT,"I-94, EXIT 266",Smiths Creek,MI,325,3.719,42.9139187,-82.6038085
62560,ONE9 #23,"I-96, EXIT 67",Ionia,MI,406,3.499,42.9469688,-85.0713945
62560,ONE9 #23,"I-96, EXIT 67",Ionia,MI,406,3.439,42.9469688,-85.0713945
62701,PILOT TRAVEL CENTERS #408,"I-68, EXIT 22",Grantsville,MD,14,4.259,39.6991282,-79.1577212
62710,TOWN PUMP FOOD STORE #922,"I-90, EXIT 370 &SR-10",Big Timber                              ,MT,780,3.479,45.8349010,-109.9553110
62753,PETRO SERVE USA,US-10,West Fargo,ND,341,3.029,46.8764941,-96.9035701
62768,PUMP & PANTRY #34,US-20 & SR-27,Gordon,NE,475,3.449,42.8047822,-102.2032735
62774,MR MIKES MINI MART,SR-9,Northwood                               ,NH,34,3.599,43.1946640,-71.1515810
62790,7-ELEVEN #40084,US-46/US-1/US-9,Palisades Park,NJ,115,3.099,40.8481556,-73.9976390
62800,A ONE TRUCK STOP,US-9,South Amboy,NJ,79,3.499,40.4953179,-74.2986460
62817,LOVES TRAVEL STOP #364,I-75 EXIT 33,Charleston,TN,285,3.589,35.2858415,-84.7575018
62824,FLYING J TRAVEL PLAZA #1005,"I-80, EXIT 48",Fernley,NV,966,3.91566666,39.6075249,-119.2508406
62841,SPEEDWAY #9912,"I-81, EXIT 10",Mc Graw,NY,32,4.309,42.9303866,-74.2555788
62844,CIRCLE K #4707612,"I-81, EXIT 14",Tully,NY,220,3.799,42.7981230,-76.1093696
62844,CIRCLE K #4707612,"I-81, EXIT 14",Tully,NY,220,4.299,42.7981230,-76.1093696
62850,GANSEVOORT MINI MART,"I-87, EXIT 17",Gansevoort,NY,12,3.759,43.1962051,-73.6513967
62850,GANSEVOORT MINI MART,"I-87, EXIT 17",Gansevoort,NY,12,3.779,43.1962051,-73.6513967
62887,SPEEDWAY #9367,"I-275, EXIT 42",Cincinnati,OH,300,3.12566666,39.1929157,-84.5726814
62911,DAVIS TRAVEL CENTER #108,"I-85, EXIT 39",Warfield,VA,180,3.099,36.8957465,-77.8170135
62918,CIRCLE K #4705567,ST 91,Twinsburg,OH,305,3.63233333,41.2844036,-81.4400840
62991,ONVO TRAVEL PLAZA,"I-84, EXIT 17",Lake Ariel,PA,200,3.58566666,41.4539745,-75.3826810
62996,MARTIN GENERAL STORE,US-22,Alexandria,PA,14,3.539,40.5564586,-78.0977847
63013,TA WEST GREENWICH,"I-95, EXIT 5B",West Greenwich,RI,175,3.76566666,41.6088030,-71.6640989
63018,CIRCLE K #2723354,"I-526, EXIT 18A & US-78",Charleston,SC,42,3.299,32.8076942,-80.1120844
63126,PWI #120,"I-10, EXIT 593",Schertz,TX,740,2.92566666,29.5641617,-98.2695702
63193,Shell,US-29,Warrenton,VA,60,3.25733333,38.7194053,-77.8066018
63211,OMAK MART,US-97 & SR-215,Omak,WA,970,4.149,48.4109853,-119.5275500
63246,Petro Stopping Center #368,"I-94, EXIT 333",Sturtevant,WI,444,3.889,42.6980749,-87.8945229
63313,MARION TRAVEL CENTER,I-55 EXIT 14,Marion                                  ,AR,435,3.199,35.2610913,-90.2260265
63330,CIRCLE K #2723678,SR-53,Rome,GA,18,3.06233333,34.2472135,-85.1609650
63336,ROAD RANGER #118,"I-72 & I-55, EXIT 100-A",Springfield,IL,318,3.299,39.7129603,-89.6491688
63336,ROAD RANGER #118,"I-72 & I-55, EXIT 100-A",Springfield,IL,318,3.409,39.7129603,-89.6491688
63349,FLYING J TRAVEL PLAZA #662,"I-24, EXIT 86",Oak Grove,KY,415,3.15233333,36.6650471,-87.4427878
63351,76 FUEL CENTER,"I-75, EXIT 76",Berea,KY,410,2.999,37.5695312,-84.3200966
63353,LOVES TRAVEL STOP #367,"I-74, EXIT 149",Le Roy,IL,280,3.589,40.3519795,-88.7642370
63353,LOVES TRAVEL STOP #367,"I-74, EXIT 149",Le Roy,IL,280,3.549,40.3519795,-88.7642370
63353,LOVES TRAVEL STOP #367,"I-74, EXIT 149",Le Roy,IL,280,3.489,40.3519795,-88.7642370
63353,LOVES TRAVEL STOP #367,"I-74, EXIT 149",Le Roy,IL,280,3.389,40.3519795,-88.7642370
63376,Circle K #2746246,US-169 & SR-41,Shakopee,MN,448,3.599,44.7980186,-93.5268986
63379,Petro Stopping Center #460,"I-70, EXIT 28",Oak Grove,MO,400,3.21233333,39.0048397,-94.1291914
63388,CIRCLE K #2723471,"I-95, EXIT 121",Wilson,NC,205,3.199,35.6910200,-77.9458340
63391,FLYING J TRAVEL PLAZA #687,"I-80, EXIT 179",North Platte,NE,475,3.449,41.1238873,-100.7654232
63409,FLYING J TRAVEL PLAZA #693,"I-90, EXIT 48A; PEMBROKE, NY",Corfu,NY,38,3.889,42.9600595,-78.4055767
63428,FLYING J TRAVEL PLAZA #702,"I-40, EXIT 264B",Checotah                                ,OK,560,3.699,35.4700917,-95.5230691
63442,Flying J Travel Plaza #720,"I-40, EXIT 182",Fairview                                ,TN,460,3.18566666,35.9820074,-87.1213953
63455,FLYING J TRAVEL PLAZA #752,"I-81, EXIT 323",Clear Brook,VA,60,3.659,39.2564912,-78.0961110
63456,SHELL,"I-85, EXIT 61",Petersburg,VA,180,3.20066666,37.1890635,-77.3713709
63495,DECAUTER SHELL TRUCK STOP,"I-35, EXIT 369",Decatur,TX,637,2.91566666,33.2342834,-97.5861393
63498,PILOT #6955,I-40/I-85 EXIT 150,Haw River,NC,65,3.959,36.0705672,-79.3508825
63500,SPEEDWAY #8723,"I-75, EXIT 144B",Bridgeport,MI,342,3.379,43.3489211,-83.8591430
63500,SPEEDWAY #8723,"I-75, EXIT 144B",Bridgeport,MI,342,3.249,43.3489211,-83.8591430
63500,SPEEDWAY #8723,"I-75, EXIT 144B",Bridgeport,MI,342,3.259,43.3489211,-83.8591430
63500,SPEEDWAY #8723,"I-75, EXIT 144B",Bridgeport,MI,342,3.469,43.3489211,-83.8591430
63501,LOVES TRAVEL STOP #407,I-81 EXIT 52B OR I-76 EXIT 226,Carlisle,PA,70,4.099,40.2014990,-77.1890783
63502,FLYING J TRAVEL PLAZA #704,I-35 & 122ND ST,Edmond,OK,483,3.30566666,35.6571367,-97.4649038
63506,KWIK TRIP #342,"I-39, EXIT 159",Stevens Point,WI,395,3.559,44.5363090,-89.5499702
63509,PILOT #4557,"I-85, EXIT 166",Carnesville,GA,16,3.17233333,34.3885734,-83.2265002
63509,PILOT TRAVEL CENTER #4557,"I-85, EXIT 166",Carnesville,GA,16,3.239,34.3885734,-83.2265002
63510,PILOT #4584,"I-95, EXIT 181",Latta,SC,63,3.349,34.3453287,-79.5344354
63511,PILOT #4576,"I-95, EXIT 82",Saint George,SC,42,3.519,33.1859958,-80.5756534
63512,SPEEDWAY #7929,"I-40, EXIT 208",Colfax,NC,65,2.854,36.0939865,-79.9954415
63516,SHEETZ #701,"I-81, EXIT 273",Mount Jackson,VA,60,2.874,38.7604124,-78.6319399
63517,TA LINCOLN TRAVEL CENTER,"I-20, EXIT 168 & SR-77",Lincoln,AL,615,3.084,33.6131588,-86.1183061
63519,PILOT TRAVEL CENTERS #243,"I-64, EXIT 45 & SR-25",Nitro,WV,44,3.62566666,38.4435552,-81.8308012
63522,Pilot Travel Centers #411,"I-40, EXIT 238 & US-231",Lebanon,TN,460,3.24566666,36.1786388,-86.2994109
63523,PILOT TRAVEL CENTER #441,"I-65, EXIT 334",Decatur,AL,615,3.859,34.6060203,-86.9838165
63523,PILOT TRAVEL CENTERS #441,"I-65, EXIT 334",Decatur,AL,615,3.859,34.5380265,-86.9104338
63524,PILOT TRAVEL CENTER #416,"I-75/SR-401, EXIT 101",Cordele,GA,10,3.28566666,31.9602527,-83.7468336
63524,PILOT TRAVEL CENTERS #416,"I-75/SR-401, EXIT 101",Cordele,GA,10,3.33233333,31.9597614,-83.7467122
63530,BIG EASY TRAVEL PLAZA,"I-10, EXIT 239-B",New Orleans,LA,725,3.799,29.9759983,-90.0782127
63532,FUELSMART,SR-165,Muskogee,OK,560,3.25233333,35.6630196,-95.3927706
63533,FLYING J TRAVEL PLAZA #638,"I-84, EXIT 29",Caldwell,ID,785,3.78733333,43.6678736,-116.6894150
63538,SUAMICO CITGO,"US-41/US-141, EXIT 176 & CR-B",Suamico,WI,360,3.269,44.6320440,-88.0393420
63540,GAS N GO,"I-75, EXIT 149",Byron,GA,85,3.17233333,32.6581562,-83.7456186
63545,LOVES TRAVEL STOP #397,"I-85, EXIT 104",Blacksburg,SC,210,3.419,35.1212409,-81.5159246
63546,CITGO QUIK MART,SR/15 & SR-68,Tennille                                ,GA,85,3.46566666,32.9359886,-82.8115273
63563,PILOT TRAVEL CENTERS #209,"I-10, EXIT 140",Van Horn                                ,TX,640,3.659,31.0359987,-104.8295324
63564,PILOT TRAVEL CENTERS #213,"I-70, EXIT 94 (WILSON ROAD)",Columbus,OH,315,3.509,39.9622601,-83.0007065
63565,LOVES TRAVEL STOP #296,"I-8, EXIT 115 & SR-85",Gila Bend,AZ,930,3.889,32.9478267,-112.7168230
63566,PORT ALLEN TRUCKSTOP,"I-10, EXIT 151 & SR-415",Port Allen,LA,600,3.259,30.4533500,-91.2100569
63568,FLYING J TRAVEL PLAZA #658,"I-35, EXIT 127",Emporia,KS,336,3.25233333,38.4040054,-96.1816230
63569,Flying J Dealer #893,"I-80, EXIT 40 (US-59)",Avoca,IA,319,3.659,41.4776567,-95.3394897
63569,PILOT TRAVEL CENTERS #893,"I-80, EXIT 40 (US-59)",Avoca,IA,319,3.659,41.4776567,-95.3394897
63570,PILOT TRAVEL CENTERS #287,"I-71, EXIT 204 & SR-83",Burbank,OH,305,3.699,40.9886670,-81.9948684
63571,Palace Truckstop,"I-10, EXIT 246 & I-510, EXIT 2C",New Orleans,LA,725,3.299,29.9759983,-90.0782127
63572,PILOT TRAVEL CENTER #211,"I-40, EXIT 9 & SR-95",Lake Havasu City,AZ,910,3.849,34.4775296,-114.3379972
63572,PILOT TRAVEL CENTERS #211,"I-40, EXIT 9 & SR-95",Lake Havasu City,AZ,910,3.999,34.7283228,-114.3159951
63574,PILOT TRAVEL CENTERS #232,"I-84, EXIT 376A",Ontario,OR,982,3.699,44.0265525,-116.9629378
63575,OKEMAH TRAVEL CENTER,"I-40, EXIT 221 (ST 27)",Okemah,OK,483,2.879,35.4325854,-96.3050064
63577,PILOT TRAVEL CENTERS #236,"I-80, EXIT 122",Minooka,IL,290,3.799,41.4607447,-88.2720678
63577,PILOT TRAVEL CENTER #236,"I-80, EXIT 122",Minooka,IL,290,3.799,41.4609593,-88.2729946
63579,301 PLAZA,US-301 & SR-299,Middletown,DE,243,3.239,39.4497639,-75.7166345
63580,FLYING J TRAVEL PLAZA #637,"I-380, EXIT 68",Evansdale,IA,565,3.779,42.4771838,-92.2884110
63581,CASEYS #4453,"I-75, EXIT 120",Lexington,KY,410,3.224,38.0464066,-84.4970393
63582,T BONE TRUCK STOP,US-30,Columbus                                ,NE,313,3.099,41.4292988,-97.3581439
63583,CUBBYS #110,"I-80, EXIT 353",Columbus                                ,NE,313,3.179,41.4292988,-97.3581439
63584,PILOT TRAVEL CENTERS #417,"I-20, EXIT 19",Temple,GA,18,3.449,33.7188325,-85.0296703
63584,PILOT TRAVEL CENTER #417,"I-20, EXIT 19",Temple,GA,18,3.389,33.7186466,-85.0299664
63586,LOVES TRAVEL STOP #295,US-412 & US-69,Chouteau,OK,560,3.29066666,36.1859301,-95.3430239
63587,24/7 TRAVEL PLAZA,"I-135, EXIT 92",Salina,KS,523,2.974,38.8402805,-97.6114237
63588,KWIK TRIP #686,"I-94, EXIT 333/US-41 & SR-20",Sturtevant,WI,444,3.769,42.6991962,-87.9157509
63594,PILOT TRAVEL CENTERS #49,"I-24, EXIT 89",Oak Grove,KY,415,3.15233333,36.6650471,-87.4427878
63595,SPEEDWAY #5236,"I-75, EXIT 122",Lima,OH,411,3.25566666,40.6978410,-84.0893659
63596,PILOT TRAVEL CENTERS #442,"I-55, EXIT 19",Hayti                                   ,MO,275,3.25566666,36.2316131,-89.7485633
63597,PILOT TRAVEL CENTERS #163,"I-10, EXIT 24",Lordsburg,NM,640,3.439,32.3504143,-108.7084340
63598,PILOT TRAVEL CENTERS #164,"I-90/I-94, EXIT 69 & SR-82",Mauston,WI,420,3.299,43.7968543,-90.0756767
63599,PWI #978,"I-215, EXIT 21",Salt Lake City,UT,835,3.359,40.7596198,-111.8867970
63600,PILOT TRAVEL CENTERS #77,"I-55 /I-20, EXIT 45",Jackson,MS,760,3.149,32.2998686,-90.1830408
63601,PILOT TRAVEL CENTERS #206,"I-20, EXIT 406",Weatherford,TX,630,3.209,32.7274975,-97.8245942
63602,LOVES TRAVEL STOP #285,I-40 EXIT 277,Santa Rosa,NM,580,3.474,34.9386700,-104.6824890
63603,LOVES TRAVEL STOP #290,US-59/US-69/S LOOP 287 & FM-841,Lufkin,TX,610,3.649,31.3386242,-94.7288558
63603,LOVES TRAVEL STOPS #290,US-59/US-69/S LOOP 287 & FM-841,Lufkin,TX,610,3.649,31.3386242,-94.7288558
63604,7-ELEVEN #40363,US-17/SR-15 & SR-100,Palatka,FL,75,3.364,29.6487882,-81.6372111
63605,FLYING J TRAVEL PLAZA #663,"I-64, EXIT 43 & SR-395",Waddy,KY,415,3.759,38.1370153,-85.0743978
63606,FLYING J TRAVEL PLAZA #652,"I-65/US-52, EXIT 139 & SR-39",Lebanon,IN,375,3.64066666,40.0483744,-86.4691677
63607,ROAD RANGER #209,"I-90/94,  EXIT 48",Oakdale,WI,420,3.234,43.9639715,-90.3749715
63608,ROAD RANGER #206,US-20,Winnebago,IL,520,3.219,42.4910083,-88.9983124
63608,ROAD RANGER #206,US-20,Winnebago,IL,520,3.289,42.4910083,-88.9983124
63608,ROAD RANGER #206,US-20,Winnebago,IL,520,3.299,42.4910083,-88.9983124
63609,ROAD RANGER #203,US-20 & SR-2,Rockford,IL,520,3.219,42.3142607,-89.0298452
63609,ROAD RANGER #203,US-20 & SR-2,Rockford,IL,520,3.289,42.3142607,-89.0298452
63609,ROAD RANGER #203,US-20 & SR-2,Rockford,IL,520,3.299,42.3142607,-89.0298452
63612,FLYING J TRAVEL PLAZA #622,"I-95/SR-9, EXIT 131 & SR-68 & SR-713",Fort Pierce,FL,95,3.499,27.4467056,-80.3256056
63613,FLYING J TRAVEL PLAZA #690,"I-10/US-70, EXIT 24",Lordsburg,NM,640,3.439,32.3504143,-108.7084340
63614,PILOT TRAVEL CENTERS #446,"I-69, EXIT 234",Daleville,IN,457,3.514,40.1211546,-85.5580301
63614,PILOT TRAVEL CENTER #446,"I-69, EXIT 234",Daleville,IN,457,3.649,40.1151066,-85.5734426
63615,One9 #1413,"I-81, EXIT 101",Dublin,VA,185,3.24233333,37.1046408,-80.6850558
63616,SPEEDWAY #8876,"US-23, EXIT 50",Whitmore Lake,MI,342,3.499,42.3933778,-83.7613280
63616,SPEEDWAY #8876,"US-23, EXIT 50",Whitmore Lake,MI,342,3.749,42.3933778,-83.7613280
63619,PILOT TRAVEL CENTERS #428,"I-20, EXIT 112",West Monroe                             ,LA,760,3.20566666,32.5079302,-92.1924566
63620,LOVES TRAVEL STOP #420,"I-20, EXIT 47",Flowood,MS,620,3.149,32.3092861,-90.1386811
63621,FUEL CITY FRIENDLYS,"I-35E, EXIT 435",Dallas,TX,630,2.96566666,32.7762719,-96.7968559
63623,PILOT TRAVEL CENTER #90,"I-95/SR-9, EXIT 129 & SR-91, EXIT 152 & SR-70",Fort Pierce,FL,95,3.519,27.4467056,-80.3256056
63623,PILOT TRAVEL CENTERS #90,"I-95/SR-9, EXIT 129 & SR-91, EXIT 152 & SR-70",Fort Pierce,FL,95,3.459,27.4467056,-80.3256056
63624,FROG CITY TRAVEL PLAZA,"I-10, EXIT 87",Rayne                                   ,LA,690,3.36566666,30.2349250,-92.2684617
63625,FLYING J TRAVEL PLAZA #688,"I-295, DEEP WATER STREET",Penns Grove,NJ,243,3.989,39.7295581,-75.4679734
63627,PILOT TRAVEL CENTERS #174,I-78 & SR-15,New Albany,MS,435,3.859,34.4677928,-89.0060260
63628,PILOT TRAVEL CENTERS #75,"I-65, EXIT 19 & US-43/SR-13",Satsuma,AL,715,3.199,30.8532410,-88.0561106
63628,PILOT TRAVEL CENTER #75,"I-65, EXIT 19 & US-43/SR-13",Satsuma,AL,715,3.195,30.8532410,-88.0561106
63629,SPEEDWAY #4523,"I-94, EXIT 88",Osseo,WI,448,3.54566666,44.5786194,-91.2102409
63630,TA DENVER EAST TRAVEL CENTER,"I-70 & I-270, EXIT 278",Commerce City,CO,800,3.37566666,39.8083196,-104.9338675
63635,SAPP BROS TRAVEL CENTER,"I-70, EXIT 295",Junction City,KS,523,3.709,39.0286093,-96.8313978
63636,PILOT TRAVEL CENTER #279,"I-19, EXIT 12 & SR-289",Rio Rico,AZ,980,3.614,31.4714828,-110.9764769
63636,PILOT TRAVEL CENTERS #279,"I-19, EXIT 12 & SR-289",Rio Rico,AZ,980,3.659,31.4714828,-110.9764769
63637,PILOT TRAVEL CENTERS #454,"I-70, EXIT 79",London                                  ,OH,315,3.509,39.8864493,-83.4482530
63639,PILOT TRAVEL CENTERS #444,"I-70, EXIT 23",Brazil                                  ,IN,375,3.939,39.5236520,-87.1250154
63639,PILOT TRAVEL CENTER #444,"I-70, EXIT 23",Brazil                                  ,IN,375,3.939,39.5236520,-87.1250154
63640,SUPER EXPRESS STOP,"I-64, EXIT 113",Mount Sterling,KY,410,3.859,38.0561079,-83.9431961
63641,FLYING J TRAVEL PLAZA #625,"I-4/SR-400, EXIT 10 & SR-579",Seffner,FL,225,3.44233333,27.9836329,-82.2756468
63642,COLTS QUICK DRAW,"I-40, EXIT 125 & US-65/SR-25",Greenbrier,AR,695,3.30733333,35.2339274,-92.3877837
63648,CIRCLE K #2723333,"I-75, EXIT 216",Mcdonough,GA,67,3.209,33.4473361,-84.1468616
63649,ONE TRIP,US-84,Homerville,GA,10,3.44233333,31.0342931,-82.7612070
63651,CIRCLE K #2723346,US-29/S8,Athens,GA,16,3.399,33.9820735,-83.3475889
63652,CASEYS #3292,"I-380, EXIT 43 & US-20",Independence,IA,380,3.599,42.4685661,-91.8891187
63653,FLYING J TRAVEL PLAZA #760,US-30 & SR-232,Cokeville,WY,835,3.899,42.0848242,-110.9566093
63661,FLYING J TRAVEL PLAZA #677,"US-78, EXIT 6",Olive Branch,MS,435,3.28566666,34.9617605,-89.8295315
63662,PILOT TRAVEL CENTERS #267,"I-75, EXIT 146",Byron                                   ,GA,85,3.36566666,32.6537561,-83.7596294
63662,PILOT TRAVEL CENTER #267,"I-75, EXIT 146",Byron                                   ,GA,85,3.38566666,32.6537561,-83.7596294
63667,CIRCLE K #2723875,SR-41/SR-45,Jamestown,SC,42,2.974,33.5860746,-79.0117017
63668,PILOT #4579,"I-26, EXIT 139",Saint Matthews,SC,135,3.509,33.6648760,-80.7778681
63669,One9 #1248,"I-45, EXIT 271",Wilmer,TX,630,2.75566666,32.5890243,-96.6852724
63671,WESTERN TRAVEL TERMINAL,US-26 & US-85,Torrington                              ,WY,795,3.399,42.0564102,-104.1655740
63676,CORNER EXPRESS,ST 55,Wellston                                ,MI,456,3.499,44.2234876,-85.8054777
63680,ALLTOWN MARKETS-FLYING J #896,I-93 EXIT 11 & SR 3A,Bow,NH,39,4.099,43.1330610,-71.5491490
63685,RIVER HEIGHTS GROCERY,US-64/SR-69/SR-15,Crump                                   ,TN,435,3.099,35.2217482,-88.3180946
63690,LOVES TRAVEL STOP #277,"I-30, EXIT 46",Prescott,AR,635,3.47566666,33.8026107,-93.3810057
63691,JIMMIES AUTO TRUCK PLAZA,"I-10, EXIT 262",Lee,FL,20,3.84733333,26.5999265,-81.8823135
63694,PILOT TRAVEL CENTERS #261,"I-55, EXIT 186",Winona,MS,576,3.499,33.4852804,-89.7703083
63695,FLYING J TRAVEL PLAZA #634,"I-20/SR-402, EXIT 19 & SR-113",Temple,GA,18,3.419,33.7370514,-85.0324450
63697,MILLER MART #40,"I-64, EXIT 255B",Newport News,VA,130,3.30566666,36.9775016,-76.4297700
63699,DEWITT TRAVEL MART,"US-30, EXIT 313",De Witt,IA,270,3.599,41.8236361,-90.5382696
63700,WIXOM FUEL STOP,"I-96, EXIT 159",Wixom,MI,325,3.999,42.5246873,-83.5363637
63701,FLYING J TRAVEL PLAZA #742,"I-80, EXIT 98/99",Tooele                                  ,UT,835,3.759,40.4062872,-113.1966394
63702,QUICK FUEL #2501,"I-264, EXIT 14",Louisville,KY,415,3.08233333,38.2542376,-85.7594070
63703,QUICK FUEL #2303,"I-71, EXIT 104/FRANK RD EXIT",Columbus,OH,315,3.56566666,39.9622601,-83.0007065
63704,QUICK FUEL #2301,"I-275, EXIT 44",Cincinnati,OH,300,3.239,39.1014537,-84.5124602
63706,QUICK FUEL #1003,"I-41/US-45, EXIT 45 & CR-EE",Milwaukee,WI,444,3.42566666,43.0009182,-87.9050298
63715,FLYING J TRAVEL PLAZA #772,"I-215, EXIT 28",North Salt Lake                         ,UT,835,3.73233333,40.8485564,-111.9068820
63716,EXPRESS LANE #34,"I-39, EXIT 115",Rockford,IL,520,3.549,42.2713945,-89.0939660
63716,EXPRESS LANE #34,"I-39, EXIT 115",Rockford,IL,520,3.749,42.2713945,-89.0939660
63718,ROAD RANGER #210,"I-39/US-51, EXIT 99 & SR-38",Rochelle,IL,520,3.699,41.9335961,-89.0351706
63720,FLYING J TRAVEL PLAZA #611,"I-10, EXIT 137",Phoenix,AZ,930,3.589,33.4484367,-112.0741410
63721,ROAD RUNNER TRAVEL CENTER,I-69E/US-77 & CR-892,Robstown,TX,625,3.349,27.7903032,-97.6688843
63722,LOVES TRAVEL STOP #240,"I-10, EXIT 151 & SR-415",Port Allen,LA,600,3.23233333,30.4533500,-91.2100569
63724,LOVES TRAVEL STOP #244,"I-40, EXIT 87 & US-70/US-412",Jackson,TN,435,3.49733333,35.6144446,-88.8177418
63725,TA CARTERSVILLE TRAVEL CENTER,"I-75, EXIT 296",Cartersville,GA,18,3.599,34.1652304,-84.7997613
63726,FLYING J TRAVEL PLAZA #706,"I-44 & I-244, EXIT 236",Tulsa,OK,560,3.36566666,36.1563122,-95.9927516
63727,LOVES TRAVEL STOP #403,"I-81, EXIT 3",Binghamton,NY,32,3.719,42.0986980,-75.9125187
63727,LOVES TRAVEL STOP #403,"I-81, EXIT 3",Binghamton,NY,32,3.749,42.0986980,-75.9125187
63727,LOVES TRAVEL STOP #403,"I-81, EXIT 3",Binghamton,NY,32,3.689,42.0986980,-75.9125187
63727,LOVES TRAVEL STOP #403,"I-81, EXIT 3",Binghamton,NY,32,3.679,42.0986980,-75.9125187
63728,PILOT TRAVEL CENTERS #43,"I-80, EXIT 284",Walcott,IA,270,3.88566666,41.5857364,-90.7744597
63728,PILOT TRAVEL CENTER #43,"I-80, EXIT 284",Walcott,IA,270,3.859,41.6196144,-90.7853492
63729,PILOT TRAVEL CENTERS #147,"I-80, EXIT 410",West Wendover                           ,NV,835,3.709,40.7394536,-114.0664628
63730,PILOT TRAVEL CENTERS #309,"I-77, EXIT 25",Caldwell,OH,430,3.65233333,39.7478508,-81.5165127
63731,LOVES TRAVEL STOP #243,"I-10, EXIT 43 & SR-383",Iowa,LA,690,3.58733333,30.2368772,-93.0137569
63732,LOVES TRAVEL STOP #265,"I-10, EXIT 200",Eloy,AZ,930,3.434,32.7551703,-111.5534930
63734,CIRCLE K #2723472,US-70 & SR-58,Kinston,NC,63,3.319,35.2845559,-77.5888971
63736,PLATEAU TRUCK AND AUTO CENTER,"I-10, EXIT 159",Van Horn                                ,TX,640,3.099,31.0429718,-104.8316280
63737,I 10 DUSON TRUCK STOP,"I-10, AUSTRIA ROAD",Duson,LA,730,3.41066666,30.2378751,-92.1801925
63738,U STOP 33,US-77,Beatrice,NE,413,3.399,40.2664290,-96.7473690
63740,CIRCLE K #2723478,US-29,Blairs,VA,185,3.439,36.6961390,-79.3741481
63741,SHELL,"I-295, EXIT 15",Chester,VA,180,3.20233333,37.3457482,-77.3440009
63743,PILOT TRAVEL CENTERS #370,"I-81, EXIT 175",Pittston,PA,200,4.17566666,41.3259134,-75.7893604
63744,PILOT TRAVEL CENTERS #439,"I-24, EXIT 86",Oak Grove,KY,415,3.15233333,36.6921819,-87.4515611
63745,PILOT TRAVEL CENTER #447,"I-64, EXIT 25",Haubstadt,IN,340,3.959,38.2050442,-87.5741876
63745,PILOT TRAVEL CENTERS #447,"I-64, EXIT 25",Haubstadt,IN,340,3.959,38.2050442,-87.5741876
63746,PILOT TRAVEL CENTERS #453,"I-85, EXIT 90",Gaffney,SC,210,3.429,35.0780051,-81.7031606
63747,PILOT TRAVEL CENTERS #440,"I-71, EXIT 28",Pendleton,KY,415,3.759,38.6914606,-84.3689142
63751,PETRO STOPPING CENTER #328,"I-20 & I-55, EXIT 45",Jackson,MS,620,3.109,32.2998686,-90.1830408
63752,MR FUEL #732,"I-80, EXIT 226",Girard,OH,573,3.239,41.1540381,-80.7009406
63753,PILOT TRAVEL CENTER #4558,"I-75, EXIT 318",Calhoun,GA,285,3.28566666,31.5311784,-84.6143280
63753,PILOT #4558,"I-75, EXIT 318",Calhoun,GA,285,3.30566666,31.5311784,-84.6143280
63754,U SAVE TRAVEL PLAZA,US-19 & SR-129,Mount Nebo,WV,44,3.599,39.6023047,-79.7078303
63755,PILOT TRAVEL CENTERS #196,"I-40, EXIT 325 & US-64",Roland,OK,645,3.739,35.4043049,-94.5217107
63756,PILOT TRAVEL CENTERS #144,"I-20, EXIT 200",Augusta,GA,135,3.859,33.5240660,-82.0334287
63756,PILOT TRAVEL CENTER #144,"I-20, EXIT 200",Augusta,GA,135,3.859,33.5246444,-82.0330812
63759,BUFFALO RANCH,US/69/US-60 & US-59,Afton,OK,560,3.099,36.6939077,-94.9628672
63760,CASH MAGIC CITGO HOUMA,I-57,Houma,LA,725,3.56566666,29.5957696,-90.7195348
63761,7Fleet #46589,"I-94/US-52, EXIT 205 & SR-241",Saint Michael,MN,448,3.309,45.2102020,-93.6648083
63762,MINIT MART #600643,"I-57, EXIT 322",Manteno,IL,290,3.299,41.2506759,-87.8314299
63762,MINIT MART #600643,"I-57, EXIT 322",Manteno,IL,290,3.399,41.2506759,-87.8314299
63762,MINIT MART #600643,"I-57, EXIT 322",Manteno,IL,290,3.249,41.2506759,-87.8314299
63763,Flying J Travel Plaza #644,"I-80, EXIT 77 & SR-351",La Salle,IL,290,3.599,41.3333679,-89.0917497
63763,Flying J Travel Plaza #644,"I-80, EXIT 77 & SR-351",La Salle,IL,290,3.399,41.3333679,-89.0917497
63763,Flying J Travel Plaza #644,"I-80, EXIT 77 & SR-351",La Salle,IL,290,3.459,41.3333679,-89.0917497
63763,Flying J Travel Plaza #644,"I-80, EXIT 77 & SR-351",La Salle,IL,290,3.299,41.3333679,-89.0917497
63764,LOVES TRAVEL STOP #288,"I-45, EXIT 198 & US-84",Fairfield,TX,765,3.429,31.7244035,-96.1648789
63766,PILOT TRAVEL CENTERS #26,"US-23, EXIT 5 & US-223",Ottawa Lake,MI,325,3.599,41.7641517,-83.7493869
63766,PILOT TRAVEL CENTERS #26,"US-23, EXIT 5 & US-223",Ottawa Lake,MI,325,3.659,41.7641517,-83.7493869
63766,PILOT TRAVEL CENTERS #26,"US-23, EXIT 5 & US-223",Ottawa Lake,MI,325,3.579,41.7641517,-83.7493869
63766,PILOT TRAVEL CENTERS #26,"US-23, EXIT 5 & US-223",Ottawa Lake,MI,325,3.649,41.7641517,-83.7493869
63767,HOP-IN FOOD STORES,I-27 & FM-1729,New Deal,TX,700,2.92566666,33.7373052,-101.8365580
63768,PILOT TRAVEL CENTERS #443,"I-70, EXIT 49",Higginsville,MO,400,3.23566666,39.0032073,-93.7347166
63770,FLYING J TRAVEL PLAZA #694,"I-90, EXIT 223",Austinburg,OH,305,3.859,41.7720075,-80.8546999
63771,FLYING J FUEL STOP #572,"I-35, EXIT 144",Williams                                ,IA,433,3.699,42.4871409,-93.5447106
63771,FLYING J TRAVEL PLAZA #572,"I-35, EXIT 144",Williams                                ,IA,433,3.699,42.4871409,-93.5447106
63773,QUIKTRIP #179,ST 152,Liberty,MO,400,2.999,39.2682593,-94.4524541
63774,PILOT TRAVEL CENTERS #150,"I-70, EXIT 24 &SR-63",Hagerstown,MD,22,3.959,39.6430455,-77.7191081
63775,FLYING J #646,"I-90/39, EXIT 1 & US-51 & SR-75",South Beloit,IL,290,3.799,42.4941563,-88.9976436
63775,FLYING J TRAVEL PLAZA #646,"I-90/39, EXIT 1 & US-51 & SR-75",South Beloit,IL,290,3.799,42.4930708,-89.0367764
63776,KWIK TRIP #334,US-169/SR-60,Mankato,MN,425,3.549,44.1565389,-93.9458293
63777,KWIK TRIP #403,"I-35, EXIT 45",Owatonna,MN,425,3.499,44.0901552,-93.2192394
63778,KWIK TRIP #662,SR-55/SR-149,Saint Paul,MN,451,3.629,44.8843584,-93.0310519
63781,Pilot Travel Centers #8,US-23 & PITTSBURG RD,Circleville,OH,315,3.799,39.6006180,-82.9460133
63782,FUEL EXPRESSO #11,"I-35, EXIT 155",Lebo,KS,400,3.17233333,38.4166818,-95.8530441
63787,LOVES TRAVEL STOP #402,"I-10, EXIT 44",Biloxi,MS,715,3.449,30.4007626,-88.8893818
63789,PILOT TRAVEL CENTER #448,"I-65, EXIT 240",Hebron,IN,365,3.599,41.3186482,-87.2003091
63789,PILOT TRAVEL CENTERS #448,"I-65, EXIT 240",Hebron,IN,365,3.354,41.3186482,-87.2003091
63790,PILOT TRAVEL CENTERS #412,"I-81, EXIT 4",White Pine,TN,405,3.699,36.1089589,-83.3339756
63791,PILOT TRAVEL CENTERS #432,"I-35, EXIT 328",Waco,TX,765,3.22066666,31.5491899,-97.1474628
63792,PILOT TRAVEL CENTER #424,"I-75, EXIT 358",Ocala,FL,140,3.41233333,29.1871986,-82.1400923
63792,PILOT TRAVEL CENTERS #424,"I-75, EXIT 358",Ocala,FL,140,3.359,29.1871986,-82.1400923
63793,HUTCH'S #113,US-183 & US-270/SR-15,Woodward,OK,483,2.999,36.4199081,-99.3868285
63794,PILOT TRAVEL CENTERS #157,"I-30, EXIT 122",Sulphur Springs,TX,723,3.309,33.1384886,-95.6010143
63795,LOVES COUNTRY STORE #022,US-412,Clayton,NM,585,3.414,36.4507836,-103.1847970
63796,PETRO STOPPING CENTER #329,"I-40/I-85, EXIT 157",Mebane,NC,65,3.999,36.0959715,-79.2669619
63798,PETRO GLADE SPRING #372,"I-81, EXIT 29",Glade Spring,VA,405,3.58733333,36.7714158,-81.7774468
63799,LOVES TRAVEL STOP #204,US-69 BUS & US-69,Eufaula,OK,560,3.689,35.2873764,-95.5825302
63800,PILOT TRAVEL CENTER #255,"I-95, EXIT 40",Milford,CT,73,4.299,41.2363914,-73.0229131
63800,PILOT TRAVEL CENTERS #255,"I-95, EXIT 40",Milford,CT,73,4.299,41.2369097,-73.0222175
63801,PILOT #1126,"I-435, EXIT 55 & SR-210",Kansas City,MO,400,3.38233333,39.1564118,-94.4763128
63802,CARTERS TRAVEL CENTER,"I-40, EXIT 201N",Flagstaff                               ,AZ,930,3.689,35.1987522,-111.6518220
63803,KOUNTRY XPRESS,"I-40, EXIT 20",Mulberry                                ,AR,645,3.27233333,35.5006417,-94.0515919
63805,TEX-BEST #519,US-281 & US-281 BUS & CR-1930,Alice,TX,625,2.899,27.7522487,-98.0697249
63812,PETRO STOPPING CENTER #330,"I-65, EXIT 86",Glendale,KY,415,3.599,37.6017278,-85.9055189
63813,TA SAN ANTONIO TRAVELCENTER,"I-10 & FOSTER RD, EXIT 583",San Antonio,TX,740,3.20733333,29.4246002,-98.4951405
63828,CIRCLE K #2723654,US-431,Boaz,AL,587,3.519,34.1983281,-86.1649421
63829,CALERA CHEVRON,SR-25,Calera,AL,615,3.199,33.1035045,-86.7505733
63836,Double Bees #109,"I-40, EXIT 183",Carlisle,AR,695,3.139,34.7831469,-91.7465235
63841,MAGNOLIA TRAVEL CENTER,US-82 & US-371,Magnolia,AR,635,3.599,33.2670725,-93.2393341
63846,71 EXPRESS,US-71,Mansfield,AR,645,3.33233333,35.0597255,-94.2488561
63848,CIRCLE K #2706345,"I-30, EXIT 2",Texarkana,AR,723,3.479,33.4773383,-94.0078440
63850,PILOT TRAVEL CENTER #180,"I-40, EXIT 185",Bellemont,AZ,930,3.609,35.2387736,-111.8221609
63850,PILOT TRAVEL CENTERS #180,"I-40, EXIT 185",Bellemont,AZ,930,3.639,35.2386015,-111.8220429
63854,E-Z MART #4437,US-71,Boles,AR,645,3.299,34.7795459,-94.0490959
63855,LOVES TRAVEL STOP #460,"I-10, EXIT 302",Benson,AZ,980,3.279,31.9678611,-110.2945170
63856,PILOT #1175,"I-17, EXIT 262 & SR-69",Mayer,AZ,930,3.699,34.3978054,-112.2362730
63856,PILOT TRAVEL CENTER #1175,"I-17, EXIT 262 & SR-69",Mayer,AZ,930,3.6915,34.3978054,-112.2362730
63870,CIRCLE K #2744074,"I-270/US-36, EXIT 4",Commerce City,CO,800,3.45566666,34.2067234,-86.8753888
63871,Alta Convenience Store #6317,"I-70, EXIT 19",Fruita,CO,810,3.399,39.1588697,-108.7289880
63876,Mobil,"FL TURNPIKE,  EXIT 244",Kissimmee,FL,225,3.449,28.3048079,-81.4453685
63887,QUIKTRIP #757,"I-79/SR-401, EXIT 306 & SR-140",Adairsville,GA,193,2.88733333,34.3789538,-84.9071933
63893,QUICK FUEL #2204,"I-285, EXIT 58/SR-407 & I-75, EXIT 237/SR-401",Atlanta,GA,18,3.27566666,33.7544657,-84.3898151
63894,CIRCLE K #2723653,"I-75, EXIT 124",Cartersville,GA,193,3.224,34.1971248,-84.7900207
63895,KWIK SERV #17,"I-75, EXIT 136",Chatsworth,GA,193,3.499,34.7665942,-84.7698842
63904,SUNOCO,"I-95, EXIT 19",Savannah,GA,195,3.63233333,32.0790074,-81.0921335
63907,QUIKTRIP #737,"I-85, EXIT 137",Jefferson,GA,16,3.119,34.1534316,-83.6505905
63909,GAS2GO,"I-95, EXIT 6",Kingsland,GA,75,3.109,30.8129719,-81.6282503
63910,OGMULGEE CHEVRON #419,"I-16, EXIT 6",Macon,GA,85,3.399,32.8406946,-83.6324022
63912,PILOT TRAVEL CENTER #4562,"I-95, EXIT 1",Kingsland,GA,75,3.57233333,30.7603451,-81.6559197
63912,PILOT #4562,"I-95, EXIT 1",Kingsland,GA,75,3.559,30.7596520,-81.6559665
63914,CIRCLE M #12,US-23/SR-365 & SR-52,Lula                                    ,GA,18,3.539,34.3876013,-83.6662854
63915,HIGHWAY 80 CHEVRON,"I-185, EXIT 7",Midland                                 ,GA,50,3.399,32.5748608,-84.8271520
63922,THOMASVILLE TRAVEL CENTER,US-84 & SR-3,Thomasville,GA,20,3.18066666,30.8365815,-83.9787808
63925,PILOT #4561,"I-75, EXIT 11",Valdosta,GA,20,3.359,30.7542543,-83.2732115
63925,PILOT TRAVEL CENTER #4561,"I-75, EXIT 11",Valdosta,GA,20,3.28566666,30.7543348,-83.2734998
63931,LOVES TRAVEL STOP #371,"I-95, EXIT 190",Dillon,SC,46,3.33066666,34.4014089,-79.3864339
63937,CUBBYS #305,"I-29, EXIT 10 & SR-2",Percival,IA,319,3.694,40.7488420,-95.8131914
63938,CUBBYS #301,US-34 & SR-48,Red Oak,IA,319,3.399,41.0095189,-95.2282470
63942,Discount Zone,"I-10, EXIT CLEARVIEW",New Orleans,LA,725,3.279,29.9468667,-90.0885715
63946,MINIT MART #600644,"I-80, EXIT 134",Joliet,IL,399,3.599,41.4822019,-88.0302500
63955,ROAD RANGER #266,"I-72, EXIT 82 & CR-10",New Berlin,IL,280,3.539,39.7320866,-89.9244964
63955,ROAD RANGER #266,"I-72, EXIT 82 & CR-10",New Berlin,IL,280,3.439,39.7320866,-89.9244964
63955,ROAD RANGER #266,"I-72, EXIT 82 & CR-10",New Berlin,IL,280,3.479,39.7320866,-89.9244964
63957,SUNMART FOOD STORE,SR-37,Bloomington,IN,375,3.499,39.1670396,-86.5342881
63959,SPEEDWAY #1429,SR-59 & SR-56,Warrenville,IL,293,3.499,41.8199567,-88.2035029
63959,SPEEDWAY #1429,SR-59 & SR-56,Warrenville,IL,293,3.599,41.8199567,-88.2035029
63960,BUTLER ONE STOP,"I-69, EXIT 329",Butler                                  ,IN,370,3.519,41.4297694,-84.8713507
63962,7-ELEVEN #40505,"I-80, EXIT 90",Elkhart,IN,465,4.11566666,41.5740550,-85.8306832
63964,LOVES TRAVEL STOPS #242,"I-35 & FISHER RD, EXIT 144",Von Ormy,TX,740,3.249,29.2868680,-98.6482144
63964,LOVES TRAVEL STOP #242,"I-35 & FISHER RD, EXIT 144",Von Ormy,TX,740,3.167,29.2868680,-98.6482144
63965,GOOD TO GO #11,"I-65, EXIT 158",Frankfort,IN,375,3.549,40.2797657,-86.5108244
63966,PHILS ONE STOP,"I-69, EXIT 309B",Fort Wayne                              ,IN,370,3.67566666,41.0799898,-85.1386015
63972,7-ELEVEN #40506,"I-80/I-90, MM 125 WB",Howe,IN,465,3.899,41.7213720,-85.4206528
63977,CAREFREE FOOD MART,"I-64, EXIT 92",Leavenworth                             ,IN,415,3.499,38.1997869,-86.3441439
63978,Gallops,"I-80, EXIT 107",Middlebury,IN,370,3.549,41.6750714,-85.7060263
63979,Jaks Oil,US-90,Broussard,LA,730,3.049,30.1471506,-91.9612413
63988,Petes #47,US-400/SR-47,Fredonia                                ,KS,307,3.299,37.5339386,-95.8266483
63990,TREX MART #4,"I-229/US-59, EXIT 4B & US-36",Wathena                                 ,KS,400,2.999,39.7599235,-94.9478024
63992,SANDRAS QUICK STOP,US-169 & US-59,Garnett,KS,485,3.319,38.2805772,-95.2419192
63994,U STOP #38,I-70 EXIT 298,Junction City,KS,553,3.35566666,39.0286093,-96.8313978
63997,LEON GROCERY,US-400,Leon                                    ,KS,336,3.399,37.6902964,-96.7822508
64001,PETES #53,US-400 & SR-99 & CR-939,Severy                                  ,KS,336,3.249,37.6222547,-96.2280527
64002,SPEEDWAY #9567,"I-65, EXIT 105",Lebanon Junction,KY,415,3.16566666,37.8292070,-85.7237582
64003,HUCKS Food & Fuel #305,SR-9001 & WKY PKWY SERVICE AREA,Beaver Dam,KY,460,3.599,37.4019918,-86.8758256
64003,HUCKS Food & Fuel #305 dba Pilot Dealer #1288,SR-9001 & WKY PKWY SERVICE AREA,Beaver Dam,KY,460,3.629,37.4019918,-86.8758256
64016,SHELL,US-231 & SR-1468,Morgantown,KY,487,3.799,37.1996734,-86.7045458
64020,LEEBOS # 9,"I-49, EXIT 90",Alexandria,LA,730,3.21566666,31.3119463,-92.4453558
64021,CM AMITE,SR-16,Amite,LA,600,3.399,30.7265747,-90.5089815
64028,DELCAMBRE FUEL DEPOT,SR-14 & SR-89,Delcambre,LA,730,2.999,29.9482610,-91.9887328
64029,SUNSHINE SUPER STOP TRUCKS,"I-10, EXIT 182",Convent,LA,600,3.399,30.0205669,-90.8297092
64030,STATE OIL,SR-23,Belle Chasse,LA,725,3.43233333,29.8441480,-90.0140042
64034,BOONES CHEVRON,SR-317,Franklin                                ,LA,623,3.899,32.1254252,-91.6778053
64036,CM PROSPECT STATION,SR-3087 & SR-660,Houma,LA,725,3.599,29.5957696,-90.7195348
64040,PILOT #1051,"I-10, EXIT 43 & SR-383",Iowa,LA,690,3.599,30.2529448,-93.0153371
64042,LA PLACE TRAVEL CENTER,"I-10, EXIT 209 & I-55, EXIT 1",La Place,LA,725,3.259,32.3784735,-85.8627339
64043,COUNTRY AUTO TRUCK STOP,"I-49, EXIT 177 & SR-509",Mansfield,LA,766,3.259,32.0218301,-93.7143492
64044,DISCOUNT ZONE,"I-510, EXIT 240",New Orleans                             ,LA,725,3.149,29.9468667,-90.0885715
64045,SILVERS TRAVEL PLAZA - Port Allen,US-190/SR-1,Port Allen,LA,730,3.33233333,30.4533500,-91.2100569
64047,LUCKY LOUIES TRUCK STOP,US-190,Port Allen,LA,600,3.06566666,30.4533500,-91.2100569
64048,Pilot #1439,"I-10, Exit 151",Port Allen,LA,600,3.21566666,30.4533500,-91.2100569
64049,Cash Magic CITGO LAROSE,SR-308,Larose,LA,725,3.399,29.5669265,-90.3804300
64050,WESTWOOD TRUCK PLAZA,US-90 BUS,Marrero,LA,725,3.279,29.8993723,-90.1003506
64058,DELTA TOWN TRUCK STOP,"I-10, EXIT 4",Vinton                                  ,LA,690,2.799,30.1907628,-93.5812717
64059,CM SPRINGHILL,"I-20, EXIT 44",Springhill,LA,745,3.399,33.0022966,-93.4612001
64060,CM VIVIAN,SR-1 & SR-2,Vivian,LA,745,3.26566666,32.8720384,-93.9855698
64062,XTRA MART #10098,SR-146A,Uxbridge,MA,175,3.649,42.0768175,-71.6298483
64063,Mobil,US-20 & SR-56,North Oxford,MA,175,3.58233333,41.7662637,-72.7090983
64069,301 BP,US-301/SR-5,Brandywine,MD,22,3.259,38.6934548,-76.8843081
64072,EZ MART #110,US-127 & US-127 BUS/SR-46,Alma,MI,260,3.649,43.3789200,-84.6597270
64082,SPEEDWAY #8797,SR-13,Lennon,MI,342,3.379,42.9836071,-83.9282487
64083,BIG DADDYS TRUCKSTOP,US-223 & US-23,Ottawa Lake,MI,325,3.499,41.7641517,-83.7493869
64084,RPF OIL #92 PARMA TRAVEL CENTER,"I-94, EXIT 128",Parma,MI,431,3.499,42.2583711,-84.5996885
64085,MADCO TRUCK PLAZA,"I-94, EXIT 200",Romulus                                 ,MI,325,3.399,42.2539492,-83.3093840
64085,MADCO TRUCK PLAZA,"I-94, EXIT 200",Romulus                                 ,MI,325,3.539,42.2539492,-83.3093840
64085,MADCO TRUCK PLAZA,"I-94, EXIT 200",Romulus                                 ,MI,325,3.499,42.2539492,-83.3093840
64087,SAHARA PETRO,"I-696, EXIT 22",Warren                                  ,MI,325,3.699,42.4932575,-83.0062746
64087,SAHARA PETRO,"I-696, EXIT 22",Warren                                  ,MI,325,3.799,42.4932575,-83.0062746
64091,Circle K 2746398,US-10 & SR-27,Little Falls,MN,448,3.399,45.9763545,-94.3625024
64092,ONE9 #4555,"I-20/I-59, EXIT 77",Cottondale,AL,615,2.93233333,33.1789286,-87.4462476
64097,KWIK TRIP #937,US-12,Willmar,MN,451,3.34066666,45.1219032,-95.0463690
64098,BLUE LINE TRAVEL CENTER,"I-90, EXIT 45",Worthington                             ,MN,432,3.16566666,43.6205056,-95.5956434
64101,D DIAMOND TRAVEL PLAZA,"I-44, EXIT 82",Fair Grove                              ,MO,535,3.13233333,37.3839335,-93.1512961
64106,RAPID ROBERTS #122,SR-43,Joplin                                  ,MO,277,2.899,37.0841838,-94.5133385
64112,RAPID ROBERTS #123,"I-44, EXIT 80",Springfield                             ,MO,535,2.899,37.2081729,-93.2922715
64116,GRAND LEDGE,"I-96, EXIT 86",Grand Ledge,MI,344,3.789,42.7532892,-84.7465680
64120,HOLIDAY STATIONSTORE #2746185,US-2,Wakefield,MI,545,3.219,46.4765450,-89.9410030
64120,HOLIDAY STATIONSTORE #2746185,US-2,Wakefield,MI,545,3.139,46.4765450,-89.9410030
64120,HOLIDAY STATIONSTORE #2746185,US-2,Wakefield,MI,545,3.479,46.4765450,-89.9410030
64122,FLYING J TRAVEL PLAZA #691,"I-40, EXIT 333",Tucumcari                               ,NM,585,3.899,35.1719425,-103.7250400
64124,Shell,"I-94 & I-75, EXIT 171",Saint Cloud,MN,448,3.36233333,45.4937850,-94.1493506
64126,CASEYS #3471,US-2 & CR-87,Cohasset,MN,333,3.449,47.2635560,-93.6202150
64132,45 TRUCKSTOP,US-45,Corinth,MS,435,3.089,34.9343599,-88.5223353
64139,4 MILE TRUCKSTOP,US-98 & HOLT RD,Lucedale,MS,715,3.399,30.9248878,-88.5879421
64153,SPEEDWAY #6972,US-70,Durham,NC,177,3.799,35.9559652,-78.8417655
64155,SPEEDWAY #8228,"I-85, EXIT 191 & SR-56",Creedmoor,NC,205,3.999,36.1460950,-78.7228637
64156,SPEEDWAY #6985,"I-40, EXIT 312 & SR-42",Garner,NC,177,3.499,35.6089149,-78.5614569
64163,FILL GOOD BP #15,US-74,Monroe,NC,46,3.399,34.9854275,-80.5495112
64167,NORTH LONDONDERRY SUNOCO,"I-93, EXIT 5",Londonderry,NH,125,3.939,42.8650869,-71.3739532
64170,LUCKY 7,"I-95, EXIT 61",Wade,NC,205,2.999,35.1629419,-78.7361323
64171,CIRCLE K #2723130,"I-40, EXIT 364",Warsaw,NC,245,2.87566666,34.9928157,-78.1393514
64172,CUBBYS #108,"I-80, EXIT 420 & SR-63",Greenwood,NE,319,3.399,40.9627910,-96.4403478
64173,SAPP BROS TRAVEL CENTER,"I-80, EXIT 405",Lincoln,NE,413,3.36566666,40.8088861,-96.7077751
64181,SUNOCO- JOYCE KILMER PLAZA #7012,"NJTP,EXIT 8A",East Brunswick,NJ,115,3.899,40.4278841,-74.4159840
64182,SUNOCO- VINCE LOMBARDI SERVICE AREA #7017,"NJ TURNPIKE, EXIT 18",Ridgefield,NJ,115,3.899,40.8342669,-74.0087505
64183,SUNOCO- THOMAS EDISON PLAZA #7013,"NJTP, EXIT 11",Woodbridge,NJ,79,3.899,40.5541800,-74.2860008
64187,SPEEDWAY #9117,"I-25, EXIT 339",Las Vegas,NM,580,3.18566666,35.5215165,-105.2519351
64189,CIRCLE K #2708931,"I-10, EXIT 155",Tucumcari,NM,585,3.259,35.1722159,-103.7244926
64195,DANDY MINI MART #14,"I-86, EXIT 62",Nichols,NY,32,3.439,42.0217121,-76.3668922
64201,POCO SHOP #2,"I-95, EXIT 31",Saint Pauls                             ,NC,205,3.799,34.8070226,-78.9707787
64206,SUNOCO WOODROW WILSON PLAZA #7010,"NJTP, EXIT 7",Trenton,NJ,150,3.899,40.2203074,-74.7659000
64210,FUEL 1,"I-287, EXIT 4",South Plainfield,NJ,79,4.799,40.5792701,-74.4115401
64211,PILOT #490/WESTERN PETROLEUM,US-180,Carlsbad                                ,NM,593,3.729,32.4257456,-104.2376120
64215,STRIPES 7FLEET #42588,US-380 & SR-206,Tatum,NM,700,3.66233333,33.2569924,-103.3175664
64216,DANDY MINI MART #31,SR-13 & SR-224,Cayuta,NY,190,4.399,42.2817412,-76.6968945
64218,PILOT TRAVEL CENTERS #494,"I-88, EXIT 25",Schenectady,NY,12,3.999,42.7813557,-74.0282892
64221,BELL STORES #49,"I-76E, EXIT 25B",Akron,OH,249,3.499,41.0830640,-81.5184850
64223,7-ELEVEN #40295,"I-80, EXIT 170",Broadview Heights,OH,249,3.52733333,41.3139426,-81.6851271
64224,7-ELEVEN #40296,SR-176,Broadview Heights,OH,249,3.53233333,41.3139426,-81.6851271
64227,GO MART FOOD STORE #116,US-50 & SR-7,Coolville                               ,OH,430,3.35733333,39.2217427,-81.7973557
64229,SPEEDWAY #9385,"I-70, EXIT 129",Hebron,OH,315,3.369,39.9801491,-82.4850157
64230,Certified Oil #400423,I-70 EXIT 126,Hebron,OH,315,3.39566666,39.9617305,-82.4912676
64231,7-ELEVEN #40293,"OHIO TURNPIKE EB MILEPOST 139/I-80, EXIT 139",Amherst,OH,249,3.53233333,41.3978217,-82.2223775
64233,74 FUEL STOP,"I-74, EXIT 3",Harrison,OH,300,3.859,40.2694328,-81.1289112
64235,PENNZMART FUEL EXPRESS,ST 100,Tiffin                                  ,OH,411,3.4315,41.1144850,-83.1779537
64236,KFC TRAVELMART,SR-199,Upper Sandusky,OH,411,3.249,40.8272785,-83.2813089
64243,Caseys #4519,US-62,Altus,OK,483,3.00566666,34.6381255,-99.3339754
64244,CHOCTAW NATION DURANT WEST #632,US-69/US-75,Calera,OK,253,3.089,33.9345433,-96.4286022
64256,CHEROKEE TRAVEL PLAZA,"I-40, EXIT 325",Roland,OK,645,3.799,35.4068021,-94.5303900
64261,Phillips 66,US-75/SR-56,Okmulgee                                ,OK,560,2.989,35.6475655,-95.9624813
64264,CASEYS #4594,US-81 & US-70,Waurika,OK,253,3.07733333,34.1670371,-97.9975360
64265,ASAP GENERAL STORE #101,"I-40, EXIT 84 & US-54",Weatherford,OK,483,3.13233333,35.5261633,-98.7075744
64270,PENN JERSEY DIESEL & TRAILER,"I-95, EXIT 37",Bensalem,PA,160,4.199,40.1045549,-74.9512790
64274,RUTTERS #53,"I-83, EXIT 32 & SR-382",Etters,PA,70,3.999,40.2245912,-76.8980809
64275,7-ELEVEN #40279,I-276 & US-202 (KING OF PRUSSIA SERVICE PLAZA WB),King Of Prussia,PA,160,3.884,40.0949227,-75.3637256
64282,ONVO TRAVEL PLAZA - HICKORY RUN,"I-80, EXIT 274",White Haven,PA,200,3.58566666,41.0606400,-75.7740820
64285,PILOT #4566,"I-85, EXIT 106",Blacksburg,SC,46,3.429,35.1660141,-81.4509705
64287,CIRCLE K #2703099,"I-20, EXIT 33",Batesburg,SC,135,3.08566666,33.9079201,-81.5473262
64288,PILOT #4581,"I-20, EXIT 116",Bishopville,SC,135,3.43233333,34.2182107,-80.2484056
64294,HOT SPOT #6004,"I-26, EXIT 28",Enoree,SC,210,3.099,34.6565154,-81.9650977
64298,CORNER MART #354,"I-26, EXIT 72",Newberry                                ,SC,30,3.299,34.3103689,-81.5762555
64299,CIRCLE K #2720881,US-17 & SR-165,Ravenel,SC,42,3.439,32.7819362,-80.1495213
64300,CIRCLE K #2723416,"I-26, EXIT 28",Roebuck,SC,210,3.08233333,34.8826085,-81.9654710
64301,HILLVIEW TRUCK STOP,"I-20, EXIT 39",Leesville                               ,SC,135,3.059,33.9165320,-81.5134368
64307,CIRCLE K #2723876,US-17 & SR-64,Round O,SC,42,3.37233333,32.9371151,-80.5409352
64309,CIRCLE K #2723272,"I-26, EXIT 119",West Columbia,SC,135,3.54566666,33.9918690,-81.0640341
64310,Palmetto Roads #308,"I-95, EXIT 77                 ",Saint George                            ,SC,42,3.009,33.1859958,-80.5756534
64313,CUBBYS #403,"I-29, EXIT 79",Sioux Falls                             ,SD,530,3.06566666,43.5476008,-96.7293629
64314,JAKES CORNER,US-81 & SR-34,Winfred                                 ,SD,530,3.049,43.9971970,-97.3622880
64336,LOVES TRAVEL STOPS #345,I-90/I-94 EXIT 48 ,Tomah,WI,450,3.289,43.9785760,-90.5040214
64336,LOVES TRAVEL STOP #345,I-90/I-94 EXIT 48 ,Tomah,WI,450,3.309,43.9785760,-90.5040214
64337,GRAVES TRUCK STOP,"I-20, EXIT 59",Carthage,TX,618,2.999,32.1570412,-94.3381140
64343,Allsup's Marketplace #2411,US-67,Hawley,TX,575,2.889,32.6133723,-99.8130377
64347,PILOT TRAVEL CENTERS #256,"US-58 & US-29, SE QUAD",Danville,VA,65,4.009,36.5824156,-79.3538975
64350,STRIPES #40811,"I-37, EXIT 55",George West,TX,625,3.01566666,28.3392547,-98.0259418
64352,CHEVRON #383461,"I-10, EXIT 259",Fort Stockton,TX,710,3.029,30.8987008,-102.9061118
64355,CEFCO #34,US-281 & SR-38,Hamilton,TX,765,3.029,31.6429346,-97.9715967
64360,CIRCLE K #2706983,"I-37, EXIT 36 & SR-359",Mathis,TX,625,3.019,28.0942916,-97.8274111
64374,CEFCO #2001,US-287 & FM-369,Iowa Park,TX,770,2.864,33.9514847,-98.6686709
64382,KOSSE COUNTRY STORE,SR-7 & SR-14,Kosse                                   ,TX,765,3.11566666,31.3076774,-96.6319231
64390,TXB #71 DBA KWIK CHEK FOOD STORES,"I-20, EXIT 136",Midland                                 ,TX,710,3.079,31.8368800,-102.0103767
64393,TEX-BEST #505,"I-35, EXIT 183",New Braunfels,TX,740,2.80566666,29.7291975,-98.0795638
64399,LOVES TRAVEL STOPS #247,US-287 & SR-256,Memphis,TX,585,3.789,34.7253581,-100.5400970
64399,LOVES TRAVEL STOP #247,US-287 & SR-256,Memphis,TX,585,3.789,34.7253581,-100.5400970
64406,Main Street Market,SR-84 & FM-73,Prairie Hill,TX,765,2.899,31.6551661,-96.7888794
64407,CIRCLE K #2741527,US-281,Premont,TX,625,2.999,27.3605947,-98.1236151
64408,QUIKTRIP #4058,"I-37, EXIT 125 & SR-1604",San Antonio,TX,740,2.96566666,29.5512026,-98.3553619
64409,LONE STAR TRAVEL CENTER,"I-35, EXIT 147",San Antonio                             ,TX,740,3.059,29.4246002,-98.4951405
64420,Valero,US-59 & AT ST-87,Timpson                                 ,TX,766,3.059,31.9037814,-94.3952022
64421,TXB #17 DBA KWIK CHEK FOOD STORES,SR-121,Trenton,TX,630,3.299,33.4306652,-96.3385926
64422,Chevron,"I-10, EXIT 858",Vidor,TX,610,2.749,30.1492662,-93.9792093
64423,PILOT #568,"I-35, EXIT 140",Von Ormy,TX,740,3.21066666,29.2797560,-98.6690278
64430,GOLDEN SPIKE TRAVEL PLAZA,"I-15, EXIT 382",Tremonton,UT,835,3.599,41.7120775,-112.1657790
64431,RJS  FUEL STOP,"I-15, EXIT 40",Tremonton,UT,835,3.459,41.7120775,-112.1657790
64435,SPEEDWAY #4632,US-360/US-58 & SR-1224,Danville,VA,65,4.059,36.5816897,-79.3491921
64436,MS 58 PLAZA,"I-95, EXIT 11",Emporia                                 ,VA,180,3.18233333,36.7125120,-77.5723360
64438,PILOT TRAVEL CENTER #4622,US-58,South Boston,VA,65,4.009,36.5826746,-79.3553054
64441,MILLER MART #55,US-460 & US-58/US-13,Suffolk,VA,130,3.09233333,36.7281341,-76.5834683
64442,PILOT TRUCK STOP #583,"I-5, EXIT 262",Ferndale,WA,850,4.599,48.8466698,-122.5897230
64442,PILOT TRUCK STOP #583,"I-5, EXIT 262",Ferndale,WA,850,4.559,48.8466698,-122.5897230
64445,KWIK TRIP #413,SR-93 & SR-95,Arcadia,WI,295,3.31566666,44.2502249,-91.4723195
64446,SPEEDWAY #4293,"I-90 & I-43, EXIT 185A",Beloit,WI,448,3.799,42.5243101,-88.9851627
64447,KWIK TRIP #621,"SR-29/SR-55, EXIT 234 & SR-47/SR-117",Bonduel,WI,582,3.45733333,44.7298120,-88.4465535
64451,ROYAL FARMS #79,ST 13,New Church                              ,VA,194,3.339,37.9831095,-75.5314668
64455,SPEEDWAY #4648,SR-254,Waynesboro,VA,180,3.959,38.0662386,-78.8773781
64463,KWIK TRIP #202,"I-39/US-51, EXIT 151 & SR-54",Plover,WI,395,3.26566666,44.4532687,-89.5406136
64474,SIGNAL FOOD STORE #108,US-60,Mountain View,MO,535,3.03233333,36.9953322,-91.7037550
64477,PILOT #1063,"I-40, EXIT 81",Marion,NC,210,3.759,35.6426673,-82.0401664
64478,PILOT TRAVEL CENTERS #141,"I-80, EXIT 6",Evanston,WY,835,3.699,41.2682462,-110.9637580
64479,YESWAY #1148,"US-30, EXIT 186",Marshalltown,IA,320,3.24566666,42.0488810,-92.9122672
64480,TA Garden City,US-83 & US-400,Garden City,KS,525,3.73066666,37.9716898,-100.8726618
64481,LOVES TRAVEL STOP #282,"I-44, EXIT 4 & SR-43",Joplin,MO,277,3.39733333,37.0841838,-94.5133385
64482,LOVES TRAVEL STOP #208,"I-55, EXIT 119 & SR-22",Canton,MS,655,3.489,32.6126020,-90.0367512
64484,LOVES TRAVEL STOP #206,"I-10, EXIT 44 & SR-59",Loxley,AL,715,3.339,30.6182476,-87.7530454
64485,PILOT TRAVEL CENTERS #433,"I-20, EXIT 470",Dallas,TX,630,3.18233333,32.7762719,-96.7968559
64486,GREENWAY STORE #614,"I-85/SR-403, EXIT 61 & SR-74",Fairburn                                ,GA,18,3.199,33.5670562,-84.5810418
64487,PILOT TRAVEL CENTERS #165,"I-57 & I-70, EXIT 162",Effingham                               ,IL,510,3.299,39.1341236,-88.5659643
64487,PILOT TRAVEL CENTER #165,"I-57 & I-70, EXIT 162",Effingham                               ,IL,510,3.499,39.1493206,-88.5299901
64487,PILOT TRAVEL CENTER #165,"I-57 & I-70, EXIT 162",Effingham                               ,IL,510,3.349,39.1493206,-88.5299901
64487,PILOT TRAVEL CENTER #165,"I-57 & I-70, EXIT 162",Effingham                               ,IL,510,3.299,39.1493206,-88.5299901
64487,PILOT TRAVEL CENTERS #165,"I-57 & I-70, EXIT 162",Effingham                               ,IL,510,3.499,39.1341236,-88.5659643
64488,PILOT TRAVEL CENTERS #274,"I-10, EXIT 109",Breaux Bridge                           ,LA,600,3.14233333,30.2735323,-91.8992837
64490,QUICK FUEL #2201,"I-85, EXIT 36",Atlanta,GA,18,3.35233333,33.7544657,-84.3898151
64491,QUICK FUEL #1803,I-80/I-294 & SR-1,South Holland,IL,290,3.849,41.6008681,-87.6069894
64491,QUICK FUEL #1803,I-80/I-294 & SR-1,South Holland,IL,290,3.829,41.6008681,-87.6069894
64491,QUICK FUEL #1803,I-80/I-294 & SR-1,South Holland,IL,290,3.889,41.6008681,-87.6069894
64492,QUICK FUEL #2103,"I-70, EXIT 89",Indianapolis,IN,375,3.309,39.7345520,-86.2562535
64493,QUICK FUEL #2801,"I-435, EXIT 1-A AT MILE 1",Lenexa,KS,400,3.369,38.9697458,-94.7845837
64494,QUICK FUEL #1704,I-75 EXIT 42 AT MILE 42,Lincoln Park,MI,325,3.669,42.2652733,-83.1745680
64494,QUICK FUEL #1704,I-75 EXIT 42 AT MILE 42,Lincoln Park,MI,325,3.619,42.2652733,-83.1745680
64495,QUICK FUEL #1702,"I-96, EXIT 173",Livonia,MI,325,3.799,42.3780254,-83.4033832
64496,QUICK FUEL #1703,"I-94, EXIT 199-A",Romulus,MI,325,3.519,42.2333886,-83.3188386
64496,QUICK FUEL #1703,"I-94, EXIT 199-A",Romulus,MI,325,3.549,42.2333886,-83.3188386
64496,QUICK FUEL #1703,"I-94, EXIT 199-A",Romulus,MI,325,3.569,42.2333886,-83.3188386
64498,QUICK FUEL #1705,SR-53,Warren,MI,325,3.849,42.5285522,-83.0374280
64498,QUICK FUEL #1705,SR-53,Warren,MI,325,3.749,42.5285522,-83.0374280
64498,QUICK FUEL #1705,SR-53,Warren,MI,325,3.789,42.5285522,-83.0374280
64499,QUICK FUEL #2401,"I-71, EXIT 234",Bridgeton,MO,540,3.094,38.7566055,-90.4235200
64500,QUICK FUEL #2402,"I-435, EXIT 57",Kansas City,MO,400,3.29233333,39.1001050,-94.5781416
64501,QUICK FUEL #2602,"I-85, EXIT 40",Charlotte,NC,46,3.39566666,35.2066776,-80.6705242
64502,QUICK FUEL #2305,"I-270, EXIT 10",Columbus,OH,315,3.63066666,39.9622601,-83.0007065
64503,QUICK FUEL #2304,"I-75, EXIT 210",Toledo,OH,550,3.60066666,41.6529143,-83.5378173
64508,QUICK FUEL #1150,US-51 & SR-30,Madison,WI,420,3.57566666,43.0747610,-89.3837613
64509,QUICK FUEL #1002,"I-94, EXIT 319",Milwaukee,WI,444,3.74066666,43.0009182,-87.9050298
64511,QUICK FUEL #1010,SR-100,Milwaukee,WI,444,3.779,43.0009182,-87.9050298
64512,QUICK FUEL #1001,"I-94, EXIT 301",New Berlin,WI,444,3.499,42.9764530,-88.1090391
64514,PILOT TRAVEL CENTERS #435,"I-10, EXIT 0",Anthony                                 ,TX,640,3.459,31.9971324,-106.5862025
64517,KWIK TRIP #696,"I-94, EXIT 19 & US-63",Baldwin,WI,451,3.574,44.9671740,-92.3753184
64519,BLUE RIDGE TRAVEL PLAZA,"I-81 SOUTHBOUND, EXIT 155",Mountain Top,PA,200,3.649,41.1423516,-75.8936803
64520,LOVES TRAVEL STOP #222,"I-70/US-35, EXIT 149B & US/35/SR-38",Richmond,IN,375,3.949,39.8286897,-84.8898521
64521,CHOCTAW TRAVEL PLAZA #635,US-259/SR-3,Broken Bow,OK,560,2.999,34.0051920,-94.7402634
64523,SKY CITY TRAVEL CENTER,"I-40, EXIT 102 NORTH",Pueblo Of Acoma,NM,580,3.28066666,34.8960604,-107.5819746
64524,FLYING J TRAVEL PLAZA #790,"ST 401, EXIT 579",Napanee                                 ,ON,720,4.6295456,,
64524,FLYING J TRAVEL PLAZA #790,"ST 401, EXIT 579",Napanee                                 ,ON,720,4.62238967,,
64524,FLYING J TRAVEL PLAZA #790,"ST 401, EXIT 579",Napanee                                 ,ON,720,4.63022827,,
64524,FLYING J TRAVEL PLAZA #790,"ST 401, EXIT 579",Napanee                                 ,ON,720,4.61898985,,
64524,FLYING J TRAVEL PLAZA #790,"ST 401, EXIT 579",Napanee                                 ,ON,720,4.62000927,,
64524,FLYING J TRAVEL PLAZA #790,"ST 401, EXIT 579",Napanee                                 ,ON,720,4.62102914,,
64525,PILOT TRAVEL CENTERS #3,"I-80, EXIT 223",Youngstown,OH,573,3.45233333,41.1035786,-80.6520161
64526,PILOT TRAVEL CENTERS #53,"I-40, EXIT 143",Hurricane Mills,TN,460,3.17566666,35.9711736,-87.7819690
64527,PILOT TRAVEL CENTERS #50,"I-71, EXIT 28",Pendleton,KY,415,3.759,38.6914606,-84.3689142
64528,Raceway #7007,SR-74 & SR-180,Shelby                                  ,NC,46,3.249,35.2728035,-81.4966266
64529,PILOT TRAVEL CENTERS #436,"I-40, EXIT 75",Amarillo,TX,585,3.26566666,35.2072900,-101.8371192
64530,PILOT TRAVEL CENTERS #420,"I-20, EXIT 114",Madison,GA,16,3.859,33.5607721,-83.4783823
64530,PILOT TRAVEL CENTER #420,"I-20, EXIT 114",Madison,GA,16,3.859,33.5601772,-83.4795823
64532,PILOT #4560,"I-75, EXIT 201",Jackson,GA,67,3.37566666,34.1194872,-83.7623347
64532,PILOT TRAVEL CENTER #4560,"I-75, EXIT 201",Jackson,GA,67,3.39566666,34.1198733,-83.7614676
64533,SHELL,US-287/US-81 & CR-718,Haslet,TX,637,2.89066666,32.9685080,-97.4169707
64534,CIRCLE K #4707045,"I-95, EXIT 32",Biddeford,ME,170,3.95733333,43.4925843,-70.4533844
64535,FLYING J TRAVEL PLAZA #628,"I-85, EXIT 160",Carnesville,GA,16,3.20566666,34.3698266,-83.2351550
64536,FLYING J TRAVEL PLAZA #640,"I-84, EXIT 173",Jerome,ID,785,3.90233333,42.7022660,-114.2867040
64537,FLYING J TRAVEL PLAZA #739,"I-35, EXIT 330B",Waco,TX,765,3.22066666,31.5491899,-97.1474628
64538,PILOT TRAVEL CENTER #445,"I-94, EXIT 22 & US-20",Chesterton,IN,365,3.829,41.6107243,-87.0522661
64538,PILOT TRAVEL CENTERS #445,"I-94, EXIT 22 & US-20",Chesterton,IN,365,3.799,41.6107243,-87.0522661
64545,HOBO PANTRY #24,US-231 & SR-10,Brundidge                               ,AL,720,3.599,31.7201615,-85.8160567
64546,GRUB MART #13,"I-59, EXIT 205 & US-411/SR-25/SR-68",Centre,AL,587,3.349,34.1520406,-85.6788531
64554,FACKLER TEXACO TRUCK STOP,US-72 & CR-42,Fackler,AL,615,3.199,34.7925827,-85.9099775
64558,MR FUEL #1203,"I-20, EXIT 129",Meridian,MS,705,2.81233333,32.3643098,-88.7036560
64569,LOVES TRAVEL STOP #624,"I-65, EXIT 8B",Mobile,AL,715,3.20566666,30.6913462,-88.0437509
64571,PETRO STOPPING CENTER #331,"I-15, EXIT 54",Las Vegas,NV,910,3.734,36.1716970,-115.1463536
64572,CIRCLE K #2723730,US-43/SR-13/SR-69,Northport,AL,615,3.399,33.2292976,-87.5771286
64578,MARATHON,US-431/SR-1,Phenix City,AL,50,3.249,32.4533973,-85.0133132
64581,SNEAD SHELL,US-278 & SR-75,Altoona                                 ,AL,587,3.109,34.0256090,-86.3258835
64592,LOVES TRAVEL STOP #368,"I-65, EXIT 208 & CR-28",Clanton,AL,720,3.33733333,32.8392013,-86.6309229
64595,PILOT TRAVEL CENTERS #425,"I-10, EXIT 192",Midway,FL,20,3.799,30.4954759,-84.4543513
64595,PILOT TRAVEL CENTER #425,"I-10, EXIT 192",Midway,FL,20,3.799,30.4854697,-84.4211621
64599,PONY EXPRESS TRAVEL PLAZA #6,"US-167/US-67, EXIT16 & SR-5",Cabot,AR,695,3.499,34.9745320,-92.0165336
64600,Caseys #4552,"I-40, EXIT 57",Clarksville,AR,645,3.244,35.4713108,-93.4664819
64610,KINGS RIVER COUNTRY STORE,US-412,Huntsville,AR,735,3.26566666,36.0884253,-93.7375258
64617,SHELL,"I-55, EXIT 48",Osceola,AR,435,2.999,35.6982509,-89.9844190
64647,HOOKS,I-16 EXIT 16,East Dublin,GA,85,3.399,32.5482221,-82.8718084
64648,QUICK FUEL #2203,"I-20, EXIT 14",Atlanta,GA,18,3.319,33.7544657,-84.3898151
64651,QUICK FUEL #2101,I-465,Indianapolis,IN,375,3.869,39.7345520,-86.2562535
64654,Fast Stop,"I-10, EXIT 177",Saint Gabriel                           ,LA,600,3.699,30.2576953,-91.0992706
64655,ONE9 #7937,"I-85/I-40, EXIT 132",Mc Leansville,NC,65,3.399,36.1784621,-79.6780605
64656,QUICK FUEL #2601,SR-27,Charlotte,NC,46,3.51233333,35.2066776,-80.6705242
64660,QUICK FUEL #1005,SR-59 & SR-164,Waukesha,WI,444,3.623,43.0622536,-88.3123889
64662,QUICK FUEL #1011,"I-94, EXIT 100",Milwaukee,WI,444,3.52066666,43.0009182,-87.9050298
64664,CIRCLE K #4701424,"I-74, EXIT 102",Morton,IL,280,3.699,40.6264486,-89.4652671
64664,CIRCLE K #4701424,"I-74, EXIT 102",Morton,IL,280,3.659,40.6264486,-89.4652671
64664,CIRCLE K #4701424,"I-74, EXIT 102",Morton,IL,280,3.599,40.6264486,-89.4652671
64671,FLYING J TRAVEL PLAZA #756,"I-94, EXIT 116 & CR-A",Black River Falls,WI,450,3.38233333,44.2952152,-90.8484137
64672,FLYING J TRAVEL PLAZA #655,"I-70, EXIT 123 & SR-3",Spiceland,IN,375,3.959,39.8383790,-85.4388608
64673,WESTVILLE TRUCKSTOP,US-6/US-421,Westville                               ,IN,365,3.58566666,41.5463225,-86.8969236
64674,ZANCO SHELL,"I-395, EXIT 87",Plainfield                              ,CT,175,4.399,41.6764876,-71.9150730
64675,Petro Mart #45,"I-70/US-40, EXIT 148 & US-54",Kingdom City,MO,392,2.939,38.9427219,-91.9417153
64676,PILOT TRAVEL CENTERS #460,"I-40, EXIT 140",Oklahoma City,OK,483,3.309,35.4729886,-97.5170536
64677,MOUNT VERNON FUEL CENTER,"I-75, EXIT 59 & US-25",Mount Vernon,KY,410,2.999,37.3529436,-84.3404195
64678,AINSWORTH FOUR CORNERS,US-218/SR-27 & SR-92,Ainsworth,IA,380,3.109,41.2889125,-91.5523838
64679,PILOT TRAVEL CENTER #118,I-30 EXIT 121,Benton,AR,695,3.259,34.6084524,-92.5328931
64679,PILOT TRAVEL CENTERS #118,I-30 EXIT 121,Benton,AR,695,3.199,34.6083380,-92.5333555
64681,PILOT TRAVEL CENTER #458,"I-10, EXIT 208",Eloy,AZ,930,3.439,32.7383040,-111.5493724
64681,PILOT TRAVEL CENTERS #458,"I-10, EXIT 208",Eloy,AZ,930,3.479,32.7388782,-111.5498390
64682,FLYING J TRAVEL PLAZA #705,"I-40, EXIT 20 & US-283",Sayre,OK,483,3.18233333,35.2979543,-99.6399648
64683,QUIKTRIP #777,"I-20, EXIT 49",Atlanta,GA,18,2.97233333,33.7810285,-84.4077838
64684,MR FUEL #721,"I-465, EXIT 4 & SR 37",Indianapolis,IN,375,3.319,39.6968169,-86.1883620
64687,PILOT TRAVEL CENTERS #421,"I-75, EXIT 326",Dalton,GA,285,3.30566666,34.7691867,-84.9702475
64687,PILOT TRAVEL CENTER #421,"I-75, EXIT 326",Dalton,GA,285,3.28566666,34.7691867,-84.9702475
64689,FLYING J TRAVEL PLAZA #789,HWY 401,London,ON,200,3.96039416,39.6256020,-85.9202594
64689,FLYING J TRAVEL PLAZA #789,HWY 401,London,ON,200,4.45193778,39.6256020,-85.9202594
64689,FLYING J TRAVEL PLAZA #789,HWY 401,London,ON,200,3.9516535,39.6256020,-85.9202594
64689,FLYING J TRAVEL PLAZA #789,HWY 401,London,ON,200,3.95368953,39.6256020,-85.9202594
64689,FLYING J TRAVEL PLAZA #789,HWY 401,London,ON,200,4.45390331,39.6256020,-85.9202594
64689,FLYING J TRAVEL PLAZA #789,HWY 401,London,ON,200,4.46211176,39.6256020,-85.9202594
64702,FLYING J TRAVEL PLAZA #846,HWY 9 & HWY 36,Hanna                                   ,AB,80,4.95418716,41.8699858,-106.5620727
64702,FLYING J TRAVEL PLAZA #846,HWY 9 & HWY 36,Hanna                                   ,AB,80,4.95528079,41.8699858,-106.5620727
64702,FLYING J TRAVEL PLAZA #846,HWY 9 & HWY 36,Hanna                                   ,AB,80,4.95673973,41.8699858,-106.5620727
64702,FLYING J TRAVEL PLAZA #846,HWY 9 & HWY 36,Hanna                                   ,AB,80,4.96514532,41.8699858,-106.5620727
64702,FLYING J TRAVEL PLAZA #846,HWY 9 & HWY 36,Hanna                                   ,AB,80,4.96441327,41.8699858,-106.5620727
64702,FLYING J TRAVEL PLAZA #846,HWY 9 & HWY 36,Hanna                                   ,AB,80,4.953094,41.8699858,-106.5620727
64706,CIRCLE K #2721571,"I-65, EXIT 69",Brewton,AL,715,3.399,31.1039239,-87.0722655
64712,SUNSTOP #650,US-431 & SR-210,Dothan,AL,20,3.41233333,31.2237285,-85.3934375
64713,GOOD TO GO,"I-65, EXIT 200",Enterprise                              ,AL,20,3.599,31.3151708,-85.8552161
64715,CIRCLE K #2709067,US-31/SR-6,Prattville,AL,720,3.499,32.4820028,-86.4194297
64718,CUZZS,US-43/SR-13,Thomasville,AL,720,3.53233333,31.9134859,-87.7358367
64719,CIRCLE K #2706697,"I-85, EXIT 77",Valley,AL,720,3.399,32.8445198,-85.1818753
64721,FLASH MARKET #17049,"I-40/US-63, EXIT 216 & US-49/SR-17",Brinkley,AR,695,3.179,34.9118784,-91.1954280
64723,CASHS #4470,US-65,Dumas,AR,655,3.209,33.8874667,-91.4898378
64724,TOBOS TRAVEL CENTER,"I-540, EXIT 58",Fayetteville                            ,AR,735,3.349,36.0625843,-94.1574328
64755,PILOT TRAVEL CENTERS #44,"I-70, EXIT 101",Boonville,MO,310,3.519,38.9751547,-92.7440277
64764,CORNER MARKET #62,SR-13/SR-789 & SR-64,Meeker,CO,800,3.729,40.0374733,-107.9131290
64765,CENEX,"I-76, EXIT 125",Sterling,CO,800,3.41566666,40.6180189,-103.1825311
64773,Sun Gas,US-301,Middletown,DE,243,2.999,39.4497639,-75.7166345
64775,SHORE STOP #287,US-13,New Castle,DE,243,3.289,39.4494037,-75.7155820
64775,SHORE STOP #287,US-13,New Castle,DE,243,3.309,39.4494037,-75.7155820
64777,4 POINTS MARKET,US-441/SR-7 & SR-804,Boynton Beach,FL,95,3.229,26.5294436,-80.0766512
64778,SUNSTOP #347,US-27,Branford,FL,75,3.699,29.9591183,-82.9281833
64779,SPEEDWAY #6530,US-50,Brooksville,FL,225,3.38233333,28.5225042,-82.3036380
64789,KROME EXXON,SR-997 & SR-994,Miami,FL,95,3.399,25.7741728,-80.1936200
64793,CIRCLE K #2721297,US-301,Middleburg,FL,75,3.399,30.0375920,-81.8978539
64795,QUICK FUEL #5101,"I-4, EXIT 79",Orlando,FL,140,3.36233333,28.5421109,-81.3790304
64798,RIVIERA TRUCKSTOP,SR-710,West Palm Beach,FL,95,3.779,26.7153640,-80.0532942
64803,MARATHON,"I-4, EXIT 3",Tampa,FL,225,3.42233333,27.9469182,-82.4402053
64804,SPEEDLANE,US-301 &SR-574,Tampa,FL,225,3.449,27.9477595,-82.4584440
64811,SUNSTOP #819,US-19,Americus,GA,15,3.699,32.0723862,-84.2326876
64815,BUENA VISTA GAS N GO,SR-26 & SR-41,Buena Vista,GA,10,3.299,32.3190398,-84.5171411
64819,CIRCLE K #4174,"I-285/SR-407, EXIT 53 & US-23/SR-42",Conley,GA,18,3.999,33.6356550,-84.3293733
64820,Mr Pips,US-84/SR-38,Donalsonville,GA,20,3.199,31.0404625,-84.8790911
64825,EXIT 10 AUTO AND TRUCK STOP,"I-185/SR-411, EXIT 19 & SR-315",Fortson                                 ,GA,50,3.399,32.6070821,-84.9371542
64831,CIRCLE K #2745072,US-341,Lumber City,GA,195,3.529,31.9282688,-82.6791014
64833,QWICKSERV,US-319 BUS & SR-133/SR-35/SR-33,Moultrie,GA,20,3.599,31.1799980,-83.7887928
64834,SUSIE Q #90,US-319 & SR-33,Moultrie,GA,10,3.799,31.1799980,-83.7887928
64840,BP,US-278/SR-6 & SR-101,Rockmart,GA,18,3.599,34.0128151,-85.0468696
64842,Circle K #2745128,US-301 & US-25,Statesboro,GA,195,3.199,32.4335262,-81.7808244
64843,A TO Z TRUCKSTOP,US-301/US-25/SR-73,Statesboro,GA,195,3.599,32.4490141,-81.7832912
64850,SHAKE RAG EXPRESS,US-1 & US-78,Wadley,GA,135,3.41566666,32.8685649,-82.3949263
64856,KUM & GO #1056,"I-35, EXIT 56",Bevington,IA,320,3.099,41.3612830,-93.7896132
64857,CHARITON FOOD SHOP,US-34,Chariton,IA,320,3.369,41.0147155,-93.3074102
64859,QUICK FUEL #2901,"I-35/I-80, EXIT 136",Des Moines,IA,320,3.13733333,41.5868654,-93.6249494
64860,BP TRUCK PLAZA,US-61/US-151,Dubuque                                 ,IA,335,3.489,42.5006243,-90.6647985
64862,218 FUEL EXPRESS,US-218 & US-18,Floyd,IA,433,3.489,43.0587894,-92.7830539
64863,FT MADISON FAST BREAK,US-61,Fort Madison,IA,345,3.399,40.6311415,-91.3084007
64868,MEDIAPOLIS FAST BREAK,US-61,Mediapolis,IA,345,3.349,41.0079667,-91.1640201
64871,STEWART ROAD FAST BREAK,CR-X61,Muscatine                               ,IA,270,3.299,41.4776121,-91.1210053
64873,CUBBYS #2301,"I-29, EXIT 112",Onawa,IA,319,3.149,42.0268269,-96.0974618
64874,OSCEOLA TRAVEL PLAZA,"I-25, EXIT 33 & US-34",Osceola,IA,320,3.31233333,43.3684613,-95.6299944
64875,CASEYS #2598,"SR-163, EXIT 42",Pella,IA,320,3.199,41.4073138,-92.9174074
64876,PILOT #238,"I-29, EXIT 10",Percival,IA,319,3.799,40.7488420,-95.8131914
64876,PILOT TRAVEL CENTER #238,"I-29, EXIT 10",Percival,IA,319,3.799,40.7488420,-95.8131914
64877,CASEYS #3900,"US-218, EXIT 80 & SR-22",Riverside,IA,380,3.17066666,41.4797157,-91.5812739
64880,CASEYS #2487,US-71/SR-9,Spirit Lake,IA,440,3.38233333,43.4224868,-95.1024729
64881,SPARKYS ONE STOP #16,US-71 & SR-3,Storm Lake                              ,IA,527,3.23233333,42.6452817,-95.1992726
64883,KUM & GO #1046,"I-80, EXIT 46 & CR-M47",Walnut,IA,486,3.109,41.4942200,-95.2215541
64884,SAPP BROS TRAVEL CENTER,US-61 & SR-78,Sioux City,IA,527,3.649,42.4966815,-96.4058782
64886,WEVER JUNCTION,US-61 & CR-X50,Wever,IA,345,3.399,40.7114884,-91.2304308
64887,COUNCIL FOOD AND FUEL,US-95,Council,ID,785,3.589,44.7298876,-116.4381980
64888,NOMNOM #21,US-95 & SR-13,Grangeville,ID,970,3.90733333,45.9265520,-116.1223260
64892,JACKSONS FOOD STORE #3,US-95,Wilder,ID,785,3.579,43.6765486,-116.9118157
64894,CIRCLE K #4701251,"I-55, EXIT 160B & SR-9",Bloomington,IL,280,3.399,40.4968604,-88.9035756
64894,CIRCLE K #4701251,"I-55, EXIT 160B & SR-9",Bloomington,IL,280,3.599,40.4968604,-88.9035756
64894,CIRCLE K #4701251,"I-55, EXIT 160B & SR-9",Bloomington,IL,280,3.499,40.4968604,-88.9035756
64902,DOWNS TRAVEL MART,"I-74, EXIT 142",Downs,IL,368,3.499,40.3969800,-88.8706291
64907,FREEDOM OIL #77,"I-74, EXIT 112 & SR-117",Goodfield                               ,IL,368,3.659,40.6297593,-89.2748084
64913,Circle K #4701331,US-136 & US-67,Macomb,IL,345,3.499,40.4580085,-90.6471480
64914,Martinsville Food and Fuel,"I-70, EXIT 136",Martinsville,IL,510,3.489,39.3355924,-87.8819761
64920,KWIK STAR #1530,"I-88/SR-110, EXIT 76 & SR-251",Rochelle,IL,520,3.499,41.9101485,-89.0689985
64928,SPEEDWAY #1432,"I-294, EXIT 22",Willow Springs,IL,293,3.859,41.7372282,-87.8843829
64929,KARTAR TRUCK STOP,"I-74, EXIT 32 & SR-17",Woodhull,IL,270,3.599,41.1789256,-90.3159582
64930,THORNDALE SHELL,"I-290, EXIT 5",Wood Dale,IL,290,3.459,41.9633625,-87.9789562
64933,MCCLURE OIL #66,US-33/US-27,Decatur,IN,370,3.699,39.2862128,-85.4943058
64938,FAMILY EXPRESS #41 (DISCOUNT AVAILABLE),US-52,Lafayette,IN,375,3.43233333,40.4191229,-86.8919011
64939,FAMILY EXPRESS #27 (DISCOUNT AVAILABLE),US-421,Medaryville,IN,365,3.649,41.0805951,-86.8919629
64946,MORNING STAR AUTO TRUCK PLAZA,"I-69, EXIT 334 & US-6",Waterloo                                ,IN,370,3.699,41.4318364,-85.0213899
64949,PETES #36,US- 54 & US-169,Iola,KS,400,3.20566666,37.9244799,-95.3999814
64950,CASEYS #2957,US-73 & US-36,Hiawatha,KS,400,3.15066666,39.8524033,-95.5364966
64952,AMPRIDE,US-160,Johnson                                 ,KS,525,3.399,38.8837933,-94.8389141
64961,SAC AND FOX TRUCK STOP,US-75,Powhattan,KS,553,2.984,39.7614620,-95.6335829
64963,FLINT HILLS ONE STOP,US-50,Strong City,KS,553,2.919,38.3972359,-96.5369508
64964,U PUMP IT,US-83 & US-56,Sublette                                ,KS,525,3.679,37.4816911,-100.8437730
64969,ALLSTAR FOOD MART,SR-55,Campbellsville                          ,KY,415,3.159,37.3433974,-85.3419069
64980,DOUBLE KWIK MARKET #1044,SR-15/SR-7/SR-160,Isom                                    ,KY,255,3.749,37.1878764,-82.8987718
64982,FAS MART #5260,SR-9 & US-68/US-62/SR-10,Maysville,KY,312,3.364,38.6474569,-83.7644793
64984,DOUBLE KWIK MARKET #1062,"I-75, EXIT 104",Nicholasville,KY,410,3.499,37.8806341,-84.5729961
64990,LAKE COUNTRY OUTDOORS,SR-127,Russell Springs,KY,410,3.199,37.0566246,-85.0875858
64994,E Z STOP,SR-555 & SR-9002,Willisburg,KY,410,3.379,37.8097892,-85.1263470
64996,AVONDALE TRUCK STOP,SR-90,Westwego                                ,LA,725,3.449,29.9060388,-90.1422962
64998,CM BAYOU VISTA,US-90,Morgan City,LA,725,3.399,29.6993748,-91.2067700
64999,I 220 TRAVEL PLAZA,"I-270, EXIT 17A & US-80/US-79",Bossier City,LA,766,2.99233333,32.5158870,-93.7336536
65000,SILVERS TRAVEL CENTER,"I-10, EXIT 109",Breaux Bridge                           ,LA,690,3.369,30.2735323,-91.8992837
65002,FOOD N FUN #11,US-90 & SR-92-1,Broussard,LA,600,3.30233333,30.1471506,-91.9612413
65005,USA TRAVEL CENTER,"I-20, EXIT 103/US-80",Calhoun                                 ,LA,719,3.21566666,32.5126469,-92.3584744
65006,GOLDMINE TRUCKSTOP,US-190,Eunice                                  ,LA,730,3.199,30.4943669,-92.4176324
65007,GOLDEN GROVE TRUCK PLAZA,SR-641 & SR-3125,Gramercy,LA,725,3.419,30.0474239,-90.6898128
65008,BIG WHEELS TRAVEL CENTER,"US-90, EXIT 204 & SR-316",Gray,LA,725,3.499,29.6867175,-90.7813020
65011,PLANTATION TRUCK PLAZA,SR-311 & SR-664,Houma,LA,725,3.11566666,29.5957696,-90.7195348
65017,Y NOT STOP MANSURA,SR-1,Mansura,LA,730,3.399,31.0746324,-92.0535382
65019,Hwy 31 Truck Stop,SR 31,Saint Martinville                       ,LA,730,3.329,30.1252011,-91.8334498
65021,OPELOUSAS 190 TRUCK STOP,US-190,Opelousas,LA,600,2.87066666,30.5335302,-92.0815090
65022,CM RACELAND,SR-1,Raceland,LA,725,3.299,29.7274331,-90.5989760
65023,SHOP RITE #85,"I-10, EXIT 87 AT MILE 87",Rayne,LA,600,3.149,30.2349250,-92.2684617
65025,ELSIE AUTO AND TRUCK PLAZA,SR-1,Shreveport                              ,LA,766,2.949,32.5135356,-93.7477839
65026,TA ST Rose #06480,US-61,Saint Rose,LA,725,3.22566666,29.9730200,-90.2994780
65027,STARKS TRUCK STOP,SR-12,Starks,LA,690,3.599,30.3155874,-93.6618365
65030,CASH MAGIC THIBODAUX,SR-1,Thibodaux,LA,725,3.399,29.7957633,-90.8228710
65033,PILOT TRAVEL CENTERS #457,"I-75, EXIT 135",Beaverdam,OH,411,3.33066666,40.8329920,-83.9742826
65036,WAVERLY TRUCKSTOP,"I-20, EXIT 157 & SR-577",Delhi,LA,719,2.964,32.4576421,-91.4931736
65037,CIRCLE K #2707783,"I-20, EXIT 114 & SR-617",West Monroe,LA,719,2.95733333,32.5044007,-92.1282434
65048,Irving,SR-2,Westminster,MA,34,3.749,42.5445973,-71.8744764
65059,ROYAL FARMS #111,"I-95, EXIT 57",Baltimore,MD,22,3.209,39.4122733,-76.6473094
65062,AC & T BIG POOL,"I-70, EXIT 12 & SR-56",Big Pool,MD,70,3.659,39.6246860,-78.0160280
65064,A C AND T SHARPSBURG PIKE,"I-70, EXIT 29A & SR-65",Hagerstown,MD,70,3.799,39.6430455,-77.7191081
65066,HURLOCK CITGO,SR-392 & SR-331,Hurlock                                 ,MD,194,3.259,38.6346863,-75.8637279
65067,SUNOCO,US-301,Newburg,MD,60,3.379,38.3773478,-76.9533055
65069,CIRCLE K #4707056,"I-95, EXIT 75",Auburn,ME,170,3.899,44.1025824,-70.2255843
65074,CIRCLE K #4707004,"I-95, EXIT 244 & SR-157",Medway,ME,170,3.50233333,45.6089427,-68.5308623
65075,CIRCLE K #4707017,"I-95, EXIT 48",Portland,ME,170,3.74233333,43.6854275,-70.3285948
65083,SUNOCO,"I-75, EXIT 34B",Riverview                               ,MI,325,3.639,42.1742073,-83.1793697
65084,BEACON & BRIDGE #19,US-131 & SR-115,Cadillac,MI,260,3.259,44.2519526,-85.4011619
65084,BEACON & BRIDGE #19,US-131 & SR-115,Cadillac,MI,260,3.239,44.2519526,-85.4011619
65084,BEACON & BRIDGE #19,US-131 & SR-115,Cadillac,MI,260,3.279,44.2519526,-85.4011619
65086,FRED MOORE BP,"I-94, EXIT 257",Casco                                   ,MI,325,4.099,42.8129692,-82.6327654
65088,Circle K #2746528,US-41/SR-28 & SR-95,Champion,MI,360,3.819,46.5138246,-87.9634679
65091,WYOMING FUEL PLAZA,"I-94, EXIT 210A",Dearborn,MI,325,3.599,42.3222599,-83.1763145
65092,BP,"I-94 & US-12, EXIT 210",Dearborn,MI,325,3.579,42.3013258,-83.2637702
65092,BP,"I-94 & US-12, EXIT 210",Dearborn,MI,325,3.759,42.3013258,-83.2637702
65092,BP,"I-94 & US-12, EXIT 210",Dearborn,MI,325,4.099,42.3013258,-83.2637702
65092,BP,"I-94 & US-12, EXIT 210",Dearborn,MI,325,3.199,42.3013258,-83.2637702
65094,MARATHON,"I-75 & SR-32, EXIT 282",Gaylord                                 ,MI,287,3.829,44.9902925,-84.6765404
65094,MARATHON,"I-75 & SR-32, EXIT 282",Gaylord                                 ,MI,287,3.799,44.9902925,-84.6765404
65108,PICKLEMANS ONE STOP-ZEPHYR,ST 28,Newberry,MI,360,3.699,46.3536220,-85.5124090
65113,NORTHWIND TRAVEL CENTER,"US-131, EXIT 153 & US-10",Reed City,MI,456,3.599,43.8885523,-85.5238951
65113,NORTHWIND TRAVEL CENTER,"US-131, EXIT 153 & US-10",Reed City,MI,456,3.499,43.8885523,-85.5238951
65121,BP TRAVEL CENTER AND TRUCK PLAZA,"I-275, EXIT 20",Belleville,MI,325,4.199,42.2048414,-83.4852106
65127,PITSTOP MOBIL MART,"I-196, EXIT 72",Wyoming,MI,456,3.799,42.9132581,-85.7057035
65127,PITSTOP MOBIL MART,"I-196, EXIT 72",Wyoming,MI,456,3.549,42.9132581,-85.7057035
65129,HOLIDAY STATIONSTORE #2746345,"I-94, EXIT 103/US-52 & SR-29",Alexandria,MN,250,3.499,45.8465500,-95.3870749
65132,PETES PLACE SOUTH,US-71 & US-2,Bemidji,MN,355,3.41566666,47.4785418,-94.8907869
65135,CIRCLE K #3819,SR-7,Clara City,MN,432,3.33233333,44.9549593,-95.3664045
65136,HOLIDAY STATIONSTORE #2746422,"I-35, EXIT 253B",Duluth,MN,334,3.499,46.7729322,-92.1251218
65141,KWIK TRIP #619,US-14 & ST-57,Kasson,MN,515,3.549,44.0203344,-92.7456522
65142,HOLIDAY STATIONSTORE #2746376,"I-35W, EXIT 36 & CR-23",Circle Pines,MN,448,3.549,45.1448820,-93.1553635
65153,7Fleet #46516,"I-75, EXIT 164",Waite Park,MN,250,3.459,45.5130154,-94.2606718
65162,Petro Mart #15,I-270 EXIT 33,Saint Louis                             ,MO,540,2.904,38.6280278,-90.1910154
65165,AMERIMART # 11,US-61,Jackson,MO,275,3.299,39.0355211,-94.3583509
65171,SIGNAL FOOD STORE #110,US-60 & SR-5,Mansfield,MO,535,3.02566666,37.1067189,-92.5807231
65177,KUM & GO #0497,US-60/SR-413 & CR-M,Republic,MO,535,3.079,37.1193101,-93.4695528
65178,WILD BILLS TRAVEL CENTER,US-65 & SR-14,Ridgedale                               ,MO,535,3.199,36.5039535,-93.2237919
65180,TREX MART #11,"I-29, EXIT 65 & US-59",Savannah,MO,400,2.999,39.9413678,-94.8299460
65188,GAS MART,"US-78, EXIT 14 & SR-309",Byhalia,MS,435,2.97233333,34.8723179,-89.6906396
65192,CIRCLE K #2723396,US-49,Collins,MS,620,3.879,31.6457944,-89.5553297
65194,CIRCLE K #2723401,US-98 BYP/SR-44 & SR-13,Columbia,MS,620,3.33233333,31.2518582,-89.8353099
65197,SINGH PETRO,US-11,Ellisville                              ,MS,620,3.059,31.6047734,-89.1956410
65198,CIRCLE K #2723437,US-49,Florence,MS,760,2.89566666,32.1551970,-90.1236187
65204,SHELL GAS MART,US-82,Mathiston,MS,576,3.36566666,33.5392629,-89.1255502
65212,Taters #2,US-98 & SR-29,New Augusta,MS,620,3.31566666,31.2024033,-89.0347743
65213,CIRCLE K #2723390,US-98,New Augusta,MS,620,3.199,31.2012756,-89.0412289
65214,NEWTON CROSSING,"I-20, EXIT 109 & SR-15",Newton,MS,705,3.249,32.3882835,-89.1317486
65216,STUCKEYS EXPRESS,US-43S,Pelahatchie                             ,MS,760,3.199,32.3132159,-89.7989402
65221,CEFCO #544,"I-55/US-51, EXIT 81",Terry,MS,760,2.899,32.0962633,-90.2942566
65223,SHELL EXPRESS MART,SR-7 & SR-315,Water Valley,MS,435,3.06566666,34.1514989,-89.6314736
65225,CIRCLE K #2723402,US-49,Wiggins,MS,620,3.509,30.8582440,-89.1353283
65234,COUNTRY MART,US-13/SR-11,Bethel,NC,205,3.00733333,35.7155212,-77.3647071
65241,CIRCLE K #2723474,US-70,Goldsboro,NC,205,3.54066666,35.3978058,-77.9648814
65246,DOBBS PLACE,"I-95, EXIT 17",Lumberton                               ,NC,245,3.159,34.6183305,-79.0082050
65250,CIRCLE K #2723473,US-70,Morehead City,NC,245,3.649,34.7229391,-76.7260436
65251,SPEEDWAY #8277,US-17 & SR-43,New Bern,NC,245,3.26566666,35.1477096,-77.1068790
65252,SPEEDWAY #6964,SR-125 & SR-11/SR-42,Oak City,NC,205,3.19733333,35.9651334,-77.3037650
65267,CIRCLE K #2720939,"I-795/US-264, EXIT 43A & US-301",Wilson,NC,205,3.049,35.6910200,-77.9458340
65268,SPEEDWAY #6931,"I-40, EXIT 195 & SR-109",Winston Salem,NC,65,3.609,36.0563104,-80.2094064
65270,INTERSTATE CENEX,"I-94, EXIT 1 & SR-16",Beach,ND,273,3.499,46.9180689,-104.0043728
65273,SIMONSON TRAVEL CENTER,"I-29, EXIT 141 & US-2",Grand Forks,ND,341,3.539,47.9336937,-97.0961595
65274,CENEX C STORE,US-2 & SR-3,Rugby                                   ,ND,452,3.399,48.3688880,-99.9962460
65282,HEBRON SINCLAIR,US-81,Hebron,NE,413,3.284,40.1663930,-97.5858750
65283,CUBBYS #2107,US-20/SR-15,Laurel,NE,470,3.139,42.4294449,-97.0897704
65284,Caseys #4526,"I-80, EXIT 237",Lexington,NE,330,3.05733333,40.7788486,-99.7414869
65287,AM ENERGY,"I-80, EXIT 248",Overton                                 ,NE,330,2.899,40.7390089,-99.5377170
65289,SHOEMAKERS SOUTH,US-77,Roca,NE,413,3.349,40.6573210,-96.6623140
65290,ESSENTIAL FUEL #3,ST 71,Scottsbluff,NE,475,3.599,41.8623020,-103.6627088
65292,CUBBYS #117,SR-2 & SR-50,Syracuse                                ,NE,319,3.319,40.6572240,-96.1863980
65293,TRAILS WEST SINCLAIR,US-34 & SR-25,Trenton,NE,475,3.499,40.1757537,-101.0131604
65294,PRIME STOP,ST 35                         ,Wayne                                   ,NE,470,3.244,42.2363132,-96.9987554
65296,CIRCLE K #4707214,"I-93, EXIT 12S & I-89 & SR-3A",Bow,NH,170,4.199,43.1756527,-71.5302276
65299,EPPING FUELING CENTER,SR-27 & SR-125,Epping,NH,125,4.029,43.0394461,-71.0730253
65308,SUNOCO,SR-17,East Rutherford                         ,NJ,115,3.19233333,40.8393311,-74.0838339
65310,Edison Fuel Stop,US-1,Edison,NJ,115,3.159,40.5181570,-74.4113926
65314,Union 76,"I-55, EXIT 50A",Richwood,NJ,150,3.399,39.7121090,-75.1709175
65315,SUNOCO- RICHARD STOCKTON PLAZA #7009,NJ TURNPIKE MILE POST 58.7 ,Trenton,NJ,115,3.899,40.2203074,-74.7659000
65319,PHILLIPS 66,US-30,Clementon,NJ,150,3.199,39.8123914,-74.9857396
65320,PILOT #891,"I-80, EXIT 27B",Ledgewood,NJ,105,4.099,40.8921299,-74.6857592
65328,THIND TRAVEL PLAZA,SR-20,North Bergen                            ,NJ,115,3.259,40.8042674,-74.0120840
65329,UTE MOUNTAIN TRAVEL CENTER,US-160 & US-491,Towaoc                                  ,CO,810,3.45733333,37.2016195,-108.6869710
65332,BETTY ROSS TRUCK STOP /BP,US-130 & SR-73,Pennsauken,NJ,150,3.329,39.9562238,-75.0579502
65334,SUNOCO,US 22 WEST,Phillipsburg                            ,NJ,115,3.329,40.6955550,-75.1893284
65335,CONOCO,US-22,Phillipsburg,NJ,90,3.359,40.6915611,-75.1952543
65338,SWIFT FUEL STOP,"I-78, EXIT 13",Newark                                  ,NJ,115,3.879,40.7356570,-74.1723667
65339,US GAS & DIESEL,US-46,Ridgefield,NJ,115,3.229,40.8342669,-74.0087505
65343,ENRITE,"I-287, EXIT 4",South Plainfield,NJ,115,3.999,40.5792701,-74.4115401
65345,SOUTH BRUNSWICK VALERO,US-130,North Brunswick                         ,NJ,115,3.16566666,40.4539249,-74.4765450
65350,Phillips 66,"I-295, EXIT 1",Vineland                                ,NJ,150,3.359,39.4862777,-75.0254256
65351,RIGGINS TRUCK PLAZA,"I-55, EXIT 26",Vineland,NJ,150,3.269,39.4862777,-75.0254256
65353,SUNOCO- GROVER CLEVELAND TRAVEL PLAZA #7014,"NORTH NJ TNPK, EXIT 11",Woodbridge,NJ,115,3.899,40.5541800,-74.2860008
65359,ROAD RUNNER TRAVEL CENTER,"I-25, EXIT 156",Lemitar,NM,580,3.299,34.1595950,-106.9107031
65360,Roswell #60,US-285,Roswell                                 ,NM,593,3.36566666,33.5119336,-104.5170644
65361,BLACK MESA TRAVEL CENTER,"I-25, EXIT 252",Algodones,NM,580,3.269,35.4163951,-106.4021018
65365,CHEVRON #381125,US-95,Hawthorne,NV,966,4.079,38.5318505,-118.6249135
65373,CHAMPLAIN PETERBILT FUEL MART,"I-87, EXIT 43",Champlain,NY,39,3.799,44.9866560,-73.4466930
65377,PETROL 9 W,US-9W,Glenmont,NY,12,3.699,42.6048020,-73.7695658
65379,MIRABITO #74,"SR-79 N/I-88E, EXIT 6",Harpursville                            ,NY,12,4.659,42.1784124,-75.6246298
65381,NATIVE PRIDE,"I-90, EXIT 58 & US-20",Irving,NY,38,2.999,42.5719035,-79.0938799
65381,NATIVE PRIDE,"I-90, EXIT 58 & US-20",Irving,NY,38,2.899,42.5719035,-79.0938799
65383,M AND M ALLEGANY JUNCTION,"I-86/SR-17, EXIT 23 & US-219/US-219 BUS",Limestone,NY,38,3.129,42.0224930,-78.6352294
65386,MIRABITO #73,"I-88, EXIT 12",Otego,NY,12,3.999,42.3973023,-75.1735017
65387,MAPLEFIELDS,SR-22 & SR-442,Peru,NY,235,3.799,44.5784860,-73.5270310
65392,CIRCLE K #4707622,"I-90, EXIT 41",Seneca Falls,NY,220,3.999,42.9604871,-76.8456539
65395,BELLSTORES #132,US-30 & SR-60,Ashland,OH,249,3.499,40.8613996,-82.2820630
65398,QUICK FUEL #2306,"I-480, EXIT 12",Brookpark,OH,305,3.669,41.4197915,-81.8238184
65400,NORTHSIDE FUEL STOP,US-30 & SR-19,Bucyrus,OH,411,3.50733333,40.8083909,-82.9754649
65406,MOBIL,"I-90/SR-2, EXIT 182B",Cleveland,OH,305,3.76566666,40.0231163,-82.9652320
65411,CLARKS PUMP N SHOP #10,SR- 32,Jackson,OH,315,3.699,39.0131871,-82.6089043
65415,SPEEDWAY #9314,US-20 & SR-21,Massillon,OH,249,3.48233333,40.7476336,-81.5165186
65423,BARNEYS CONVENIENCE MART #15,"I-75, EXIT 195 & I-90, EXIT 64 & SR-795",Rossford,OH,550,3.599,41.6097726,-83.5643782
65426,CIRCLE K #4705357,US-23 & SR-316,Ashville,OH,315,3.089,39.7156186,-82.9529584
65431,QUICK MART AND MORE,US-22 & SR-43,Steubenville,OH,573,3.639,40.3600714,-80.6151034
65441,HUTCH'S #103,SR-6 & SR-66,Elk City,OK,483,2.969,35.4082212,-99.3801673
65444,TXB #24 dba Kwik Chek Food Stores,US-70,Hugo,OK,253,2.969,34.0106208,-95.5131220
65445,QWIK CHEQUE,US-70 & SR-37,Idabel,OK,253,3.199,33.8956647,-94.8263281
65451,Petes #15,US-169 & SR-88,Oologah                                 ,OK,560,3.159,36.4470387,-95.7083151
65457,THACKERSVILLE TRAVEL PLAZA,"I-35, EXIT 1",Thackerville                            ,OK,253,2.93233333,33.7955237,-97.1438728
65463,FLYING J CARDLOCK #825,"HWY 403, EXIT 41",Brantford,ON,430,4.59216111,39.9222490,-86.1788517
65463,FLYING J CARDLOCK #825,"HWY 403, EXIT 41",Brantford,ON,430,4.60163996,39.9222490,-86.1788517
65463,FLYING J CARDLOCK #825,"HWY 403, EXIT 41",Brantford,ON,430,4.59114784,39.9222490,-86.1788517
65463,FLYING J CARDLOCK #825,"HWY 403, EXIT 41",Brantford,ON,430,4.60231851,39.9222490,-86.1788517
65463,FLYING J CARDLOCK #825,"HWY 403, EXIT 41",Brantford,ON,430,4.59317483,39.9222490,-86.1788517
65463,FLYING J CARDLOCK #825,"HWY 403, EXIT 41",Brantford,ON,430,4.59452716,39.9222490,-86.1788517
65469,PETRO-CANADA,BURLINGTON & PARKDALE/WINDEMER,Hamilton                                ,ON,430,3.65284821,40.0749813,-86.0498885
65469,PETRO-CANADA,BURLINGTON & PARKDALE/WINDEMER,Hamilton                                ,ON,430,3.65338686,40.0749813,-86.0498885
65469,PETRO-CANADA,BURLINGTON & PARKDALE/WINDEMER,Hamilton                                ,ON,430,3.59147696,40.0749813,-86.0498885
65476,PETRO-CANADA,"HWY 401, EXIT 186",London                                  ,ON,200,3.40169746,39.6256020,-85.9202594
65476,PETRO-CANADA,"HWY 401, EXIT 186",London                                  ,ON,200,3.56099338,39.6256020,-85.9202594
65476,PETRO-CANADA,"HWY 401, EXIT 186",London                                  ,ON,200,3.40219907,39.6256020,-85.9202594
65476,PETRO-CANADA,"HWY 401, EXIT 186",London                                  ,ON,200,3.36758543,39.6256020,-85.9202594
65476,PETRO-CANADA,"HWY 401, EXIT 186",London                                  ,ON,200,3.33899404,39.6256020,-85.9202594
65476,PETRO-CANADA,"HWY 401, EXIT 186",London                                  ,ON,200,3.31285191,39.6256020,-85.9202594
65484,FLYING J #865,HWY 1/HWY 401,Pickering,ON,720,4.46276974,31.0340784,-93.2707191
65484,FLYING J #865,HWY 1/HWY 401,Pickering,ON,720,4.45521463,31.0340784,-93.2707191
65484,FLYING J #865,HWY 1/HWY 401,Pickering,ON,720,4.45193778,31.0340784,-93.2707191
65484,FLYING J #865,HWY 1/HWY 401,Pickering,ON,720,4.45390331,31.0340784,-93.2707191
65484,FLYING J #865,HWY 1/HWY 401,Pickering,ON,720,4.46211176,31.0340784,-93.2707191
65484,FLYING J #865,HWY 1/HWY 401,Pickering,ON,720,4.45292033,31.0340784,-93.2707191
65490,PILOT TRAVEL CENTER #422,"I-85, EXIT 41 & US-29",Newnan,GA,18,3.699,33.3806716,-84.7996573
65490,PILOT TRAVEL CENTERS #422,"I-85, EXIT 41 & US-29",Newnan,GA,18,3.699,33.3206222,-84.7777020
65494,FLYING J TRAVEL PLAZA #633,"I-20, EXIT 138",Union Point,GA,135,3.859,33.6156831,-83.0745969
65496,FLYING J #463,HWY 402 EXIT 25,Wyoming,ON,620,4.45193778,32.1205667,-91.2069614
65496,FLYING J #463,HWY 402 EXIT 25,Wyoming,ON,620,4.45292033,32.1205667,-91.2069614
65496,FLYING J #463,HWY 402 EXIT 25,Wyoming,ON,620,4.46276974,32.1205667,-91.2069614
65496,FLYING J #463,HWY 402 EXIT 25,Wyoming,ON,620,4.46211176,32.1205667,-91.2069614
65496,FLYING J #463,HWY 402 EXIT 25,Wyoming,ON,620,4.45390331,32.1205667,-91.2069614
65496,FLYING J #463,HWY 402 EXIT 25,Wyoming,ON,620,4.45521463,32.1205667,-91.2069614
65513,GETGO #3602,"I-76, EXIT 146 & I-99, EXIT 1 & US-220",Bedford                                 ,PA,14,4.09233333,40.0530749,-78.5110850
65514,ONVO TRAVEL PLAZA,"I-78, EXIT 13 & SR- 501",Bethel,PA,70,3.34733333,40.3442363,-80.0428314
65518,KWIK FILL #239,ST 51,Crescent                                ,PA,165,3.799,40.5637227,-80.2276272
65521,RUTTERS #17,US-15 & SR-234,East Berlin,PA,70,4.294,39.9375970,-76.9785892
65522,TURKEY HILL #950324,US-322 & SR-23/SR-897,East Earl,PA,208,3.78566666,40.1144733,-76.0322028
65523,SAC SHOP #512,US-30,Everett                                 ,PA,14,4.099,40.0114711,-78.3733484
65524,SAC SHOP #514,I-76/I-70 & US-30,Everett                                 ,PA,14,4.099,40.0114711,-78.3733484
65525,SHELL,"I-95, EXIT 46A & US-1",Fairless Hills,PA,160,3.899,40.1781420,-74.8564446
65527,SUNOCO SERVICE STATION,"I-81, EXIT 5",Greencastle,PA,70,3.899,39.7903710,-77.7277714
65530,7-ELEVEN #40284,"I-76, EXIT 19/247",Hershey,PA,70,3.96733333,40.2850285,-76.6534662
65532,PILOT TRAVEL CENTERS #1,"I-80,  EXIT 173",Mill Hall,PA,14,4.01566666,41.1078760,-77.4848105
65533,LIBERTY EXXON,US-15 & SR-414,Liberty,PA,138,3.699,40.3253474,-79.8561591
65537,SHEETZ #048,US-22,Nanty Glo,PA,14,3.51733333,40.4715140,-78.8345660
65538,WELMART,"SR-28, EXIT 16",Natrona Heights                         ,PA,165,4.19233333,40.6214560,-79.7277765
65549,T&C MINI MART,SR-33 & SR-191,Stockertown,PA,90,3.699,40.7544560,-75.2615618
65552,A PLUS MINI MARKET,US-1 & SR-132,Feasterville Trevose                    ,PA,160,3.899,40.1484058,-74.9934733
65556,RUTTERS #60,US-30 & SR-116,York,PA,70,4.249,39.9624930,-76.7276989
65572,CIRCLE K #2705377,"I-20, EXIT 22 & US-1",Aiken,SC,135,3.129,33.6493622,-81.3589733
65573,SPEEDWAY/7fleet #4587,US-501,Aynor,SC,205,3.124,33.9998881,-79.1994874
65578,CIRCLE K #2723355,US-52,North Charleston,SC,42,3.399,32.9027381,-79.9849606
65587,HOT SPOT #2022,US-25/US-76,Honea Path,SC,30,2.909,34.5113722,-82.3069788
65588,SPEEDWAY #2836,US-17,Johns Island,SC,42,3.069,32.8035446,-80.1103928
65593,CIRCLE K #2723441,"I-82, EXIT 73 & SR-773",Prosperity,SC,210,3.11566666,34.2098669,-81.5338576
65594,PILOT #4567,I-77 EXIT 77,Rock Hill,SC,46,3.149,34.9248667,-81.0250784
65598,LEES QUICK STOP,US-52 & SR-45,Saint Stephen,SC,42,3.41566666,33.4043339,-79.9217432
65603,JET TRUCK PLAZA,"I-29, EXIT 47",Beresford                               ,SD,530,3.159,43.0806132,-96.7742341
65604,SHELL,"I-29, EXIT 132",Huron                                   ,SD,455,3.359,44.3630800,-98.2143880
65608,ZIP TRIP #81,"I-29, EXIT 62 & US-18",Lennox,SD,530,3.204,43.3541831,-96.8918394
65614,281 TRAVEL CENTER,US-281,Wolsey,SD,571,3.089,44.4052566,-98.4757172
65622,QUICK STOP #34,US-11/SR-1,Bristol                                 ,TN,405,3.299,36.5945034,-82.1885212
65624,Sudden Service #61,SR-149 & SR-46,Cumberland City,TN,460,3.564,36.3933859,-87.6364056
65625,Chevron,US-64,Fayetteville,TN,460,3.754,35.1573938,-86.5951607
65629,CASEYS GOODSTOP #4036,"I-40, EXIT 355",Kingston,TN,405,3.164,35.8713147,-84.5160916
65639,SPEEDWAY #7138,"I-24, EXIT 70 & SR-102",Smyrna,TN,460,3.049,35.9481541,-86.4878453
65641,ALLSUPS CONVENIENCE STORE #2331,I-20 & FM 600,Abilene,TX,575,2.87566666,32.4464500,-99.7475905
65652,CIRCLE K #2706343,"I-20, EXIT 428",Fort Worth,TX,630,2.969,32.7590569,-97.2614037
65659,ALLSUPS CONVENIENCE STORE #2169,US-287,Chillicothe,TX,770,2.89566666,34.2537085,-99.5111446
65666,FUEL CITY #2,"I-30, EXIT 45B/I-35E",Dallas,TX,630,2.96566666,32.7762719,-96.7968559
65667,ALLSUPS CONVENIENCE STORE #2103,US-287/US-81,Decatur,TX,630,2.899,33.2342834,-97.5861393
65671,SUPER STOP #22,SR-87 & SR-12,Orange,TX,610,3.439,30.1228634,-93.9041169
65673,PILOT #894,US-57 & US-277,Eagle Pass,TX,693,3.899,28.7097926,-100.4636910
65674,VALLEY MART #09,US-277,Eagle Pass,TX,740,3.199,28.7083999,-100.5039410
65678,ONE9 #1300,US-287 & SR-34,Ennis,TX,630,2.869,32.3293111,-96.6252679
65683,ALLSUPS CONVENIENCE STORE #2225,US-60,Friona,TX,585,2.999,34.6396312,-102.7211700
65686,CEFCO #2004,"I-35 , EXIT 499",Vernon,TX,770,2.86066666,34.1615039,-99.2982186
65690,CIRCLE G TRUCK STOP,US-183 & SR-97,Gonzales,TX,595,2.799,29.4436555,-97.5108636
65691,CIRCLE K #2704037,US-90/SR-97 & US-183,Gonzales,TX,595,2.904,29.5198849,-97.4511135
65721,Paradise RV & Truck Park,US-287/US-81,Alvord,TX,770,2.81566666,33.3541879,-97.6944884
65724,STRIPES 7FLEET #42427,US-385 & SR-191,Odessa,TX,710,3.289,31.8457149,-102.3676870
65728,RIVER MART,US-281/SR-241,Pharr,TX,639,3.349,26.1947962,-98.1836216
65738,CIRCLE K #2741499,SR-35 & FM-1069,Rockport,TX,625,2.80566666,28.0300466,-97.0832024
65755,CIRCLE K #2723373,US-11 & SR-622,Atkins,VA,185,3.349,36.8687315,-81.3944053
65759,XPRESS STOP,US-522 & SR-694,Cross Junction,VA,60,3.33233333,39.3203785,-78.2933382
65761,NEW DIXIE MART #15,US-58 & SR-671,Franklin,VA,180,3.099,37.0527719,-79.8813093
65762,7-ELEVEN #34516,"I-66, EXIT 6",Front Royal,VA,60,3.52566666,38.9673267,-78.1912902
65764,LEESBURG CITGO,US-15,Leesburg,VA,60,3.499,39.1154506,-77.5645607
65765,FOSTERS CONVENIENCE STORE,US-29 & SR-685,Rustburg,VA,185,3.599,37.2754135,-79.1090569
65767,STATELINE FOOD MART #69,US-23,Pound,VA,44,3.599,37.1237146,-82.6012667
65770,JOLLEY #136,"I-89, EXIT 21",Alburgh                                 ,VT,39,3.539,44.9815008,-73.2972651
65771,CITGO,"I-91, EXIT 3 & US-5",Brattleboro,VT,12,3.67233333,42.8844046,-72.5575456
65789,BEAR CREEK CITGO,US-45 & SR-76/SR-22,Bear Creek,WI,360,3.439,44.5302735,-88.7272437
65791,EDGAR TRAVEL CENTER,SR-29 & CR-H,Edgar,WI,395,3.559,44.9225290,-89.9639464
65793,KWIK TRIP #921,SR-13 & SR-21,Friendship,WI,420,3.274,44.0240728,-89.8101547
65794,BP,"I-43, EXIT 180",Green Bay,WI,360,3.349,44.5109244,-87.9940544
65796,ADDISON STATION,"I-41/US-41, EXIT 68 & CR-K",Hartford,WI,444,3.149,43.3177440,-88.3788508
65800,BP,US-45,Kewaskum,WI,444,3.219,43.5102617,-88.2200283
65804,KWIK TRIP #628,US-45,Larsen,WI,582,3.43233333,44.1916501,-88.6239990
65805,HI WAY HOP BP,"I-42/US-41, EXIT 85 & SR-67",Lomira,WI,444,3.099,43.5913820,-88.4437130
65806,SHELL,US-41 & SR-67,Lomira,WI,444,3.389,43.5913820,-88.4437130
65809,KWIK TRIP #399,SR-21 & SR-80,Necedah,WI,395,3.249,44.0260748,-90.0747089
65810,HIGHWAY HARRY'S,I-90/I-94 EXIT 61 & SR-80,New Lisbon,WI,420,3.17233333,43.8796288,-90.1662033
65812,PLAINFIELD PLAZA,SR-73 & I-39,Plainfield,WI,395,3.29066666,44.2138646,-89.4923422
65813,KWIK TRIP #683,"I-39, EXIT 92 & US-51",Portage,WI,420,3.249,44.5345284,-89.5757963
65814,Kracheys BP Truck Stop,US-18 & SR-35,Prairie Du Chien,WI,420,3.574,43.0519400,-91.1409933
65817,TREGO TRAVEL CENTER,US-53 & CR-E,Trego,WI,545,3.58233333,45.8989323,-91.8293232
65818,KWIK TRIP #1048,"I-90, EXIT 12",West Salem,WI,515,3.31733333,43.8931333,-91.0780309
65820,KWIK TRIP #673,"I-90 & SR-19, EXIT 131",Windsor,WI,420,3.254,43.1940644,-89.3371296
65822,RSTORE #4499,US-45 & SR-29,Wittenberg,WI,395,3.15566666,44.8088255,-89.1634511
65824,CHANEYS SERVICE STATION,US-30 & SR-2,Chester                                 ,WV,165,3.799,40.6131203,-80.5628478
65828,PAR MAR FOOD STORE #52,US-50 & CR-50/16,West Union,WV,430,4.099,39.2965049,-80.7771097
65831,Hat Six Travel Center,"I-25/US-87, EXIT 182 & SR-253/SR-256",Evansville,WY,790,3.999,42.8614290,-106.2695330
65835,SOUTHSIDE TRAVEL CENTER,US-20/SR-789,Thermopolis,WY,790,3.799,43.6460670,-108.2120430
65836,PILOT TRAVEL CENTERS #434,"I-35W, EXIT 65",Fort Worth,TX,630,3.264,32.7531770,-97.3327459
65837,PILOT TRAVEL CENTERS #455,"I-71, EXIT 140",Marengo                                 ,OH,315,3.719,40.4008945,-82.8107329
65842,AM PM TRAVEL CENTER,US-1/SR-4,Blythe,GA,135,3.599,33.3291684,-82.1706402
65847,ROAD RANGER #132,"I-57, EXIT 240",Champaign,IL,280,3.509,40.1771859,-88.2400915
65847,ROAD RANGER #132,"I-57, EXIT 240",Champaign,IL,280,3.409,40.1771859,-88.2400915
65847,ROAD RANGER #132,"I-57, EXIT 240",Champaign,IL,280,3.549,40.1771859,-88.2400915
65847,ROAD RANGER #132,"I-57, EXIT 240",Champaign,IL,280,3.449,40.1771859,-88.2400915
65848,Mobil,I-475,Flint,MI,342,3.199,42.9741519,-83.7070526
65849,PS FOOD MART #1034,"I-94, EXIT 110 & US-27",Marshall,MI,431,3.459,42.2843402,-84.8632083
65849,PS FOOD MART #1034,"I-94, EXIT 110 & US-27",Marshall,MI,431,3.499,42.2843402,-84.8632083
65849,PS FOOD MART #1034,"I-94, EXIT 110 & US-27",Marshall,MI,431,3.429,42.2843402,-84.8632083
65849,PS FOOD MART #1034,"I-94, EXIT 110 & US-27",Marshall,MI,431,3.549,42.2843402,-84.8632083
65857,PILOT TRAVEL CENTERS #199,"I-20, EXIT 33",Haughton,LA,745,3.14566666,32.5447303,-93.5161024
65858,SPEEDWAY #6661,"I-94, EXIT 40  & US-20 & US-35",La Porte,IN,465,3.599,41.6918465,-86.8036859
65859,SPEEDWAY #6662,US-20 & SR-15,Bristol,IN,465,3.549,41.6677684,-85.8222911
65860,LOVES TRAVEL STOPS #283,"E I-30 & FM 549, EXIT 70",Rockwall,TX,630,3.049,32.8923464,-96.4066987
65860,LOVES TRAVEL STOP #283,"E I-30 & FM 549, EXIT 70",Rockwall,TX,630,3.109,32.8923464,-96.4066987
65862,PILOT TRAVEL CENTERS #396,"I-81, EXIT 213",Staunton                                ,VA,185,3.659,38.0199231,-79.1409781
65863,VALERO,SR-31,Clinton,NJ,115,3.359,40.6535216,-74.9121162
65866,FLYING J TRAVEL PLAZA #710,"I-81, EXIT 219",New Milford,PA,200,4.17566666,41.8761434,-75.7265607
65868,7-ELEVEN #36073,"I-77, EXIT 54 & US-21",Statesville,NC,46,2.879,35.7826363,-80.8872959
65873,PILOT TRAVEL CENTER #4619,"I-81 & I-77, EXIT 77",Wytheville,VA,185,3.55066666,36.9479966,-81.0869747
65880,MR FUEL DBA ONE9 #1245,"I-55, EXIT 52 & SR-16",Litchfield,IL,574,3.199,39.1768621,-89.6556150
65880,ONE9 MR FUEL #1245,"I-55, EXIT 52 & SR-16",Litchfield,IL,574,3.239,39.1773206,-89.6745865
65880,ONE9 MR FUEL #1245,"I-55, EXIT 52 & SR-16",Litchfield,IL,574,3.299,39.1773206,-89.6745865
65880,ONE9 MR FUEL #1245,"I-55, EXIT 52 & SR-16",Litchfield,IL,574,3.199,39.1773206,-89.6745865
65880,MR FUEL DBA ONE9 #1245,"I-55, EXIT 52 & SR-16",Litchfield,IL,574,3.299,39.1768621,-89.6556150
65883,FLYING J TRAVEL PLAZA #647,"I-64, EXIT 25 & US-41",Haubstadt,IN,340,3.959,38.2050442,-87.5741876
65885,LOVES TRAVEL STOP #299,"US-75, EXIT 48 & SR-455",Anna,TX,630,3.19733333,33.3496662,-96.5547038
65897,PETRO-CANADA,61ST AVE SE & 52ND ST SE,Calgary,AB,50,3.84875514,31.6174004,-94.1193622
65897,PETRO-CANADA,61ST AVE SE & 52ND ST SE,Calgary,AB,50,3.84818769,31.6174004,-94.1193622
65901,PETRO-CANADA,"TCH-16, EXIT 383",Edmonton                                ,AB,80,3.7865145,36.9800563,-85.6121906
65901,PETRO-CANADA,"TCH-16, EXIT 383",Edmonton                                ,AB,80,3.98771589,36.9800563,-85.6121906
65901,PETRO-CANADA,"TCH-16, EXIT 383",Edmonton                                ,AB,80,3.78456456,36.9800563,-85.6121906
65901,PETRO-CANADA,"TCH-16, EXIT 383",Edmonton                                ,AB,80,3.78372948,36.9800563,-85.6121906
65901,PETRO-CANADA,"TCH-16, EXIT 383",Edmonton                                ,AB,80,3.93248441,36.9800563,-85.6121906
65901,PETRO-CANADA,"TCH-16, EXIT 383",Edmonton                                ,AB,80,3.92467152,36.9800563,-85.6121906
65909,7-Eleven/7FLEET #40496,"I-81, EXIT 47 & SR-12",Watertown,NY,220,4.149,43.9747838,-75.9107565
65912,ATOKA FUEL,US-75/US-69/SR-3,Atoka,OK,569,3.179,34.3284948,-96.0178380
65914,CASEYS #2732,US-30 & US-284/SR-2,Grand Island,NE,330,3.149,40.9242710,-98.3386850
65915,Marathon,"I-94/US-52, EXIT 346 & CR-17",West Fargo,ND,341,3.029,46.8665035,-96.8611680
65917,CUMBERLAND CORNER MART,SR-90 & US-127,Albany,KY,410,3.574,36.6917878,-85.1353856
65919,QUICK FUEL #5001,US-78/SR-4,Memphis,TN,435,3.02566666,35.1460249,-90.0517638
65921,PETRO-CANADA,"TCH-2, EXIT 450 & HWY 126",Moncton,NB,600,3.93190461,,
65921,PETRO-CANADA,"TCH-2, EXIT 450 & HWY 126",Moncton,NB,600,3.92467152,,
65921,PETRO-CANADA,"TCH-2, EXIT 450 & HWY 126",Moncton,NB,600,4.48307714,,
65921,PETRO-CANADA,"TCH-2, EXIT 450 & HWY 126",Moncton,NB,600,3.93248441,,
65935,MAIN ST JUNCTION,SR-14 & SR-15,Louisville                              ,MS,705,3.099,33.1237377,-89.0550624
65939,PETRO-CANADA,"TCH-1, EXIT 366",Kamloops                                ,BC,800,4.45193778,34.2531982,-118.4144473
65939,PETRO-CANADA,"TCH-1, EXIT 366",Kamloops                                ,BC,800,4.50961192,34.2531982,-118.4144473
65939,PETRO-CANADA,"TCH-1, EXIT 366",Kamloops                                ,BC,800,4.51792304,34.2531982,-118.4144473
65939,PETRO-CANADA,"TCH-1, EXIT 366",Kamloops                                ,BC,800,4.34376461,34.2531982,-118.4144473
65939,PETRO-CANADA,"TCH-1, EXIT 366",Kamloops                                ,BC,800,4.51858925,34.2531982,-118.4144473
65939,PETRO-CANADA,"TCH-1, EXIT 366",Kamloops                                ,BC,800,4.36937586,34.2531982,-118.4144473
65962,CIRCLE K #2705937,US-301/SR-35 & SR-50,Dade City,FL,225,3.33233333,28.3584097,-82.2044657
65969,PILOT  #1105,SR-29 & SR-182,Bunkie,LA,730,3.21233333,30.9528641,-92.1857892
65974,BEACON & BRIDGE #13,"US-127, EXIT 117",Ithaca                                  ,MI,342,3.649,43.2912010,-84.5804415
65978,KWIK TRIP #623,US-61,Minnesota City,MN,515,3.399,44.4497562,-92.2677706
65983,SPEEDWAY #6967,"US-17, EXIT 227 & SR-32",Edenton,NC,130,3.287,36.0725372,-76.6118136
65989,DANCING EAGLE,"I-40, EXIT 108",Casa Blanca                             ,NM,580,3.359,35.0300510,-107.4750460
66014,BIG D TRAVEL CENTER,SR-12 & SR-183,Irving,TX,630,2.95566666,32.8295183,-96.9442177
66015,LOVES TRAVEL STOP #298,"I-35, EXIT 39 & SR-44",Encinal,TX,693,3.589,28.0406329,-99.3552096
66016,FLYING J TRAVEL PLAZA #660,"I-64, EXIT 185 & SR-180",Catlettsburg,KY,255,3.76566666,38.4048042,-82.6004369
66017,FLYING J TRAVEL PLAZA #626,"I-95/SR-9, EXIT 305 & SR-206",Saint Augustine,FL,75,3.449,29.8946952,-81.3145395
66020,LOVES TRAVEL STOP #221,I-70 EXIT 160,Zanesville,OH,315,3.48233333,39.9401426,-82.0050190
66021,LOVES TRAVEL STOP #238,"I-65, EXIT 116 & SR-480",Shepherdsville,KY,415,3.599,37.9885936,-85.7158246
66022,PILOT TRAVEL CENTERS #459,"I-10, EXIT 133",Avondale,AZ,930,3.599,33.4355977,-112.3496020
66022,PILOT TRAVEL CENTER #459,"I-10, EXIT 133",Avondale,AZ,930,3.587,33.4563675,-112.2742196
66023,SAPP BROS TRAVEL CENTER,"I-29, EXIT 10 & SR-2",Percival,IA,486,3.789,40.7488420,-95.8131914
66024,LOVES TRAVEL STOPS #239,"I-81/US-11, EXIT 84 & SR-619",Max Meadows,VA,185,3.589,36.9815010,-80.9580491
66024,LOVES TRAVEL STOP #239,"I-81/US-11, EXIT 84 & SR-619",Max Meadows,VA,185,3.545,36.9815010,-80.9580491
66025,SPACE AGE TRAVEL CENTER,"I-84, EXIT 183 & SR-207",Hermiston,OR,935,3.33233333,45.8404101,-119.2894600
66026,FLYING J TRAVEL PLAZA #643,"I-70 & I-57, EXIT 160",Effingham,IL,510,3.349,39.0520902,-88.6029006
66026,FLYING J TRAVEL PLAZA #643,"I-70 & I-57, EXIT 160",Effingham,IL,510,3.299,39.0520902,-88.6029006
66026,FLYING J TRAVEL PLAZA #643,"I-70 & I-57, EXIT 160",Effingham,IL,510,3.499,39.0520902,-88.6029006
66029,Roady's Lucky Deuces,"I-10, EXIT 92 & SR-95",Duson,LA,600,3.03566666,30.2378751,-92.1801925
66030,Colfax Travel Center,"I-80, EXIT 159 & SR-117",Colfax,IA,320,3.149,41.6777241,-93.2452335
66031,WILCO FAST BREAK,US-61/US-24,Palmyra,MO,494,3.119,39.7942213,-91.5232557
66034,FAS MART #5134,"I-72, EXIT 144 S",Decatur,IL,280,3.459,39.8454163,-88.9524151
66034,FAS MART #5134,"I-72, EXIT 144 S",Decatur,IL,280,3.499,39.8454163,-88.9524151
66035,ROAD RANGER #136,"I-90, EXIT 147",Cottage Grove,WI,420,3.544,42.9985378,-89.1996269
66036,FLYING J TRAVEL PLAZA #602,"I-65, EXIT 264",Birmingham,AL,615,3.559,33.5206824,-86.8024326
66037,TA PRESCOTT TRAVEL CENTER,"I-30, EXIT 44",Prescott,AR,635,3.50233333,33.8026107,-93.3810057
66038,FLYING J TRAVEL PLAZA #1043,"I-15, EXIT 113",Idaho Falls,ID,825,3.799,43.4887907,-112.0362800
66038,FLYING J #1043,"I-15, EXIT 113",Idaho Falls,ID,825,3.699,43.4396231,-112.1151118
66039,LOVES TRAVEL STOP #237,"I-20, EXIT 171 & US-65",Tallulah,LA,760,3.259,32.4084539,-91.1869112
66040,LOVES TRAVEL STOP #272,"I-40 & DW (RANCH RD), EXIT 59",Kingman,AZ,910,3.85566666,35.1895921,-114.0532996
66041,PILOT TRAVEL CENTERS #195,"I-84, EXIT 104 & US-97",Wasco,OR,935,3.86566666,45.0430227,-121.2154207
66042,FLYING J TRAVEL PLAZA #707,"I-80, EXIT 78",Brookville,PA,14,4.034,41.1604348,-79.0794702
66043,LOVES TRAVEL STOP #216,US-67 & US-287,Midlothian,TX,630,3.231,32.4823610,-96.9944489
66043,LOVES TRAVEL STOPS #216,US-67 & US-287,Midlothian,TX,630,3.199,32.4823610,-96.9944489
66044,TA TAMPA TRAVEL CENTER,"I-4, EXIT 10",Seffner,FL,225,3.39566666,27.9836329,-82.2756468
66045,FLYING J TRAVEL PLAZA #698,"I-71, EXIT 69",Jeffersonville,OH,315,3.399,39.6536719,-83.5638094
66046,PETRO STOPPING CENTER #345,I-69 EXIT357,Fremont,IN,550,3.899,41.7308834,-84.9327395
66050,PILOT TRAVEL CENTERS #130,"I-77, EXIT 145",Richfield,OH,305,3.799,41.2397772,-81.6381785
66051,Caseys #4419,I-165 EXIT 5,Bowling Green,KY,460,3.02566666,36.9903199,-86.4436018
66054,LOVES TRAVEL STOP #220,"I-25/US-87, EXIT 7 & SR-212",Cheyenne,WY,795,3.709,41.1399810,-104.8202460
66055,WINDMILL BP,"US-20, EXIT 208 & SR-14",Holland                                 ,IA,320,3.599,42.3989349,-92.8001926
66056,PILOT TRAVEL CENTERS #114,"I-40, EXIT 320",Crossville,TN,405,3.24566666,35.9496840,-85.0274835
66057,ROAD RANGER #205,"I-90, EXIT 1",South Beloit,IL,290,3.469,42.4910083,-88.9983124
66059,TIME OUT TRAVEL CENTER,"I-40, EXIT 432-B",Newport,TN,405,2.96566666,35.9670412,-83.1876578
66061,FLYING J TRAVEL PLAZA #709,"I-80, EXIT 173",Mill Hall,PA,14,4.01566666,41.1078760,-77.4848105
66062,FLYING J TRAVEL PLAZA #716,"I-29, EXIT 83",Sioux Falls                             ,SD,530,3.899,43.5476008,-96.7293629
66065,LOVES TRAVEL STOP #321,"SR 770 & I-75 , EXIT 29",Corbin,KY,410,3.599,36.9486986,-84.0968761
66068,HOLIDAY STATIONSTORE #2746262,I-175 EXIT 394,Sault Sainte Marie,MI,287,3.799,46.4976734,-84.3476583
66069,128 NEWTON GAS,"I-95, EXIT 20A/SR-128 & SR-9",Newton Lower Falls                      ,MA,34,4.299,42.3253802,-71.2577405
66070,TAURO,"SR-78, EXIT 3",Phillipsburg,NJ,90,3.34233333,40.6915611,-75.1952543
66072,GENES GO TRUCK STOP,"I-10/US-83, EXIT 456 & US-377",Junction                                ,TX,740,3.289,30.4893555,-99.7720109
66073,EXXON,"I-24 & HUSBAND ROAD, EXIT 11",Paducah                                 ,KY,460,3.15733333,37.0810374,-88.6738090
66074,HEARTLAND XPRESS,US-67 & SR-M,Poplar Bluff,MO,275,3.199,36.7563166,-90.3944869
66075,CORNER MART #349,"I-26, EXIT 54 & SR-72",Clinton                                 ,SC,210,3.099,34.4951856,-81.8454017
66078,Amoco,I-40 EXIT 447,Hartford,TN,405,3.099,35.8167646,-83.1432066
66083,KANGAROO CROSSING,SR-35,Kosciusko,MS,705,3.199,33.0576295,-89.5875764
66090,ROAD RANGER #267,US-281,Pharr,TX,639,3.564,26.0933757,-98.2019080
66091,KEYSVILLE SAV U TIME,US-360,Keysville                               ,VA,180,3.399,37.0404287,-78.4833277
66093,KWIK TRIP #414,"I-90, EXIT 209A & US-63/SR-30",Stewartville,MN,515,3.55733333,43.8773096,-92.4898360
66099,NEW JERSEY TRUCK STOP DIESEL ONLY,"I-95, EXIT 15E & US-9/US-1",Kearny,NJ,79,3.759,40.7684342,-74.1454214
66100,CIRCLE K #2723692,"I-26, EXIT 213",North Charleston,SC,42,3.399,32.9027381,-79.9849606
66103,TERRIBLE HERBST #243,I-95 & SR-164,Searchlight,NV,910,3.83233333,35.4610365,-114.9184283
66106,FLYING J TRAVEL PLAZA #509,"I-15, EXIT 112",Beaver,UT,910,3.689,38.3335694,-113.2754828
66109,QUARTERS TRAVEL PLAZA,"I-49, EXIT 23 & US-167 /SR-744",Opelousas                               ,LA,730,3.184,30.5335302,-92.0815090
66110,LOVES TRAVEL STOP #479,"I-29, EXIT143",Sioux City,IA,527,3.64233333,42.4966815,-96.4058782
66111,CROSSROADS EXPRESS,US-36 & US-83,Oberlin                                 ,KS,475,3.089,39.8183380,-100.5282010
66113,7-ELEVEN #39467,"I-95, EXIT 16E",Jersey City,NJ,115,3.259,40.7358866,-74.0566389
66114,LOVES TRAVEL STOP #235,"I-29 & US-169, EXIT 44",Saint Joseph,MO,400,3.33233333,39.7686055,-94.8466322
66115,FLYING J TRAVEL PLAZA #697,"I-80, EXIT 234B",Hubbard,OH,573,3.459,41.1564262,-80.5688876
66116,ONVO TRAVEL PLAZA - HARFORD,"I-81, EXIT 217 & SR-547",Harford,PA,200,3.589,41.8242548,-75.6789442
66117,ONVO TRAVEL PLAZA PINE GROVE,"I-81, EXIT 32",Pine Grove,PA,70,3.539,40.5484233,-76.3846781
66119,FLYING J TRAVEL PLAZA #645,"I-270 & SR-11, EXIT 6",Granite City,IL,540,3.699,38.7014389,-90.1487199
66119,FLYING J TRAVEL PLAZA #645,"I-270 & SR-11, EXIT 6",Granite City,IL,540,3.659,38.7014389,-90.1487199
66119,FLYING J TRAVEL PLAZA #645,"I-270 & SR-11, EXIT 6",Granite City,IL,540,3.559,38.7014389,-90.1487199
66119,FLYING J TRAVEL PLAZA #645,"I-270 & SR-11, EXIT 6",Granite City,IL,540,3.579,38.7014389,-90.1487199
66119,FLYING J TRAVEL PLAZA #645,"I-270 & SR-11, EXIT 6",Granite City,IL,540,3.599,38.7014389,-90.1487199
66120,LOVES TRAVEL STOP #306,"I-40/SR-66, EXIT 412",Dandridge,TN,405,3.689,36.0153693,-83.4148895
66121,ROAD RANGER #226,"I-65, EXIT 99",Greenwood,IN,375,3.60066666,39.6130423,-86.0708337
66122,ROAD RANGER #139,"I-57, EXIT 212",Tuscola,IL,280,3.229,39.7921746,-88.2681223
66123,ROAD RANGER #225,"I-80, EXIT 56",Princeton,IL,290,3.289,41.4026492,-89.4685886
66123,ROAD RANGER #225,"I-80, EXIT 56",Princeton,IL,290,3.389,41.4026492,-89.4685886
66123,ROAD RANGER #225,"I-80, EXIT 56",Princeton,IL,290,3.449,41.4026492,-89.4685886
66125,LOVES TRAVEL STOP #249,"I-55, EXIT 109",Williamsville,IL,318,3.489,39.9542161,-89.5487126
66125,LOVES TRAVEL STOP #249,"I-55, EXIT 109",Williamsville,IL,318,3.389,39.9542161,-89.5487126
66125,LOVES TRAVEL STOP #249,"I-55, EXIT 109",Williamsville,IL,318,3.399,39.9542161,-89.5487126
66126,LOVES TRAVEL STOP #209,"I-20, EXIT 3 & US-80 & SR-169",Greenwood,LA,745,3.134,32.4429324,-93.9729615
66131,SPEEDWAY #3446,"I-95, EXIT 10 & SR-440",Edison,NJ,115,3.58566666,40.5307677,-74.3256987
66133,LOVES TRAVEL STOPS #228,"I-4, EXIT 44",Polk City,FL,225,3.389,28.1825147,-81.8239676
66133,LOVES TRAVEL STOP #228,"I-4, EXIT 44",Polk City,FL,225,3.461,28.1825147,-81.8239676
66134,CIRCLE K #2721591,"I-10, EXIT 10 & US-29/SR-95",Pensacola,FL,155,3.22233333,30.4116438,-87.2264456
66135,CIRCLE K #2721592,"I-10, EXIT 5 & US-90 ALT",Pensacola,FL,155,3.22233333,30.4116438,-87.2264456
66136,CHOCTAW TRAVEL PLAZA #638,US-270 & US-59 & US-112,Poteau,OK,645,3.299,35.0976357,-94.6334777
66137,CIRCLE K #2721594,"I-10, EXIT 263",Slidell,LA,725,3.17066666,30.3110378,-89.7687783
66138,LOVES TRAVEL STOP #307,"I-75, EXIT 201",Jackson,GA,18,3.38566666,34.1282559,-83.5753386
66139,LOVES TRAVEL STOPS #305,"I-81, EXIT 291 & SR-651",Toms Brook,VA,60,3.649,38.9464989,-78.4391741
66139,LOVES TRAVEL STOP #305,"I-81, EXIT 291 & SR-651",Toms Brook,VA,60,3.649,38.9464989,-78.4391741
66141,QUICK FUEL #5102,"SR-826, EXIT NW 58TH ST",Miami,FL,95,3.389,25.7741728,-80.1936200
66142,QUICK FUEL #5106,SR-589 & SR-580,Tampa,FL,225,3.49233333,27.9477595,-82.4584440
66149,QUICK FUEL #5105,"I-75, EXIT W BRANDON BLVD",Tampa,FL,225,3.50066666,27.9477595,-82.4584440
66152,Flying J Travel Plaza #656,"I-65, EXIT 95 & CR-500",Whiteland,IN,375,3.959,39.5500485,-86.0797079
66155,7-ELEVEN #36575,"I-35, EXIT 248",Pflugerville,TX,595,2.899,30.4557049,-97.6026871
66156,7-ELEVEN #36567,SR-6 & SR-21,Bryan,TX,670,3.144,32.7842540,-96.7972827
66167,PETRO-CANADA,HWY-2 & HWY-19/HWY-625,Nisku                                   ,AB,80,3.73711612,,
66167,PETRO-CANADA,HWY-2 & HWY-19/HWY-625,Nisku                                   ,AB,80,3.72969139,,
66167,PETRO-CANADA,HWY-2 & HWY-19/HWY-625,Nisku                                   ,AB,80,3.73656513,,
66172,Timewise Food Store #163,"I-35, EXIT 8",Laredo                                  ,TX,693,2.93566666,27.6124021,-99.5226691
66173,TIMEWISE FOOD STORE #160,"I-10, EXIT 661",Flatonia                                ,TX,740,3.199,29.6868046,-97.1071039
66174,TIMEWISE FOOD STORE #162,"I-10, EXIT 456",Junction                                ,TX,740,3.099,30.5090920,-99.7728544
66176,PILOT #6996,"I-40, EXIT 364",Warsaw,NC,245,3.47233333,34.9993329,-78.0911010
66177,PILOT #6978,"I-74/I-73/US-220, EXIT 44 & SR-211",Candor,NC,65,3.999,35.2951421,-79.7453164
66178,LOVES TRAVEL STOP #284,I-69C/US-281 & FM-2812,Edinburg,TX,639,3.11066666,26.3013982,-98.1624501
66179,LOVES TRAVEL STOP #246,I-80 EXIT 46,Fernley,NV,966,3.91566666,39.6075249,-119.2508406
66182,CIRCLE K #2706708,"I-185, EXIT 10",Midland,GA,50,3.339,32.5748608,-84.8271520
66183,CHEVRON CURB STORE,SR-35 & SR-21,Forest                                  ,MS,705,3.569,32.3645888,-89.4742348
66184,HENRIETTA TRUCK STOP,"I-390, EXIT 12 & I-90, EXIT 46",Henrietta,NY,190,3.899,43.0611781,-77.6338983
66185,TIGERMART OF BUFFALO,"I-45, EXIT 178 & US-79",Buffalo,TX,670,3.599,31.4634891,-96.0641283
66186,STRIPES #40813,US-281 & SR-285,Falfurrias,TX,625,3.08733333,27.2265520,-98.1396955
66190,PETRO-CANADA,HWY 1 EXIT 44,Coquitlam                               ,BC,800,4.59317483,48.9370650,-122.7855715
66190,PETRO-CANADA,HWY 1 EXIT 44,Coquitlam                               ,BC,800,4.53546381,48.9370650,-122.7855715
66190,PETRO-CANADA,HWY 1 EXIT 44,Coquitlam                               ,BC,800,4.53880215,48.9370650,-122.7855715
66190,PETRO-CANADA,HWY 1 EXIT 44,Coquitlam                               ,BC,800,4.6295456,48.9370650,-122.7855715
66190,PETRO-CANADA,HWY 1 EXIT 44,Coquitlam                               ,BC,800,4.56431296,48.9370650,-122.7855715
66190,PETRO-CANADA,HWY 1 EXIT 44,Coquitlam                               ,BC,800,4.63022827,48.9370650,-122.7855715
66193,PETRO-CANADA,ST 97,Fort Nelson                             ,BC,850,4.8535063,28.1661516,-80.6835985
66193,PETRO-CANADA,ST 97,Fort Nelson                             ,BC,850,4.81494637,28.1661516,-80.6835985
66193,PETRO-CANADA,ST 97,Fort Nelson                             ,BC,850,4.85279071,28.1661516,-80.6835985
66193,PETRO-CANADA,ST 97,Fort Nelson                             ,BC,850,4.84386358,28.1661516,-80.6835985
66193,PETRO-CANADA,ST 97,Fort Nelson                             ,BC,850,4.73383969,28.1661516,-80.6835985
66193,PETRO-CANADA,ST 97,Fort Nelson                             ,BC,850,4.81388394,28.1661516,-80.6835985
66195,MOBIL,"I-495, EXIT 26 & SR-62",Berlin,MA,34,3.699,42.3927026,-71.6107145
66196,EXXON TIGER MART,"I-35, EXIT 386",Italy,TX,630,3.12233333,32.1840381,-96.8847194
66198,CIRCLE K #2703117,"I-20, EXIT 11",Graniteville,SC,135,3.159,33.5637483,-81.8078887
66203,PETRO-CANADA,TCH-16 & HWY-97,Prince George                           ,BC,850,4.50861664,37.2204272,-77.2880330
66203,PETRO-CANADA,TCH-16 & HWY-97,Prince George                           ,BC,850,4.546499,37.2204272,-77.2880330
66203,PETRO-CANADA,TCH-16 & HWY-97,Prince George                           ,BC,850,4.5076218,37.2204272,-77.2880330
66203,PETRO-CANADA,TCH-16 & HWY-97,Prince George                           ,BC,850,4.28677748,37.2204272,-77.2880330
66203,PETRO-CANADA,TCH-16 & HWY-97,Prince George                           ,BC,850,4.42735213,37.2204272,-77.2880330
66203,PETRO-CANADA,TCH-16 & HWY-97,Prince George                           ,BC,850,4.57373432,37.2204272,-77.2880330
66217,PETRO-CANADA,I-16,Hinton                                  ,AB,80,3.79293563,42.6267010,-96.2939254
66217,PETRO-CANADA,I-16,Hinton                                  ,AB,80,3.7854,42.6267010,-96.2939254
66217,PETRO-CANADA,I-16,Hinton                                  ,AB,80,3.78372948,42.6267010,-96.2939254
66217,PETRO-CANADA,I-16,Hinton                                  ,AB,80,3.79237641,42.6267010,-96.2939254
66219,PETRO-CANADA,HWY-3,Lethbridge                              ,AB,50,4.12724408,41.1347721,-81.6623005
66219,PETRO-CANADA,HWY-3,Lethbridge                              ,AB,50,4.00646558,41.1347721,-81.6623005
66219,PETRO-CANADA,HWY-3,Lethbridge                              ,AB,50,4.06394305,41.1347721,-81.6623005
66219,PETRO-CANADA,HWY-3,Lethbridge                              ,AB,50,4.09994293,41.1347721,-81.6623005
66219,PETRO-CANADA,HWY-3,Lethbridge                              ,AB,50,3.92380534,41.1347721,-81.6623005
66221,ROAD RANGER #236,"I-43, EXIT 38",East Troy,WI,420,3.08233333,42.7906917,-88.3890513
66223,7-ELEVEN #36548,SR-83,Laredo,TX,693,2.999,27.5862924,-99.4411385
66224,ROAD RANGER #235,"I-90, EXIT 36",Hampshire,IL,290,3.369,42.1492671,-88.5116031
66225,ROAD RANGER #140,"I-39, EXIT 72",Mendota,IL,520,3.439,41.5532832,-89.0668011
66225,ROAD RANGER #140,"I-39, EXIT 72",Mendota,IL,520,3.299,41.5532832,-89.0668011
66225,ROAD RANGER #140,"I-39, EXIT 72",Mendota,IL,520,3.269,41.5532832,-89.0668011
66225,ROAD RANGER #140,"I-39, EXIT 72",Mendota,IL,520,3.339,41.5532832,-89.0668011
66227,Pilot Travel Centers #482,"I-57, EXIT 95",Mount Vernon,IL,574,3.399,38.3126672,-88.9610297
66227,Pilot Travel Center #482,"I-57, EXIT 95",Mount Vernon,IL,574,3.599,38.3131323,-88.9617985
66227,Pilot Travel Center #482,"I-57, EXIT 95",Mount Vernon,IL,574,3.459,38.3131323,-88.9617985
66227,Pilot Travel Center #482,"I-57, EXIT 95",Mount Vernon,IL,574,3.359,38.3131323,-88.9617985
66229,LOVES TRAVEL STOP #308,"I-40, EXIT 86 & SR-226",Marion,NC,210,3.739,35.6841022,-82.0091028
66230,PETRO COLBY TRUCKSTOP,"I-70, EXIT 53 & SR-25",Colby                                   ,KS,525,3.599,39.3959655,-101.0526881
66235,LOVES TRAVEL STOP #291,"I-75, EXIT 95 & SR-627",Richmond,KY,410,3.599,37.7478572,-84.2946539
66236,LOVES TRAVEL STOP #309,"I-80, EXIT 332 & SR-14",Aurora,NE,330,3.289,40.8668880,-98.0045080
66237,ROUTE 66 TRAVEL CENTER,"I-40, EXIT 140",Albuquerque,NM,580,3.359,35.0296691,-106.9488351
66238,BETTY BEAVERS TRUCKSTOP,"I- 90, EXIT 29",Canajoharie,NY,12,3.599,42.9056288,-74.5718073
66239,Hola,US-27/SR-80/SR-25,South Bay                               ,FL,95,3.419,26.6639559,-80.7161701
66241,PUMP & PANTRY #29,US-30,Central City,NE,330,3.33733333,41.1158475,-98.0017249
66242,PUMP & PANTRY #23,"US-34, EXIT 4TH AVE",Holdrege,NE,330,3.449,40.4379956,-99.3698995
66243,CIRCLE K #4707000,SR-9,Baileyville,ME,170,3.899,45.1234022,-67.3484072
66244,STRIPES #40809,"I-37, EXIT 56",George West,TX,625,3.044,28.3392547,-98.0259418
66247,GULF OIL #5045,I-90 EXIT 83,Charlton                                ,MA,34,3.909,42.1449544,-71.9892026
66248,CIRCLE K #4707046,"I-95, EXIT 6",Scarborough,ME,170,3.909,43.5842631,-70.3616823
66249,CIRCLE K #4707206,SR-125,Epping,NH,170,3.76733333,43.0401653,-71.0646538
66250,SPEEDWAY #6973,US-1,Wake Forest,NC,177,2.949,36.0129818,-78.5165338
66252,CIRCLE K #4707023,US-1A,Holden,ME,170,3.73233333,44.7641313,-68.7061190
66255,CIRCLE K #4707217,US-2 & SR-16,Gorham,NH,170,3.75066666,44.3878621,-71.1729953
66257,LOVES TRAVEL STOP #310,"I-80/US-30, EXIT 173",Wamsutter,WY,795,3.723,41.6729310,-107.9792170
66257,LOVES TRAVEL STOPS #310,"I-80/US-30, EXIT 173",Wamsutter,WY,795,3.759,41.6729310,-107.9792170
66258,CIRCLE K #4707208,"I-93, EXIT 23",New Hampton,NH,170,3.659,43.6165026,-71.6391151
66259,CEFCO #48,"I-35, EXIT 304",Temple,TX,765,2.96566666,31.0982070,-97.3427847
66261,CIRCLE K #2723123,"I-95, EXIT 71",Dunn,NC,205,3.14233333,35.3156243,-78.6261462
66263,One9 SPEEDWAY #6753,"I-78, EXIT 1",Fleetwood,PA,208,3.83233333,40.4539828,-75.8179764
66266,7-ELEVEN #40508,"I-80, EXIT 90",Elkhart,IN,465,3.999,41.5740550,-85.8306832
66267,TA DEMOTTE TRAVEL CENTER,"I-65, EXIT 230",Demotte,IN,365,3.44733333,41.1950369,-87.1986403
66272,MOOSETRACKS #752,"I-85, EXIT 113",High Point,NC,63,3.114,35.9556924,-80.0053176
66273,PETRO STOPPING CENTER,"I-59, EXIT 181 & US-77",Gadsden                                 ,AL,615,3.999,34.0128323,-86.0030251
66274,FLYING J TRAVEL PLAZA #692,"I-80, EXIT 352 & US-93",Wells,NV,835,3.709,41.1107264,-114.9631440
66278,PILOT TRAVEL CENTERS #394,"I-84, EXIT 6",Newburgh,NY,32,4.359,41.5212666,-74.1128526
66279,PETRO-CANADA,ST 11A & TAYLOR DRIVE,Red Deer,AB,80,3.59147696,,
66279,PETRO-CANADA,ST 11A & TAYLOR DRIVE,Red Deer,AB,80,3.7575457,,
66279,PETRO-CANADA,ST 11A & TAYLOR DRIVE,Red Deer,AB,80,3.76502588,,
66279,PETRO-CANADA,ST 11A & TAYLOR DRIVE,Red Deer,AB,80,3.84026087,,
66279,PETRO-CANADA,ST 11A & TAYLOR DRIVE,Red Deer,AB,80,3.92293954,,
66279,PETRO-CANADA,ST 11A & TAYLOR DRIVE,Red Deer,AB,80,3.79237641,,
66284,JOLLEY #150,"I-89, EXIT 19",Saint Albans,VT,39,3.539,44.8107911,-73.0833607
66285,QUIKTRIP #787,"I-675, EXIT 5",Ellenwood,GA,18,3.109,33.6111597,-84.2990313
66286,CASEYS #4205,"I-40/75, EXIT 374",Knoxville,TN,405,3.099,35.9603948,-83.9210261
66290,ABBYLAND TRUCK STOP,"SR-29, EXIT 127",Curtiss,WI,395,3.46233333,44.9537591,-90.4342385
66292,LOVES TRAVEL STOP #311,"I-20, EXIT 9",Waco,GA,18,3.39066666,33.7028848,-85.1832821
66293,One9 #254,"I-24, EXIT 169",Wildwood,GA,285,3.099,34.9691320,-85.4079199
66294,FLYING J TRAVEL PLAZA #667,"I-69, EXIT 81SB / I-96, EXIT 9",Grand Ledge,MI,406,3.959,42.7524401,-84.7463572
66295,LOVES TRAVEL STOP #432,"I-94/I-41,  EXIT 322 & SR-100",Oak Creek,WI,444,3.867,42.8987290,-87.9177966
66295,LOVES TRAVEL STOPS #432,"I-94/I-41,  EXIT 322 & SR-100",Oak Creek,WI,444,3.879,42.8987290,-87.9177966
66299,XTRA MART #10093,SR-146,Millbury,MA,175,3.649,42.1913817,-71.7603934
66300,PILOT TRAVEL CENTERS #149,"I-40, EXIT 42 & SR-222",Stanton                                 ,TN,435,3.509,35.3900412,-89.4110520
66301,KWIK TRIP #743,US-10 & SR-114,Menasha,WI,582,3.50733333,44.2125735,-88.4032808
66303,KWIK TRIP #787,US-51 & CR-JJ,Schofield,WI,395,3.41566666,44.9056162,-89.6058158
66307,CM ST HELENA,SR-16,Amite,LA,600,3.399,30.7265747,-90.5089815
66310,FLYING J #620,"I-70, EXIT 49",Smithton                                ,PA,165,4.109,40.1539613,-79.7411535
66313,LOVES TRAVEL STOP #313,"I-55, EXIT 58  & SR-80",Matthews,MO,275,3.27733333,36.7592218,-89.5867458
66314,PS FOOD MART #1042,"US-23, EXIT 17",Dundee,MI,325,3.429,41.9592699,-83.6753734
66314,PS FOOD MART #1042,"US-23, EXIT 17",Dundee,MI,325,3.499,41.9592699,-83.6753734
66314,PS FOOD MART #1042,"US-23, EXIT 17",Dundee,MI,325,3.459,41.9592699,-83.6753734
66314,PS FOOD MART #1042,"US-23, EXIT 17",Dundee,MI,325,3.599,41.9592699,-83.6753734
66315,SPEEDWAY #6748,"I-94, EXIT 34 & US-421",Michigan City,IN,465,3.68233333,41.6496091,-86.8949012
66316,CASEYS #4204,SR-168,Knoxville                               ,TN,405,3.259,35.9603948,-83.9210261
66317,LOVES TRAVEL STOP #314,I-24 EXIT 89,Christiana,TN,460,3.46233333,35.7100099,-86.3993653
66318,ROAD RANGER #242,"I-44, EXIT 163",Saint Robert,MO,540,3.264,37.8360562,-92.1007775
66319,ROAD RANGER #211,I-90 & RIVERSIDE BLVD,Loves Park,IL,520,3.469,42.3197201,-88.9693675
66320,SPEEDWAY #8772,"I-69, EXIT 168 & SR-53",Imlay City,MI,342,3.779,43.0072804,-83.0723959
66322,LOVES TRAVEL STOP #318,"I-57, EXIT 83 & CR-42",Ina,IL,574,3.489,38.1511606,-88.9039554
66322,LOVES TRAVEL STOP #318,"I-57, EXIT 83 & CR-42",Ina,IL,574,3.589,38.1511606,-88.9039554
66322,LOVES TRAVEL STOP #318,"I-57, EXIT 83 & CR-42",Ina,IL,574,3.389,38.1511606,-88.9039554
66323,PILOT TRAVEL CENTERS #905- TOWN PUMP,"I-90, EXIT 109",Milltown                                ,MT,820,3.609,46.8712952,-113.8817192
66328,LOVES TRAVEL STOP #320,"I-16/SR-404, EXIT 49 & SR-257",Dublin,GA,85,3.33233333,32.5404447,-82.9037540
66329,CIRCLE K #2723438,"I-85, EXIT 96",Gaffney,SC,210,3.199,35.0948563,-81.6680068
66332,PWI #172,"I-45, EXIT 258",Palmer,TX,630,2.77566666,32.4312520,-96.6677700
66334,Hucks Travel Center #052,"I-24/I-69, EXIT 40 & US-641/US-62/SR-93",Kuttawa                                 ,KY,490,3.699,37.0589425,-88.1325257
66337,ZIP TRIP #60,"I-25, EXIT 299 & US-16/SR-196",Buffalo,WY,836,3.58066666,44.3480865,-106.6992870
66338,SHELL,"I-30, EXIT 160 & US-271/SR-49 & US-67",Mount Pleasant                          ,TX,723,3.899,33.1771832,-94.9708519
66339,PILOT DEALER #873,US-27,Miami,FL,176,3.699,25.7741728,-80.1936200
66339,PILOT TRAVEL CENTERS #873,US-27,Miami,FL,176,3.699,25.7741728,-80.1936200
66341,7-ELEVEN #218,"I-44, EXIT 4",Harrold,TX,770,2.68733333,34.0714546,-99.0093759
66342,ONE9 #398,"I-75, EXIT 109",Vienna,GA,10,3.109,32.0857014,-83.7599220
66346,PILOT TRAVEL CENTERS #247,"I-74, EXIT 39 & SR-32",Crawfordsville,IN,375,3.899,40.0408627,-86.8997385
66346,PILOT TRAVEL CENTER #247,"I-74, EXIT 39 & SR-32",Crawfordsville,IN,375,3.899,40.0408627,-86.8997385
66348,PIT STOP,I-40 EXIT 221,Wheatley                                ,AR,695,2.999,34.9136996,-91.1095010
66349,CIRCLE K #2741796,"I-40, EXIT 5",Little Rock,AR,695,3.36566666,34.6918875,-92.3463050
66352,KWIK TRIP #871,"US-41, EXIT 124 & SR-76",Oshkosh,WI,582,3.29066666,44.0447522,-88.5424096
66353,MOTOMART #3361,"I-55, EXIT 129",Perryville                              ,MO,540,2.989,37.7120175,-89.8915560
66355,CIRCLE K #2723439,"I-26, EXIT 5",Campobello,SC,30,3.13233333,35.1390450,-82.1036146
66357,LOVES TRAVEL STOP #351,"I-80 & E 8TH RD, EXIT 81",Utica,IL,290,3.289,41.3405897,-89.0100810
66357,LOVES TRAVEL STOP #351,"I-80 & E 8TH RD, EXIT 81",Utica,IL,290,3.449,41.3405897,-89.0100810
66357,LOVES TRAVEL STOP #351,"I-80 & E 8TH RD, EXIT 81",Utica,IL,290,3.589,41.3405897,-89.0100810
66357,LOVES TRAVEL STOP #351,"I-80 & E 8TH RD, EXIT 81",Utica,IL,290,3.389,41.3405897,-89.0100810
66361,SHADY NOOK,US-61/US-49,Lyon,MS,655,3.999,34.2178865,-90.5420429
66362,TA FLORENCE TRAVEL CENTER,"I-95, EXIT 164 & US-52",Florence,SC,46,3.32566666,34.1984435,-79.7671658
66363,LOVES TRAVEL STOP #178,"US-35/KS TPKE, MM 26",Belle Plaine,KS,570,3.329,37.3939098,-97.2811550
66364,SHELL,"I-4, EXIT 64",Plant City,FL,225,3.44733333,27.9935076,-82.1220370
66365,LIBERTY,US-202,Ringoes,NJ,230,3.399,40.4289354,-74.8675019
66368,PETRO STOPPING CENTER #371,"I-90, EXIT 41",Waterloo,NY,190,4.19566666,42.9046933,-76.8627887
66369,LOVES TRAVEL STOP #319,"I-74, EXIT 61",Pittsboro,IN,375,3.889,39.8639329,-86.4669429
66370,SPEEDWAY #6979,US-301,Wilson,NC,177,3.129,35.6953902,-77.9401704
66371,RAPIDES STATION TRUCK STOP,"I-49, EXIT 94",Boyce                                   ,LA,730,3.099,31.3904558,-92.6693132
66372,CEFCO #54,"I-35, EXIT 292",Belton,TX,765,2.95233333,31.0430203,-97.4717312
66374,BROOKSHIRE BROS #6111,US-259,Nacogdoches,TX,618,3.369,31.5970503,-94.5927451
66376,SUBS AND GRUBS,"I-63, EXIT 39",Jonesboro,AR,435,3.389,35.8348088,-90.7045297
66377,QUIKTRIP #873,"I-35W, EXIT 42",Fort Worth,TX,630,2.97566666,32.6268267,-97.3229106
66382,STATELINE CONOCO,"I-35, EXIT 114",Eagleville,MO,320,3.549,40.4691664,-93.9871736
66383,TENAHA EXPRESS MART,US-96 & US-84,Tenaha,TX,618,3.299,31.9437799,-94.2440865
66385,TA EXPRESS MINDEN,"I-20, EXIT 52",Minden,LA,745,3.114,32.6154278,-93.2868354
66386,SPEEDWAY #4631,US-220,Bassett,VA,185,3.41566666,36.7475667,-79.9375042
66388,Gas n Go,"I-75, EXIT 117 AT MILE 117",Pinehurst,GA,85,3.099,32.1904598,-83.7493289
66391,FLYING J CARDLOCK #824,HWY 43 & W MOUNTAIN RD,Whitecourt,AB,80,4.84172595,,
66391,FLYING J CARDLOCK #824,HWY 43 & W MOUNTAIN RD,Whitecourt,AB,80,4.84279453,,
66391,FLYING J CARDLOCK #824,HWY 43 & W MOUNTAIN RD,Whitecourt,AB,80,4.85279071,,
66391,FLYING J CARDLOCK #824,HWY 43 & W MOUNTAIN RD,Whitecourt,AB,80,4.8535063,,
66391,FLYING J CARDLOCK #824,HWY 43 & W MOUNTAIN RD,Whitecourt,AB,80,4.84386358,,
66391,FLYING J CARDLOCK #824,HWY 43 & W MOUNTAIN RD,Whitecourt,AB,80,4.84528971,,
66392,MISSILE MART #10,"I-40, EXIT 161",El Dorado,AR,635,3.499,33.2115087,-92.6650144
66393,VILLAGE PANTRY #5210,"I-74, EXIT 206",Oakwood,IL,280,3.199,40.1161471,-87.7783592
66393,VILLAGE PANTRY #5210,"I-74, EXIT 206",Oakwood,IL,280,3.299,40.1161471,-87.7783592
66393,VILLAGE PANTRY #5210,"I-74, EXIT 206",Oakwood,IL,280,3.179,40.1161471,-87.7783592
66396,CIRCLE K #2723988,"I-55, EXIT 61 & SR-38",Kentwood,LA,600,3.299,30.9372292,-90.5263432
66399,CIRCLE K #2723672,"I-59/I-20, EXIT 128",Birmingham,AL,615,3.699,33.5913194,-86.6956784
66400,PWI #640,"I-10/US-95, EXIT 5",Ehrenberg,AZ,900,3.359,33.6162270,-114.4789165
66404,QUICK FUEL #5302,"I-635, EXIT 14",Garland,TX,637,3.08733333,32.8909015,-96.6877252
66405,FLYING J FUEL STOP #668,"I-75, EXIT 151",Saginaw,MI,260,3.289,43.4200387,-83.9490365
66405,FLYING J FUEL STOP #668,"I-75, EXIT 151",Saginaw,MI,260,3.399,43.4200387,-83.9490365
66405,FLYING J FUEL STOP #668,"I-75, EXIT 151",Saginaw,MI,260,3.599,43.4200387,-83.9490365
66405,FLYING J FUEL STOP #668,"I-75, EXIT 151",Saginaw,MI,260,3.489,43.4200387,-83.9490365
66406,LOVES TRAVEL STOP #317,"I-95, EXIT 4 & SR-629",Skippers,VA,180,3.801,36.6118169,-77.5466463
66406,LOVES TRAVEL STOPS #317,"I-95, EXIT 4 & SR-629",Skippers,VA,180,3.789,36.6118169,-77.5466463
66407,CIRCLE K #2723668,SR-35,Fort Payne,AL,615,3.649,34.4386305,-85.7565995
66410,SIBLEY FOOD FUEL,US-72/SR-20 & CR-150,Courtland                               ,AL,615,3.399,34.6689794,-87.3094649
66416,DUCK THRU FOOD STORE #18,US-13,Winton,NC,130,3.56233333,36.3957098,-76.9319035
66418,FLYING J CARDLOCK #818,HWY 16,Edson,AB,80,4.74116815,44.9298654,-91.0348664
66418,FLYING J CARDLOCK #818,HWY 16,Edson,AB,80,4.74186729,44.9298654,-91.0348664
66418,FLYING J CARDLOCK #818,HWY 16,Edson,AB,80,4.7314019,44.9298654,-91.0348664
66418,FLYING J CARDLOCK #818,HWY 16,Edson,AB,80,4.7303579,44.9298654,-91.0348664
66418,FLYING J CARDLOCK #818,HWY 16,Edson,AB,80,4.73383969,44.9298654,-91.0348664
66418,FLYING J CARDLOCK #818,HWY 16,Edson,AB,80,4.73244636,44.9298654,-91.0348664
66420,PILOT TRAVEL CENTER #911,I-90 EXIT 47,Superior,MT,820,3.559,47.1898145,-114.8864180
66422,PLAQUEMINE TRUCK STOP,ST 1                          ,Plaquemine                              ,LA,600,3.999,30.2840655,-91.2370772
66424,CIRCLE K #2741652,"I-10, EXIT 139",Phoenix,AZ,930,3.369,33.4942988,-112.0472178
66425,CLARK OIL #31,"I-10, EXIT 44",Biloxi                                  ,MS,620,2.849,30.4007626,-88.8893818
66428,SHELL,US-167,Hensley,AR,695,3.589,34.5044060,-92.2084556
66437,PILOT #4596,"I-81, EXIT 4",White Pine,TN,405,3.699,36.1089589,-83.3339756
66439,JACK FLASH,I-55,Farmersville                            ,IL,574,3.259,39.4433854,-89.6517619
66439,JACK FLASH,I-55,Farmersville                            ,IL,574,3.199,39.4433854,-89.6517619
66440,BP CONNECT #4701,I-55,Chicago,IL,290,3.569,41.8755616,-87.6244212
66447,CIRCLE K #4701207,"U-55, EXIT 220",Dwight,IL,399,3.349,41.1122461,-88.4130502
66448,HAMMOND TRAVEL CENTER,"I-55, EXIT 31B & US-190/SR-3260",Hammond,LA,600,3.099,30.5043583,-90.4611995
66449,CITGO,"I-55, EXIT 67",Blytheville                             ,AR,435,3.389,35.9286248,-89.8788414
66451,EZ MART #304,M-57,Middleton                               ,MI,406,3.699,43.1767448,-84.7051763
66454,Fast Stop Shell,I-10,Reserve,LA,600,3.799,30.0823981,-90.5585162
66456,TEXACO #383124,SR-70,Saint James,LA,623,2.969,30.0096684,-90.7989525
66460,CASH MAGIC BROUSSARD NORTH,"I-49, EXIT 103",Broussard,LA,600,3.399,30.1471506,-91.9612413
66461,YESWAY #1167,US-62 & CR-41/CR-168,Ropesville,TX,700,3.04066666,33.4089807,-102.1601289
66465,Knapp Truck Stop,"I-64, EXIT 50 & SR-127",Nashville                               ,IL,574,3.299,38.3434906,-89.3809783
66470,CIRCLE K #9068,"I-65, EXIT 181",Millbrook,AL,720,3.21566666,32.4798575,-86.3619163
66472,DIAMOND #21,"I-65, EXIT 54",Atmore,AL,715,3.259,31.0204620,-87.5045800
66474,FAMCO EXPRESS,"I-690, EXIT 8",Syracuse,NY,235,3.299,43.0481221,-76.1474244
66475,SPEEDWAY #4346,SR-7,Calexico,CA,900,4.799,32.6857237,-115.3799236
66478,LOVES TRAVEL STOP #175,"I-70, EXIT 187",Tecumseh,KS,553,3.289,39.0480559,-95.5791454
66480,LOVES TRAVEL STOP #360,"I-65, EXIT 58 & SR-218 & SR-335",Horse Cave,KY,415,3.429,37.1794960,-85.9069175
66487,COMPASS,"I-55, EXIT 282",La Grange                               ,IL,290,3.549,41.8138737,-87.8816300
66487,COMPASS,"I-55, EXIT 282",La Grange                               ,IL,290,3.749,41.8138737,-87.8816300
66488,HUCKS FOOD & FUEL #54,I-74,Farmer City                             ,IL,280,3.339,40.2433676,-88.6425668
66488,HUCKS FOOD & FUEL #54,I-74,Farmer City                             ,IL,280,3.269,40.2433676,-88.6425668
66495,SUPER SAVER EXPRESS,"I-10, EXIT 21",Sulphur                                 ,LA,690,2.999,30.2365943,-93.3773783
66496,EXXON FUEL EXPRESS,"I-10/SR-8, EXIT 31 & SR-87",Milton,FL,155,3.999,30.6324149,-87.0396881
66502,SHOP RITE #82,"I-10, EXIT 64",Jennings                                ,LA,690,3.589,30.2224284,-92.6570850
66504,COUNTRY BOYS COUNTRY STORE,"I-10, EXIT 813",Hankamer,TX,610,2.86566666,29.8582755,-94.6268618
66507,ST IGNACE TRUCKSTOP,I-75,Saint Ignace                            ,MI,287,3.799,45.8686238,-84.7278281
66508,SAMS SUNOCO,I-75                          ,Toledo                                  ,OH,550,3.399,41.6529143,-83.5378173
66509,FOUR STAR FOOD MART,"I-75, EXIT 122",Lima,OH,411,3.144,40.7399785,-84.1050060
66512,MARATHON #1554,"I-75, EXIT 21",Newport                                 ,MI,325,3.299,42.0075364,-83.3170496
66512,MARATHON #1554,"I-75, EXIT 21",Newport                                 ,MI,325,3.399,42.0075364,-83.3170496
66513,SUNRISE STORE,"I-75, EXIT 212",West Branch                             ,MI,260,3.399,44.2422965,-84.2246109
66513,SUNRISE STORE,"I-75, EXIT 212",West Branch                             ,MI,260,3.199,44.2422965,-84.2246109
66514,BIGFOOT TRAVEL CENTER,"I-75, EXIT 29",Hahira,GA,10,3.099,30.9913064,-83.3726575
66516,ADEL TRUCK PLAZA,"I-75, EXIT 39",Adel,GA,10,2.999,31.1383456,-83.4445851
66517,ADMIRAL PETROLEUM #5796,"I-75, EXIT 392",Sault Sainte Marie,MI,287,3.799,46.4922546,-84.3741330
66518,Racetrac #2622,"I-75, EXIT 60",Valdosta,GA,75,3.03233333,30.8327022,-83.2784851
66523,LOVES TRAVEL STOP #325,"I-75, EXIT 59 & SOUTHWELL BLVD",Tifton,GA,10,3.609,31.4549719,-83.5108284
66525,BP,"I-76, EXIT 6",Luna Pier                               ,MI,550,3.399,41.8069907,-83.4424330
66525,BP,"I-76, EXIT 6",Luna Pier                               ,MI,550,3.499,41.8069907,-83.4424330
66527,TA EXPRESS #648,"I-76, EXIT 90A",Brush,CO,800,4.099,40.2664856,-103.6209445
66528,GO MART FOOD STORE #99,US-50 & SR-14,Parkersburg,WV,430,3.489,39.2667309,-81.5620755
66529,7-ELEVEN #36076,"I-77, EXIT 73 & US-421",Hamptonville,NC,65,2.899,36.1182547,-80.7953470
66531,MIDWAY EXXON TRAVEL CENTER,"I-78, EXIT 16",Bethel                                  ,PA,70,3.359,40.3442363,-80.0428314
66532,PETRO PLAZA,"I-78, EXIT 17",Hampton,NJ,115,3.26566666,40.7070446,-74.9560032
66534,LOVES TRAVEL STOP #347,"I-70, EXIT 101 & SR-5",Boonville,MO,310,3.509,38.9751547,-92.7440277
66537,BECKS EXPRESS MART #26,"I-80, EXIT 19",Geneseo,IL,270,3.269,41.4525168,-90.1548364
66538,KUM & GO #0023,"I-80, EXIT 23",Neola,IA,486,3.15733333,41.4491259,-95.6157640
66539,SOUTH RIDGE FARM MARKET,"I-80, EXIT 6",Clyde                                   ,OH,550,3.399,41.3040468,-82.9750686
66547,OLD STONE JIFFY MART,"I-81, EXIT 321",Clear Brook,VA,60,3.599,39.2564912,-78.0961110
66548,YESWAY #1156,US-84 & SR-289,Lubbock,TX,700,2.95066666,33.5518335,-101.8348922
66550,CIRCLE K #2709663,"I-82, EXIT 730",Umatilla,OR,982,3.639,45.6738884,-118.7842953
66552,GEM STOP,I-84,Marsing,ID,785,3.58566666,43.5454359,-116.8131958
66553,JACKSONS FOOD STORE #83,"I-84, EXIT 304",Baker City,OR,982,3.599,44.7748748,-117.8343840
66556,PILOT TRAVEL CENTER #899- SLIP IN,I-85,South Hill,VA,180,3.959,36.7265449,-78.1291308
66560,Sunoco,"I-85, EXIT 11",Townville,SC,30,3.199,34.5637137,-82.8984775
66562,TA EXPRESS FAIR PLAY,"I-85, EXIT 4",Fair Play,SC,16,3.209,34.5112129,-82.9854253
66564,SPEEDWAY #6954,US-70,High Point,NC,65,3.049,35.9205407,-80.0006037
66565,KWIK FILL #395,"I-86, EXIT 12",Jamestown,NY,240,4.499,42.1250966,-79.2401364
66565,KWIK FILL #395,"I-86, EXIT 12",Jamestown,NY,240,4.469,42.1250966,-79.2401364
66571,LEXINGTON GULF,"I-128, NORTH MASS PIKE",Lexington                               ,MA,34,4.299,42.4473175,-71.2245003
66573,Brake Time Corner Market,"I-135, EXIT 14",Wichita,KS,570,3.299,37.6922361,-97.3375448
66579,GULF OIL LP #5010,"I-90, EXIT 2",Lee,MA,215,3.914,42.3073477,-73.2504911
66582,PWI #807,"I-15, EXIT 163 & SR-99",Fillmore,UT,835,3.374,38.9688118,-112.3235870
66584,MOAPA PAIUTE TRAVEL CENTER,"I-15, EXIT 75",Moapa,NV,910,3.33233333,36.7529500,-114.6486140
66586,CIRCLE K #4707609,US-20 & SR-12,Sangerfield,NY,235,4.099,42.9139589,-75.3790591
66588,CUBBYS #402,"I-90, EXIT 330",Mitchell                                ,SD,530,3.149,43.7095300,-98.0253790
66594,FRIENDLY GUS STORE #23,I-16/SR-19,Dublin,GA,85,3.399,32.5404447,-82.9037540
66595,GULF OIL LP #5040,"I-90, EXIT 9",Charlton,MA,34,3.909,42.1340806,-71.9698085
66597,BP,"I-16, EXIT 90 & US-1",Twin City                               ,GA,195,3.78233333,32.5829413,-82.1551219
66598,WOODSHED LL,I-166 & I-169,S Coffeyville,OK,307,3.099,36.9945248,-95.6202552
66601,LOVES TRAVEL STOP #323,"I-69, EXIT 264 & SR-18",Marion,IN,457,3.57566666,40.5583739,-85.6591442
66603,COFFEE CUP FUEL STOP #7,"I-90, EXIT 406 & SR-11",Brandon,SD,530,2.97733333,43.5909294,-96.5874544
66604,GALLOPS,"I-90, I-80, EXIT 40",La Porte,IN,370,3.549,41.6105983,-86.7225227
66606,BART INDUSTRIES,"I-91, EXIT 6",Bellows Falls                           ,VT,215,3.709,43.1340630,-72.4445340
66607,7-ELEVEN #37392,"I-93, EXIT 5",Londonderry,NH,34,3.799,42.9176479,-71.3761211
66608,CASEYS #2650,I-94/US-52 EXIT 135 & CR-173,Melrose,MN,522,3.179,45.6746836,-94.8075586
66612,STOP N GO #1709,"I-94, EXIT 105",Hixton                                  ,WI,295,3.23733333,44.3860141,-91.0143520
66613,LOVES TRAVEL STOP #362,"I-10, EXIT 7 & SR-3063",Vinton,LA,690,3.30566666,30.1907628,-93.5812717
66614,MARATHON,"I-94, EXIT 212A",Detroit,MI,325,3.899,42.4174590,-83.1365074
66614,MARATHON,"I-94, EXIT 212A",Detroit,MI,325,3.699,42.4174590,-83.1365074
66615,KWIK TRIP #396,"I-94, EXIT 295",Waukesha,WI,444,3.399,42.9944988,-88.2017115
66618,CIRCLE K #2723378,I-95,Sumter,SC,42,3.159,33.9142362,-80.3839626
66620,Shell,"I-95, EXIT 130",Ashland,VA,180,3.264,37.7579009,-77.4674958
66622,DUNCAN TRUCK STOP,"I-95, EXIT 15",Jersey City                             ,NJ,115,3.409,40.7215682,-74.0474550
66624,Sunoco,"I-95, EXIT 25",Croydon                                 ,PA,160,3.659,40.0894885,-74.8980805
66625,EXIT 43 QUICK STOP,"I-95, EXIT 43",Richmond,ME,170,3.76566666,44.0878744,-69.8010647
66628,Chevron,"I-95, EXIT 5 & US-17",Hardeeville,SC,42,3.00733333,32.2802665,-81.0726108
66631,SPEEDWAY #3589,I-96,Lake Odessa,MI,342,3.599,42.7564518,-85.0752913
66632,SHELL FOOD MART AND TRUCKSTOP,I-985,Gainesville,GA,16,3.399,34.2978794,-83.8240663
66635,C  BARN,US-67,Park Hills,MO,540,3.049,37.8517986,-90.5228976
66637,BERKLYS TRAVEL CENTER,US-281,Round Mountain,TX,595,3.31566666,30.4315837,-98.3447448
66640,Kent Kwik #928,US-82/SR-6 & SR-5/SR-25,Brent,AL,615,3.099,32.9373463,-87.1647184
66643,DEERFIELD TRAVEL CENTER,"I-55, EXIT 8",Steele,MO,275,2.97566666,36.0839594,-89.8292512
66645,ALLSUPS #2390,"I-20/US-84, EXIT 270",Merkel,TX,575,2.87566666,32.4685880,-100.0143470
66648,CHEVRON,"I-20, EXIT 113",Bessemer,AL,615,3.099,33.3638686,-86.9979469
66649,CHOCTAW TRAVEL PLAZA #637,US-59 & CR-E1452,Heavener,OK,645,3.299,34.8892677,-94.6007810
66659,MARATHON,SR-37,Mitchell                                ,IN,415,3.599,38.7351797,-86.4920910
66664,CASEYS #3294,"I-380/SR-27, EXIT 43 & SR-150",Urbana,IA,380,3.449,42.2237930,-91.8755241
66667,CIRCLE K #4701408,"I-36, EXIT 99",Rochelle,IL,520,3.499,41.9355961,-89.0349417
66668,ACME TRUCK STOP,"I-4, EXIT 96",Orlando                                 ,FL,140,3.399,28.5421109,-81.3790304
66669,CIRCLE K #2726032,I-40,Jacksonville,FL,75,3.429,30.4816652,-81.6481757
66670,SPEEDWAY #7930,"I-40, 1126 N MAIN ST",Lillington,NC,63,3.759,35.4130895,-78.8075039
66671,CIRCLE K #2723686,US-72,Scottsboro,AL,285,3.26566666,34.6731323,-86.0338765
66673,MARATHON,SR-72,Huntsville,AL,615,2.979,34.6589922,-86.5401133
66676,HUTCH'S #118,"I-40, EXIT 108",Watonga,OK,483,3.099,35.8419193,-98.4198824
66678,NKS ROYAL TRUCKSTOP,"I-40, EXIT 16",Gallup,NM,580,3.119,35.5283506,-108.7439070
66680,BIG TOP TRAVEL CENTER,"I-20, EXIT 157",Delhi                                   ,LA,760,2.969,32.4576421,-91.4931736
66683,SUPERSTOP Shell,"I-40, EXIT 192",Stuttgart                               ,AR,695,3.41566666,34.5003748,-91.5526281
66689,ROSCOE TRAVEL PLAZA,"I-20, EXIT 235",Roscoe,TX,575,2.759,32.4416150,-100.5392970
66693,Allsup Marketplace #2400,"I-40, EXIT 356",San Jon,NM,585,3.059,35.1064347,-103.3309382
66705,7-ELEVEN,"I-44, EXIT 1/US-287",Wichita Falls,TX,770,2.76066666,33.9092720,-98.5191348
66709,CIRCLE K #2709343,"I-24, EXIT 169",Wildwood,GA,285,3.14566666,34.1762674,-84.7927994
66715,7-Eleven #34210,"I-25/US-87, EXIT 240 & SR-119",Longmont,CO,800,3.189,40.1520829,-105.1067632
66717,Fast Stop Travel Centers #1131,"I-25/US-87, EXIT 80",Wheatland,WY,795,3.499,42.0544240,-104.9527260
66718,Bartonville SHELL,"I-474, EXIT 6",Peoria,IL,368,4.299,40.6938609,-89.5891008
66720,MOUNTAIN ENERGY #126,"I-26, EXIT 13",Hendersonville,NC,210,2.84566666,35.3187279,-82.4609528
66721,USA SPEEDTRAC,"I-49US-167, EXIT 11",Grand Coteau,LA,730,3.399,30.4199203,-92.0465087
66725,SPEEDWAY #9662,I-264,Louisville,KY,415,3.029,38.1929302,-85.7514980
66728,CIRCLE K #2723706,"I-81/US-52, EXIT 72 & I-77, EXIT 41",Wytheville,VA,185,3.349,36.9476582,-81.0568392
66734,Marathon,"I-675, Exit 7",Ellenwood,GA,18,3.009,33.6101096,-84.2879780
66737,THE JUNCTION,US-59 & US-73,Atchison,KS,400,3.279,39.5458160,-95.3326052
66738,TREX MART #9,I-29,Dearborn                                ,MO,400,2.999,39.5189805,-94.7840360
66739,ZIP TRIP #64,I-29,Brookings                               ,SD,530,3.399,44.3114610,-96.7984400
66741,DEANS LANE VALERO,I-295,Monmouth Junction,NJ,230,3.14566666,40.3840222,-74.5330840
66742,DEEP WATER TRUCK STOP,"I-295, EXIT 2C",Penns Grove,NJ,230,3.279,39.7295581,-75.4679734
66746,CASEYS #4246,"I-30, EXIT 123",Bryant,AR,695,3.03233333,34.5959045,-92.4883480
66747,LOVES TRAVEL STOP #322,"I-90, EXIT 3",Roscoe,IL,290,3.789,42.4133505,-89.0092742
66749,BIG RIVER #18,"I-310 EXIT 2, & US-61",Saint Rose,LA,725,3.099,29.9468716,-90.3231349
66750,LOVES TRAVEL STOP #177,I-35,El Dorado,KS,336,3.25566666,37.8173015,-96.8537388
66751,FAST N FRIENDLY,"I-35, EXIT 132",Emporia                                 ,KS,336,3.65733333,38.4040054,-96.1816230
66756,CASEYS #2550,"I-35, EXIT 33 & US-34",Osceola,IA,320,3.339,43.3684613,-95.6299944
66760,LOVES TRAVEL STOP #326,I-26 EXIT 154A,Orangeburg,SC,135,3.389,33.4918203,-80.8556476
66761,SPEEDWAY #4589,US-501 & SR-90,Conway,SC,205,3.064,33.8182782,-79.0236754
66762,EXXON TIGER MART #44,"US-45,  EXIT 249",Ennis,TX,637,3.099,32.3293111,-96.6252679
66763,SPEEDWAY #7998,US-52 & US-74,Wadesboro,NC,46,3.64566666,34.9660609,-80.0619876
66765,STRIPES #40736,US-77/US-83,Olmito,TX,598,2.999,26.0277520,-97.5314137
66767,SPRINT MART #49,"I-22/US-78, EXIT 87 & SR-811",Tupelo,MS,742,2.99233333,34.2576067,-88.7033859
66769,PETRO STOPPING CENTER #344,"I-95, EXIT 3",Kingsland,GA,75,3.649,30.7999563,-81.6898261
66771,FLYING J TRAVEL PLAZA #727,"I-69C/US-281, EXIT 8 & FM-1925",Edinburg,TX,639,3.084,26.3013982,-98.1624501
66773,STRIPES 7FLEET #42475,US-62,Hobbs,NM,700,3.459,32.7076670,-103.1311314
66774,Clark #4667,"I-80/I-90, EXIT 39 & SR-109",Delta,OH,550,3.699,41.5725731,-84.0059127
66775,GO MART,US-33 & CR-116,Rockbridge,OH,315,3.499,39.5792867,-82.5218157
66776,S&G #77,US-224 & US-23,Alvada,OH,411,3.259,41.0503322,-83.4018693
66778,LOVES TRAVEL STOP #169,"I-44, EXIT 179 & US-377/SR-99",Stroud                                  ,OK,560,3.144,35.7477749,-96.6566742
66780,DIAMOND #20,"I-65, EXIT 93 & SR-84",Evergreen,AL,720,3.399,31.4334994,-86.9569176
66784,Texaco #384529,US-80/SR-8 & SR-14,Selma,AL,720,3.299,32.4344294,-87.0613990
66785,WINFIELD TRUCK STOP,SR-129,Winfield,AL,615,3.659,33.9281866,-87.8163017
66786,Circle K #2741791,"I-40, EXIT 175 & SR-31",Lonoke,AR,695,3.139,34.7414404,-91.8627920
66787,TEXACO,"I-59, EXIT 67B",Hattiesburg                             ,MS,620,3.06566666,31.3602753,-89.3487782
66788,CIRCLE K #4703626,"I-75, EXIT 60 & SR-68",Sweetwater,TN,285,3.289,35.6015029,-84.5267145
66793,CIRCLE K #2723693,"I-526, EXIT 19 & SR-10-60",Charleston,SC,42,2.97566666,32.8013129,-80.0172197
66795,FUEL MART #645,"I-90, EXIT 353",Spencer                                 ,SD,530,3.499,43.7274790,-97.5931240
66796,ROYAL FARMS #109,US-13 & SR-404,Bridgeville,DE,243,3.259,38.7238490,-75.5893347
66799,ONE9 #1403,"I-75/SR-93, EXIT 451 & US-129",Jasper,FL,10,3.259,30.5182727,-82.9481900
66799,SHELL DBA ONE9 #1403,"I-75/SR-93, EXIT 451 & US-129",Jasper,FL,10,3.244,30.5182727,-82.9481900
66800,CIRCLE K #2743950,I-35,San Antonio,TX,740,2.804,29.5043588,-98.3685474
66801,SUNSTOP #330,"I-75, EXIT 460 & SR-6",Jennings,FL,75,3.299,30.6041817,-83.0990699
66802,MOBIL,US-27 & SR-66,Sebring                                 ,FL,140,3.459,27.4720980,-81.4662007
66803,Stripes,FM-2061 & FM-3072,Pharr,TX,639,3.16566666,26.1829313,-98.2062614
66804,PWI #586,"I-80, EXIT 104  & US-191",Rock Springs,WY,835,3.199,41.5860557,-109.2194544
66805,CIRCLE K #2723553,US-27,Ringgold,GA,285,3.07566666,34.9134330,-85.1236548
66807,QUICK FUEL #5303,"I-35E, EXIT 436A",Dallas,TX,637,3.04566666,32.8909015,-96.6877252
66809,CASEYS #3449,SR-78,Wapello,IA,380,3.349,41.0137597,-92.4140217
66810,QUICK FUEL #3145,SR-83,Bensenville,IL,290,3.509,41.9538384,-87.9431781
66810,QUICK FUEL #3145,SR-83,Bensenville,IL,290,3.449,41.9538384,-87.9431781
66810,QUICK FUEL #3145,SR-83,Bensenville,IL,290,3.539,41.9538384,-87.9431781
66812,FAMILY EXPRESS #47 (DISCOUNT AVAILABLE),"I-65, EXIT 201 & US-24/US-231",Remington,IN,375,3.55233333,40.7608729,-87.1508522
66813,MCCLURE OIL #59,I-69 EXIT 259,Gas City                                ,IN,457,3.639,40.4880229,-85.6125667
66815,MAXS #132,US-641 N,Murray,KY,490,3.399,36.6106122,-88.3021092
66816,CIRCLE K #4707082,"I-95, EXIT 132 & SR-139",Fairfield,ME,170,3.899,44.5885110,-69.5990750
66817,JOLLY TRUCK STOP,US-82/US-287,Wichita Falls,TX,770,2.899,33.9004572,-98.5020777
66819,ROAD RANGER #265,"I-88, EXIT 54",Dixon,IL,520,3.499,41.8227573,-89.4747413
66819,ROAD RANGER #265,"I-88, EXIT 54",Dixon,IL,520,3.479,41.8227573,-89.4747413
66820,CM BREAUX BRIDGE,"I-10, EXIT 109",Breaux Bridge,LA,600,3.299,30.2735323,-91.8992837
66821,DENTON GOOSE CREEK,SR-404/SR-619,Denton                                  ,MD,194,3.259,38.8845583,-75.8271564
66822,WILD BILL'S,I-78,Sherman                                 ,MS,435,2.919,34.3574839,-88.8416645
66824,STRIPES #42435,US-87/US-277,San Angelo,TX,740,2.799,31.4765841,-100.4124297
66827,FLYING J #860,"QEW, EXIT 5",Fort Erie,ON,430,5.17697241,,
66827,FLYING J #860,"QEW, EXIT 5",Fort Erie,ON,430,5.17963978,,
66827,FLYING J #860,"QEW, EXIT 5",Fort Erie,ON,430,5.1758301,,
66827,FLYING J #860,"QEW, EXIT 5",Fort Erie,ON,430,5.17811523,,
66827,FLYING J #860,"QEW, EXIT 5",Fort Erie,ON,430,5.18765839,,
66827,FLYING J #860,"QEW, EXIT 5",Fort Erie,ON,430,5.18842336,,
66829,KINGSTON CARDLOCK,"HWY 401, EXIT 611",Kingston                                ,ON,410,3.39469036,39.3789387,-85.3883005
66829,KINGSTON CARDLOCK,"HWY 401, EXIT 611",Kingston                                ,ON,410,3.40169746,39.3789387,-85.3883005
66829,KINGSTON CARDLOCK,"HWY 401, EXIT 611",Kingston                                ,ON,410,3.39543974,39.3789387,-85.3883005
66829,KINGSTON CARDLOCK,"HWY 401, EXIT 611",Kingston                                ,ON,410,3.40219907,39.3789387,-85.3883005
66829,KINGSTON CARDLOCK,"HWY 401, EXIT 611",Kingston                                ,ON,410,3.39394131,39.3789387,-85.3883005
66829,KINGSTON CARDLOCK,"HWY 401, EXIT 611",Kingston                                ,ON,410,3.45216443,39.3789387,-85.3883005
66831,PETRO-CANADA,HWY 17/ 69,Sudbury                                 ,ON,460,3.48592833,31.7790526,-93.0990531
66831,PETRO-CANADA,HWY 17/ 69,Sudbury                                 ,ON,460,3.47900265,31.7790526,-93.0990531
66831,PETRO-CANADA,HWY 17/ 69,Sudbury                                 ,ON,460,3.47746734,31.7790526,-93.0990531
66831,PETRO-CANADA,HWY 17/ 69,Sudbury                                 ,ON,460,3.48541438,31.7790526,-93.0990531
66833,STRIPES #5148,US-281,Pharr,TX,639,3.399,26.2042875,-98.1829394
66834,ROAD RANGER #186,"I-39/US-51, EXIT 27 & SR-2/CR-2200",Minonk,IL,280,3.339,40.9134813,-89.0535747
66834,ROAD RANGER #186,"I-39/US-51, EXIT 27 & SR-2/CR-2200",Minonk,IL,280,3.439,40.9134813,-89.0535747
66834,ROAD RANGER #186,"I-39/US-51, EXIT 27 & SR-2/CR-2200",Minonk,IL,280,3.449,40.9134813,-89.0535747
66836,FLYING J TRAVEL PLAZA #786,HWY 16,Sherwood Park,AB,80,4.39722401,34.7193667,-86.6633250
66836,FLYING J TRAVEL PLAZA #786,HWY 16,Sherwood Park,AB,80,4.40630048,34.7193667,-86.6633250
66836,FLYING J TRAVEL PLAZA #786,HWY 16,Sherwood Park,AB,80,4.39948962,34.7193667,-86.6633250
66836,FLYING J TRAVEL PLAZA #786,HWY 16,Sherwood Park,AB,80,4.39625375,34.7193667,-86.6633250
66836,FLYING J TRAVEL PLAZA #786,HWY 16,Sherwood Park,AB,80,4.40695023,34.7193667,-86.6633250
66836,FLYING J TRAVEL PLAZA #786,HWY 16,Sherwood Park,AB,80,4.3981947,34.7193667,-86.6633250
66838,RUTTERS #96,US-322 & SR-655,Milroy,PA,14,4.05066666,40.7162115,-77.5892193
66843,FLYING J TRAVEL PLAZA #728,"I-10, EXIT 37",El Paso,TX,640,3.09233333,31.7601164,-106.4870404
66844,CIRCLE K #2706984,US-77 & CR-1356,Kingsville,TX,625,2.82233333,27.4909762,-97.8457137
66845,CIRCLE K #2723643,SR-431,Dothan,AL,20,3.58233333,31.2713026,-85.4477408
66846,CIRCLE K #2723664,US-280,Childersburg,AL,615,3.899,33.2781686,-86.3549774
66847,CIRCLE K #2723667,"I-20, EXIT 185 & SR-21",Oxford,AL,615,2.999,33.6017978,-85.8329361
66848,CIRCLE K #2723695,"I-55, EXIT 265",Senatobia,MS,435,3.199,34.6187807,-89.9646282
66850,Stripes,ST 77,Riviera,TX,625,3.12566666,27.3034901,-97.8157387
66853,LOVES TRAVEL STOP #327,US-77 & FM-1898,Kingsville,TX,625,3.15566666,27.5158689,-97.8561090
66854,TA WAPAKONETA TRAVEL CENTER,"I-75, EXIT 111",Wapakoneta                              ,OH,411,3.28233333,40.5678265,-84.1935594
66856,Speedway #4800,"I-94, EXIT 183",Clearwater,MN,453,3.199,47.5643825,-95.3747844
66858,LOVES TRAVEL STOP #328,"I-10, EXIT 162",Chandler,AZ,930,3.469,33.3062031,-111.8411850
66859,FLYING J TRAVEL PLAZA #791,HWY-11/HWY-12,Saskatoon,SK,575,4.7314019,,
66859,FLYING J TRAVEL PLAZA #791,HWY-11/HWY-12,Saskatoon,SK,575,4.74186729,,
66859,FLYING J TRAVEL PLAZA #791,HWY-11/HWY-12,Saskatoon,SK,575,4.74116815,,
66859,FLYING J TRAVEL PLAZA #791,HWY-11/HWY-12,Saskatoon,SK,575,4.7303579,,
66859,FLYING J TRAVEL PLAZA #791,HWY-11/HWY-12,Saskatoon,SK,575,4.73244636,,
66859,FLYING J TRAVEL PLAZA #791,HWY-11/HWY-12,Saskatoon,SK,575,4.51093964,,
66862,LOVES TRAVEL STOP #330,I-40 EXIT 280 & SR-56,Baxter,TN,460,3.234,36.1537731,-85.6433990
66863,101 TRAVEL PLAZA,"I-40, EXIT 101 & SR-104",Cedar Grove,TN,435,2.999,35.8170107,-88.5956099
66865,FLYING J FUEL STOP #741,US-287/US-281/US-82 & SR-473,Wichita Falls,TX,770,3.12566666,33.9004572,-98.5020777
66867,KWIK STAR #212,"US-61, EXIT 156",Maquoketa,IA,335,3.624,42.0690915,-90.6654748
66868,STRIPES #40604,US-83,Mission,TX,639,2.88233333,26.2098807,-98.2856002
66869,SPEEDWAY #4630,US-220 BUS & CR-782,Ridgeway,VA,185,3.409,36.6281194,-79.8586257
66870,PETRO STOPPING CENTER NAPOLEON,"US-24/US-6/CR-3, EXIT 41",Napoleon,OH,550,3.70566666,41.3922726,-84.1252243
66874,FLYING J TRAVEL PLAZA #733,"I-27, EXIT 4 & US-82",Lubbock,TX,700,3.33233333,33.5855677,-101.8470215
66876,PILOT TRAVEL CENTERS #156,SR-1633 & SR-813 & SR-9004,Mortons Gap,KY,490,3.629,37.2367115,-87.4752761
66877,PILOT TRAVEL CENTER #916- TOWN PUMP,US-93 & US-12,Lolo,MT,820,3.609,46.7568598,-114.0822998
66878,PILOT TRAVEL CENTER #915- TOWN PUMP,"I-90, EXIT 455",Billings,MT,780,3.58066666,45.7874957,-108.4960700
66879,TA EXPRESS,"I-40, EXIT 101",Atkins,AR,695,3.34066666,35.2450217,-92.9376150
66880,LOVES TRAVEL STOP #324,I-80 EXIT 242 & SR 339,Mifflinville,PA,138,3.96566666,41.0295260,-76.2998965
66881,PLAZAGO TRUCKSTOP,US-50/SR-61 & SR-96/SR-14,South Hutchinson,KS,570,3.269,38.0280671,-97.9403303
66888,LOVES TRAVEL STOP #334,"I-84, EXIT 211 & US-30/SR-24",Heyburn,ID,785,3.89233333,42.5585202,-113.7639040
66890,CASEYS #4223,US-25E,Middlesboro,KY,405,3.489,36.6072968,-83.7143317
66892,LOVES TRAVEL STOP #336,"I-94, EXIT 112",Marshall,MI,385,3.489,42.2721367,-84.9642008
66892,LOVES TRAVEL STOP #336,"I-94, EXIT 112",Marshall,MI,385,3.569,42.2721367,-84.9642008
66892,LOVES TRAVEL STOP #336,"I-94, EXIT 112",Marshall,MI,385,3.589,42.2721367,-84.9642008
66892,LOVES TRAVEL STOP #336,"I-94, EXIT 112",Marshall,MI,385,3.649,42.2721367,-84.9642008
66893,ONE9 #1291,US-287 & CR-174,Bowie,TX,770,2.91233333,33.4198886,-94.4479626
66894,PILOT TRAVEL CENTERS #259,US-69,Muskogee,OK,560,3.32233333,35.6630196,-95.3927706
66895,TA Express Tonkawa,"I-35, EXIT 40 & US-60",Tonkawa,OK,500,3.294,36.6783679,-97.3100442
66897,FLYING J TRAVEL PLAZA #604,"I-65, EXIT 158",Hope Hull,AL,720,3.309,32.2698632,-86.3571916
66898,PILOT TRAVEL CENTERS #384,"I-95, EXIT 58",Colonial Heights,VA,180,3.799,37.2555718,-77.4112016
66899,LOVES TRAVEL STOP #333,"I-77, EXIT 83",Fort Mill,SC,46,3.38066666,35.0073697,-80.9450759
66900,DODGE CITY PETRO #397,"I-65, EXIT 299 & SR-69",Hanceville,AL,615,3.919,34.0623275,-86.7627004
66902,CIRCLE K #4707239,SR-103,Warner,NH,170,3.93233333,43.2895982,-71.8340601
66905,CIRCLE K #4707212,SR-27,Raymond,NH,170,3.759,43.0393105,-71.1614960
66906,LOVES TRAVEL STOP #331,"I-45, EXIT 272",Hutchins,TX,630,3.10233333,32.6473628,-96.7118951
66908,CIRCLE K #2723708,"I-81, EXIT 77",Wytheville,VA,65,3.36566666,36.9359490,-80.9948990
66911,LOVES TRAVEL STOP #343,"I-20 & I-59, EXIT 165",Toomsuba,MS,705,3.009,32.4184740,-88.5069819
66912,LOVES TRAVEL STOP #335,"I-15, EXIT 62 & SR-130",Cedar City,UT,910,3.677,37.6774238,-113.0618270
66912,LOVES TRAVEL STOPS #335,"I-15, EXIT 62 & SR-130",Cedar City,UT,910,3.649,37.6774238,-113.0618270
66914,FLYING J TRAVEL PLAZA #683,"I-95, EXIT 106",Kenly,NC,205,3.709,35.5959363,-78.1240031
66915,CIRCLE K #2723716,"I-81, EXIT 84",Max Meadows,VA,185,3.46233333,36.9815010,-80.9580491
66918,MINIT MART #647,"I-39, EXIT 35 & SR-17",Wenona,IL,280,3.549,41.0525331,-89.0503587
66918,MINIT MART #647,"I-39, EXIT 35 & SR-17",Wenona,IL,280,3.499,41.0525331,-89.0503587
66920,7-ELEVEN #35562,"I-85, EXIT 32",Charlotte,NC,46,3.379,35.2272086,-80.8430827
66921,LOVES TRAVEL STOP #338,"I-95/SR-405, EXIT 90 & SR-144",Richmond Hill,GA,195,3.364,31.9382381,-81.3035515
66922,LOVES TRAVEL STOPS #339,"I-20, EXIT 115 & FM-1882",Odessa,TX,710,3.549,31.8457149,-102.3676870
66922,LOVES TRAVEL STOP #339,"I-20, EXIT 115 & FM-1882",Odessa,TX,710,3.549,31.8457149,-102.3676870
66923,LOVES TRAVEL STOP #765,"I-85, EXIT 147",Commerce,GA,16,3.21066666,34.2039970,-83.4571058
66925,FLYING J TRAVEL PLAZA #714,"I-77, EXIT 73",Rock Hill,SC,46,3.399,34.9248667,-81.0250784
66927,PILOT TRAVEL CENTER #41,I-64 EXIT 113 SE QUAD,Mount Sterling                          ,KY,410,3.759,38.0561079,-83.9431961
66927,PILOT TRAVEL CENTERS #41,I-64 EXIT 113 SE QUAD,Mount Sterling                          ,KY,410,3.769,38.0561079,-83.9431961
66928,FLYING J TRAVEL PLAZA #730,"I-35/US-83, EXIT 13",Laredo,TX,693,3.599,27.5075005,-99.5069922
66929,FLYING J TRAVEL PLAZA #642,"I-255,  EXIT 17",East Saint Louis                        ,IL,540,3.599,38.6268666,-90.1597070
66929,FLYING J TRAVEL PLAZA #642,"I-255,  EXIT 17",East Saint Louis                        ,IL,540,3.499,38.6268666,-90.1597070
66929,FLYING J TRAVEL PLAZA #642,"I-255,  EXIT 17",East Saint Louis                        ,IL,540,3.389,38.6268666,-90.1597070
66929,FLYING J TRAVEL PLAZA #642,"I-255,  EXIT 17",East Saint Louis                        ,IL,540,3.699,38.6268666,-90.1597070
66931,CASEYS #3896,"I-380, EXIT 35",Center Point,IA,380,3.449,42.1908265,-91.7851772
66932,CIRCLE K #4701444,US-34 & SR-164,Monmouth,IL,345,3.449,40.9234759,-90.6487544
66932,CIRCLE K #4701444,US-34 & SR-164,Monmouth,IL,345,3.399,40.9234759,-90.6487544
66935,FRANCIS CREEK TRAVEL PLAZA,SR-41,Francis Creek,WI,444,3.384,44.1994390,-87.7214755
66937,LOVES TRAVEL STOP #341,"I-44, EXIT 189",Rolla,MO,540,3.30066666,37.9509324,-91.7708076
66939,KWIK TRIP #416,SR-172 & CR-GV,De Pere,WI,582,3.39066666,44.4305681,-88.0563027
66941,PILOT TRAVEL CENTERS #367,"I-30, EXIT 87 & 88",Caddo Mills,TX,630,3.169,33.0656680,-96.2278201
66942,MAVERIK COUNTRY STORE #612,"I-15, EXIT 362",Brigham City,UT,835,3.449,41.5110434,-112.0154991
66944,LOVES TRAVEL STOPS #316,"I-95, EXIT 273 & US-1",Ormond Beach,FL,75,3.489,29.2854132,-81.0557921
66944,LOVES TRAVEL STOP #316,"I-95, EXIT 273 & US-1",Ormond Beach,FL,75,3.477,29.2854132,-81.0557921
66945,PILOT TRAVEL CENTERS #159,"I-64, EXIT 211",Providence Forge,VA,180,3.899,37.4424264,-77.0439583
66946,FLYING J TRAVEL PLAZA #788,TCH-1 & HWY-334,Headingley                              ,MB,900,4.6295456,,
66946,FLYING J TRAVEL PLAZA #788,TCH-1 & HWY-334,Headingley                              ,MB,900,4.62000927,,
66946,FLYING J TRAVEL PLAZA #788,TCH-1 & HWY-334,Headingley                              ,MB,900,4.61898985,,
66946,FLYING J TRAVEL PLAZA #788,TCH-1 & HWY-334,Headingley                              ,MB,900,4.62102914,,
66946,FLYING J TRAVEL PLAZA #788,TCH-1 & HWY-334,Headingley                              ,MB,900,4.63022827,,
66946,FLYING J TRAVEL PLAZA #788,TCH-1 & HWY-334,Headingley                              ,MB,900,4.62238967,,
66947,FLYING J TRAVEL PLAZA #804,"HWY 101,  HWY 90",Winnipeg,MB,900,4.62238967,37.6044889,-92.3022200
66947,FLYING J TRAVEL PLAZA #804,"HWY 101,  HWY 90",Winnipeg,MB,900,4.62000927,37.6044889,-92.3022200
66947,FLYING J TRAVEL PLAZA #804,"HWY 101,  HWY 90",Winnipeg,MB,900,4.63022827,37.6044889,-92.3022200
66947,FLYING J TRAVEL PLAZA #804,"HWY 101,  HWY 90",Winnipeg,MB,900,4.6295456,37.6044889,-92.3022200
66947,FLYING J TRAVEL PLAZA #804,"HWY 101,  HWY 90",Winnipeg,MB,900,4.61898985,37.6044889,-92.3022200
66947,FLYING J TRAVEL PLAZA #804,"HWY 101,  HWY 90",Winnipeg,MB,900,4.62102914,37.6044889,-92.3022200
66948,CIRCLE K #4707618,"I-481, EXIT 8 & CR-82",East Syracuse,NY,220,3.799,43.1276635,-76.0787591
66951,BERKLYS TRAVEL CENTER #3,US-377/US-87,Brady,TX,575,3.61566666,31.1316876,-99.3348678
66953,LOVES TRAVEL STOP #355,"I-65, EXIT 16",Memphis,IN,415,3.949,38.4833963,-85.7616319
66954,LOVES TRAVEL STOP #344,I-240 EXIT 21 & US-78/SR-4,Memphis,TN,435,3.249,35.1460249,-90.0517638
66955,LOVES TRAVEL STOP #349,"I-8, EXIT 3",Yuma,AZ,900,3.50233333,32.7232680,-114.6179954
66956,LOVES TRAVEL STOP #348,"I-69/I-24, EXIT 27 & US-62",Calvert City,KY,490,3.689,37.0333896,-88.3500362
66957,LOVES TRAVEL STOP #346,I-65 EXIT 46 & SR-99,Columbia,TN,460,3.789,35.6148165,-87.0338464
66958,FLYING J FUEL STOP #813,HWY 2,Airdrie                                 ,AB,50,4.40695023,42.0556249,-88.2202584
66958,FLYING J FUEL STOP #813,HWY 2,Airdrie                                 ,AB,50,4.59317483,42.0556249,-88.2202584
66958,FLYING J FUEL STOP #813,HWY 2,Airdrie                                 ,AB,50,4.59114784,42.0556249,-88.2202584
66958,FLYING J FUEL STOP #813,HWY 2,Airdrie                                 ,AB,50,4.39722401,42.0556249,-88.2202584
66958,FLYING J FUEL STOP #813,HWY 2,Airdrie                                 ,AB,50,4.60163996,42.0556249,-88.2202584
66958,FLYING J FUEL STOP #813,HWY 2,Airdrie                                 ,AB,50,4.59452716,42.0556249,-88.2202584
66959,PILOT TRAVEL CENTERS #388,"I-20 & I-59, EXIT 151",Meridian,MS,705,2.979,32.3461116,-88.7278004
66961,CIRCLE K #2707020,"I-4, EXIT 32 & US-98/SR-700/SR-35",Lakeland,FL,225,3.414,27.9971571,-82.0178602
66962,PILOT TRAVEL CENTERS #242,"I-74, EXIT 109",Shelbyville,IN,375,3.999,39.5835086,-85.8182254
66962,PILOT TRAVEL CENTER #242,"I-74, EXIT 109",Shelbyville,IN,375,3.999,39.5833540,-85.8177209
66963,SPARTA TRAVEL CENTER,"I-90, EXIT 28",Sparta,WI,420,3.179,43.9732475,-90.8516564
66964,PILOT TRAVEL CENTERS #239,US-30/US-23,Upper Sandusky,OH,411,3.899,40.8340133,-83.2449590
66965,EATONTON TRAVEL CENTER,US-441/US/129/SR-24,Eatonton,GA,67,3.249,33.3267128,-83.3884850
66966,LOVES TRAVEL STOP #352,I-71 EXIT 65,Jeffersonville,OH,315,3.42233333,39.6536719,-83.5638094
66967,FLYING J #461,"HWY-401, EXIT 56 & HWY-42",Tilbury,ON,620,4.46211176,39.8203660,-86.3240430
66967,FLYING J #461,"HWY-401, EXIT 56 & HWY-42",Tilbury,ON,620,4.45292033,39.8203660,-86.3240430
66967,FLYING J #461,"HWY-401, EXIT 56 & HWY-42",Tilbury,ON,620,4.45521463,39.8203660,-86.3240430
66967,FLYING J #461,"HWY-401, EXIT 56 & HWY-42",Tilbury,ON,620,4.45390331,39.8203660,-86.3240430
66967,FLYING J #461,"HWY-401, EXIT 56 & HWY-42",Tilbury,ON,620,4.45193778,39.8203660,-86.3240430
66967,FLYING J #461,"HWY-401, EXIT 56 & HWY-42",Tilbury,ON,620,4.46276974,39.8203660,-86.3240430
66968,FLYING J TRAVEL PLAZA #675,US-136 & SR-27,Wayland,MO,345,3.30566666,40.3944871,-91.5832149
66972,PETRO STOPPING CENTER #339,"I-90, EXIT 272",Spokane,WA,970,3.999,47.5905778,-117.5610039
66972,PETRO STOPPING CENTER #339,"I-90, EXIT 272",Spokane,WA,970,3.959,47.5905778,-117.5610039
66973,FLYING J TRAVEL PLAZA #835,HWY 59 & WARMAN RD,Winnipeg                                ,MB,900,4.63022827,37.6044889,-92.3022200
66973,FLYING J TRAVEL PLAZA #835,HWY 59 & WARMAN RD,Winnipeg                                ,MB,900,4.62238967,37.6044889,-92.3022200
66973,FLYING J TRAVEL PLAZA #835,HWY 59 & WARMAN RD,Winnipeg                                ,MB,900,4.62102914,37.6044889,-92.3022200
66973,FLYING J TRAVEL PLAZA #835,HWY 59 & WARMAN RD,Winnipeg                                ,MB,900,4.61898985,37.6044889,-92.3022200
66973,FLYING J TRAVEL PLAZA #835,HWY 59 & WARMAN RD,Winnipeg                                ,MB,900,4.62000927,37.6044889,-92.3022200
66973,FLYING J TRAVEL PLAZA #835,HWY 59 & WARMAN RD,Winnipeg                                ,MB,900,4.6295456,37.6044889,-92.3022200
66976,FLYING J FUEL STOP #799,"HWY 1, LICKMAN EXIT",Chilliwack                              ,BC,800,4.74116815,29.5085103,-98.6581942
66976,FLYING J FUEL STOP #799,"HWY 1, LICKMAN EXIT",Chilliwack                              ,BC,800,4.73244636,29.5085103,-98.6581942
66976,FLYING J FUEL STOP #799,"HWY 1, LICKMAN EXIT",Chilliwack                              ,BC,800,4.7314019,29.5085103,-98.6581942
66976,FLYING J FUEL STOP #799,"HWY 1, LICKMAN EXIT",Chilliwack                              ,BC,800,4.74186729,29.5085103,-98.6581942
66976,FLYING J FUEL STOP #799,"HWY 1, LICKMAN EXIT",Chilliwack                              ,BC,800,4.7303579,29.5085103,-98.6581942
66976,FLYING J FUEL STOP #799,"HWY 1, LICKMAN EXIT",Chilliwack                              ,BC,800,4.73383969,29.5085103,-98.6581942
66977,FLYING J TRAVEL PLAZA #827,HWY 1,Abbotsford                              ,BC,800,4.74116815,44.9471087,-90.3194786
66977,FLYING J TRAVEL PLAZA #827,HWY 1,Abbotsford                              ,BC,800,4.73244636,44.9471087,-90.3194786
66977,FLYING J TRAVEL PLAZA #827,HWY 1,Abbotsford                              ,BC,800,4.7303579,44.9471087,-90.3194786
66977,FLYING J TRAVEL PLAZA #827,HWY 1,Abbotsford                              ,BC,800,4.73383969,44.9471087,-90.3194786
66977,FLYING J TRAVEL PLAZA #827,HWY 1,Abbotsford                              ,BC,800,4.7314019,44.9471087,-90.3194786
66977,FLYING J TRAVEL PLAZA #827,HWY 1,Abbotsford                              ,BC,800,4.74186729,44.9471087,-90.3194786
66978,FLYING J FUEL STOP #805,HWY 27 & ALBION RD,Etobicoke,ON,720,4.46211176,,
66978,FLYING J FUEL STOP #805,HWY 27 & ALBION RD,Etobicoke,ON,720,4.45390331,,
66978,FLYING J FUEL STOP #805,HWY 27 & ALBION RD,Etobicoke,ON,720,4.45292033,,
66978,FLYING J FUEL STOP #805,HWY 27 & ALBION RD,Etobicoke,ON,720,4.45193778,,
66978,FLYING J FUEL STOP #805,HWY 27 & ALBION RD,Etobicoke,ON,720,4.46276974,,
66978,FLYING J FUEL STOP #805,HWY 27 & ALBION RD,Etobicoke,ON,720,4.45521463,,
66979,FLYING J CARDLOCK #820,HWY 40 S,Grande Prairie,AB,80,5.01246474,42.5978341,-98.4437165
66979,FLYING J CARDLOCK #820,HWY 40 S,Grande Prairie,AB,80,5.02096483,42.5978341,-98.4437165
66979,FLYING J CARDLOCK #820,HWY 40 S,Grande Prairie,AB,80,5.0109894,42.5978341,-98.4437165
66979,FLYING J CARDLOCK #820,HWY 40 S,Grande Prairie,AB,80,5.02022455,42.5978341,-98.4437165
66979,FLYING J CARDLOCK #820,HWY 40 S,Grande Prairie,AB,80,5.00877802,42.5978341,-98.4437165
66979,FLYING J CARDLOCK #820,HWY 40 S,Grande Prairie,AB,80,5.00988347,42.5978341,-98.4437165
66981,FLYING J CARDLOCK #830,ALASKY HWYN & 17TH ST,Dawson Creek,BC,80,5.17811523,45.5394547,-122.9315498
66981,FLYING J CARDLOCK #830,ALASKY HWYN & 17TH ST,Dawson Creek,BC,80,5.18765839,45.5394547,-122.9315498
66981,FLYING J CARDLOCK #830,ALASKY HWYN & 17TH ST,Dawson Creek,BC,80,5.17963978,45.5394547,-122.9315498
66981,FLYING J CARDLOCK #830,ALASKY HWYN & 17TH ST,Dawson Creek,BC,80,5.18842336,45.5394547,-122.9315498
66981,FLYING J CARDLOCK #830,ALASKY HWYN & 17TH ST,Dawson Creek,BC,80,5.1758301,45.5394547,-122.9315498
66981,FLYING J CARDLOCK #830,ALASKY HWYN & 17TH ST,Dawson Creek,BC,80,5.17697241,45.5394547,-122.9315498
66983,FLYING J FUEL STOP #801,HWY 97 SOUTH,Prince George                           ,BC,850,4.95528079,37.2204272,-77.2880330
66983,FLYING J FUEL STOP #801,HWY 97 SOUTH,Prince George                           ,BC,850,4.953094,37.2204272,-77.2880330
66983,FLYING J FUEL STOP #801,HWY 97 SOUTH,Prince George                           ,BC,850,4.96441327,37.2204272,-77.2880330
66983,FLYING J FUEL STOP #801,HWY 97 SOUTH,Prince George                           ,BC,850,4.96514532,37.2204272,-77.2880330
66983,FLYING J FUEL STOP #801,HWY 97 SOUTH,Prince George                           ,BC,850,4.95418716,37.2204272,-77.2880330
66983,FLYING J FUEL STOP #801,HWY 97 SOUTH,Prince George                           ,BC,850,4.95673973,37.2204272,-77.2880330
66984,FLYING J TRAVEL PLAZA #807,HWY 401,Mississauga,ON,720,4.45521463,,
66984,FLYING J TRAVEL PLAZA #807,HWY 401,Mississauga,ON,720,4.45292033,,
66984,FLYING J TRAVEL PLAZA #807,HWY 401,Mississauga,ON,720,4.46211176,,
66984,FLYING J TRAVEL PLAZA #807,HWY 401,Mississauga,ON,720,4.45193778,,
66984,FLYING J TRAVEL PLAZA #807,HWY 401,Mississauga,ON,720,4.46276974,,
66984,FLYING J TRAVEL PLAZA #807,HWY 401,Mississauga,ON,720,4.45390331,,
66986,FLYING J CARDLOCK #832,HWY 1,New Westminster,BC,800,5.18765839,42.4840384,-71.9517071
66986,FLYING J CARDLOCK #832,HWY 1,New Westminster,BC,800,5.17697241,42.4840384,-71.9517071
66986,FLYING J CARDLOCK #832,HWY 1,New Westminster,BC,800,5.17963978,42.4840384,-71.9517071
66986,FLYING J CARDLOCK #832,HWY 1,New Westminster,BC,800,5.1758301,42.4840384,-71.9517071
66986,FLYING J CARDLOCK #832,HWY 1,New Westminster,BC,800,5.17811523,42.4840384,-71.9517071
66986,FLYING J CARDLOCK #832,HWY 1,New Westminster,BC,800,5.18842336,42.4840384,-71.9517071
66987,LOVES TRAVEL STOP #354,"US-78 & I-20, EXIT 172",Thomson,GA,135,3.849,33.4663248,-82.5026089
66988,FLYING J CARDLOCK #821,HWY-3 & HWY-4,Lethbridge,AB,50,4.62102914,41.1347721,-81.6623005
66988,FLYING J CARDLOCK #821,HWY-3 & HWY-4,Lethbridge,AB,50,4.63022827,41.1347721,-81.6623005
66988,FLYING J CARDLOCK #821,HWY-3 & HWY-4,Lethbridge,AB,50,4.61898985,41.1347721,-81.6623005
66988,FLYING J CARDLOCK #821,HWY-3 & HWY-4,Lethbridge,AB,50,4.6295456,41.1347721,-81.6623005
66988,FLYING J CARDLOCK #821,HWY-3 & HWY-4,Lethbridge,AB,50,4.62238967,41.1347721,-81.6623005
66988,FLYING J CARDLOCK #821,HWY-3 & HWY-4,Lethbridge,AB,50,4.62000927,41.1347721,-81.6623005
66991,FLYING J TRAVEL PLAZA #793,HWY 1,Calgary,AB,50,4.59114784,31.6174004,-94.1193622
66991,FLYING J TRAVEL PLAZA #793,HWY 1,Calgary,AB,50,4.39722401,31.6174004,-94.1193622
66991,FLYING J TRAVEL PLAZA #793,HWY 1,Calgary,AB,50,4.59452716,31.6174004,-94.1193622
66991,FLYING J TRAVEL PLAZA #793,HWY 1,Calgary,AB,50,4.60163996,31.6174004,-94.1193622
66991,FLYING J TRAVEL PLAZA #793,HWY 1,Calgary,AB,50,4.60231851,31.6174004,-94.1193622
66991,FLYING J TRAVEL PLAZA #793,HWY 1,Calgary,AB,50,4.59317483,31.6174004,-94.1193622
66992,FLYING J CARDLOCK #814,HWY 1,Calgary,AB,50,4.59317483,31.6174004,-94.1193622
66992,FLYING J CARDLOCK #814,HWY 1,Calgary,AB,50,4.59452716,31.6174004,-94.1193622
66992,FLYING J CARDLOCK #814,HWY 1,Calgary,AB,50,4.59114784,31.6174004,-94.1193622
66992,FLYING J CARDLOCK #814,HWY 1,Calgary,AB,50,4.60231851,31.6174004,-94.1193622
66992,FLYING J CARDLOCK #814,HWY 1,Calgary,AB,50,4.60163996,31.6174004,-94.1193622
66992,FLYING J CARDLOCK #814,HWY 1,Calgary,AB,50,4.59216111,31.6174004,-94.1193622
66993,PILOT TRAVEL CENTERS #198,US-30 & US-31,Plymouth,IN,465,3.869,41.3436555,-86.3097278
66993,PILOT TRAVEL CENTER #198,US-30 & US-31,Plymouth,IN,465,3.859,41.3416711,-86.2643326
66994,PILOT TRAVEL CENTERS #303,US-24/US-6 & SR-108,Napoleon                                ,OH,550,3.71066666,41.3922726,-84.1252243
66995,PILOT TRAVEL CENTERS #322,"I-86, EXIT 37",Bath,NY,190,4.499,42.3370164,-77.3177577
66997,LOVES TRAVEL STOP #289,"I-20, EXIT 49 & SR-531",Minden,LA,745,3.149,32.6154278,-93.2868354
67007,FLYING J TRAVEL PLAZA #795,HWY 2,Nisku                                   ,AB,80,4.40630048,,
67007,FLYING J TRAVEL PLAZA #795,HWY 2,Nisku                                   ,AB,80,4.39948962,,
67007,FLYING J TRAVEL PLAZA #795,HWY 2,Nisku                                   ,AB,80,4.39722401,,
67007,FLYING J TRAVEL PLAZA #795,HWY 2,Nisku                                   ,AB,80,4.39625375,,
67007,FLYING J TRAVEL PLAZA #795,HWY 2,Nisku                                   ,AB,80,4.40695023,,
67007,FLYING J TRAVEL PLAZA #795,HWY 2,Nisku                                   ,AB,80,4.3981947,,
67008,TA ST LOUIS EAST TRAVEL CENTER,"I-55, EXIT 18",Troy,IL,574,3.439,38.7292147,-89.8831541
67008,TA ST LOUIS EAST TRAVEL CENTER,"I-55, EXIT 18",Troy,IL,574,3.619,38.7292147,-89.8831541
67008,TA ST LOUIS EAST TRAVEL CENTER,"I-55, EXIT 18",Troy,IL,574,3.629,38.7292147,-89.8831541
67008,TA ST LOUIS EAST TRAVEL CENTER,"I-55, EXIT 18",Troy,IL,574,3.439,38.7292147,-89.8831541
67008,TA ST LOUIS EAST TRAVEL CENTER,"I-55, EXIT 18",Troy,IL,574,3.489,38.7292147,-89.8831541
67008,TA ST LOUIS EAST TRAVEL CENTER,"I-55, EXIT 18",Troy,IL,574,3.379,38.7292147,-89.8831541
67009,PILOT TRAVEL CENTERS #407,"I-35, EXIT 194",Clear Lake,IA,433,3.659,43.1370751,-93.3813637
67009,PILOT TRAVEL CENTER #407,"I-35, EXIT 194",Clear Lake,IA,433,3.659,43.1448269,-93.3583426
67011,FLYING J CARDLOCK #844,HWY 16,Yorkton                                 ,SK,550,4.89957219,,
67011,FLYING J CARDLOCK #844,HWY 16,Yorkton                                 ,SK,550,4.90860199,,
67011,FLYING J CARDLOCK #844,HWY 16,Yorkton                                 ,SK,550,4.90101472,,
67011,FLYING J CARDLOCK #844,HWY 16,Yorkton                                 ,SK,550,4.89740997,,
67011,FLYING J CARDLOCK #844,HWY 16,Yorkton                                 ,SK,550,4.89849084,,
67011,FLYING J CARDLOCK #844,HWY 16,Yorkton                                 ,SK,550,4.90932581,,
67014,FLYING J FUEL STOP #803,HWY 1 EAST,Portage La Prairie                      ,MB,900,4.63022827,,
67014,FLYING J FUEL STOP #803,HWY 1 EAST,Portage La Prairie                      ,MB,900,4.62238967,,
67014,FLYING J FUEL STOP #803,HWY 1 EAST,Portage La Prairie                      ,MB,900,4.62000927,,
67014,FLYING J FUEL STOP #803,HWY 1 EAST,Portage La Prairie                      ,MB,900,4.6295456,,
67014,FLYING J FUEL STOP #803,HWY 1 EAST,Portage La Prairie                      ,MB,900,4.62102914,,
67014,FLYING J FUEL STOP #803,HWY 1 EAST,Portage La Prairie                      ,MB,900,4.61898985,,
67016,FLYING J CARDLOCK #842,HWY 11,Regina,SK,550,4.7314019,,
67016,FLYING J CARDLOCK #842,HWY 11,Regina,SK,550,4.74116815,,
67016,FLYING J CARDLOCK #842,HWY 11,Regina,SK,550,4.73383969,,
67016,FLYING J CARDLOCK #842,HWY 11,Regina,SK,550,4.74186729,,
67016,FLYING J CARDLOCK #842,HWY 11,Regina,SK,550,4.7303579,,
67016,FLYING J CARDLOCK #842,HWY 11,Regina,SK,550,4.73244636,,
67018,FLYING J CARDLOCK #822,HWY 16,Lloydminster,AB,80,4.56532053,35.0286095,-89.8360034
67018,FLYING J CARDLOCK #822,HWY 16,Lloydminster,AB,80,4.57440876,35.0286095,-89.8360034
67018,FLYING J CARDLOCK #822,HWY 16,Lloydminster,AB,80,4.57373432,35.0286095,-89.8360034
67018,FLYING J CARDLOCK #822,HWY 16,Lloydminster,AB,80,4.56330583,35.0286095,-89.8360034
67018,FLYING J CARDLOCK #822,HWY 16,Lloydminster,AB,80,4.56666465,35.0286095,-89.8360034
67018,FLYING J CARDLOCK #822,HWY 16,Lloydminster,AB,80,4.56431296,35.0286095,-89.8360034
67019,FLYING J CARDLOCK #829,HWY 3,Creston                                 ,BC,50,5.15177727,41.0585878,-94.3613970
67019,FLYING J CARDLOCK #829,HWY 3,Creston                                 ,BC,50,5.14912426,41.0585878,-94.3613970
67019,FLYING J CARDLOCK #829,HWY 3,Creston                                 ,BC,50,5.14798808,41.0585878,-94.3613970
67019,FLYING J CARDLOCK #829,HWY 3,Creston                                 ,BC,50,5.1605136,41.0585878,-94.3613970
67019,FLYING J CARDLOCK #829,HWY 3,Creston                                 ,BC,50,5.15975275,41.0585878,-94.3613970
67019,FLYING J CARDLOCK #829,HWY 3,Creston                                 ,BC,50,5.15026093,41.0585878,-94.3613970
67020,FLYING J CARDLOCK #828,HWY 95A,Cranbrook,BC,50,5.0109894,40.0254784,-83.0418778
67020,FLYING J CARDLOCK #828,HWY 95A,Cranbrook,BC,50,5.01246474,40.0254784,-83.0418778
67020,FLYING J CARDLOCK #828,HWY 95A,Cranbrook,BC,50,5.02022455,40.0254784,-83.0418778
67020,FLYING J CARDLOCK #828,HWY 95A,Cranbrook,BC,50,5.00988347,40.0254784,-83.0418778
67020,FLYING J CARDLOCK #828,HWY 95A,Cranbrook,BC,50,5.00877802,40.0254784,-83.0418778
67020,FLYING J CARDLOCK #828,HWY 95A,Cranbrook,BC,50,5.02096483,40.0254784,-83.0418778
67024,FLYING J FUEL STOP #811,HWY-1,Moose Jaw,SK,550,4.6295456,,
67024,FLYING J FUEL STOP #811,HWY-1,Moose Jaw,SK,550,4.62102914,,
67024,FLYING J FUEL STOP #811,HWY-1,Moose Jaw,SK,550,4.63022827,,
67024,FLYING J FUEL STOP #811,HWY-1,Moose Jaw,SK,550,4.62000927,,
67024,FLYING J FUEL STOP #811,HWY-1,Moose Jaw,SK,550,4.61898985,,
67024,FLYING J FUEL STOP #811,HWY-1,Moose Jaw,SK,550,4.62238967,,
67027,FLYING J FUEL STOP #806,HWY 11,Kapuskasing,ON,460,5.30006238,,
67027,FLYING J FUEL STOP #806,HWY 11,Kapuskasing,ON,460,5.28953245,,
67027,FLYING J FUEL STOP #806,HWY 11,Kapuskasing,ON,460,5.2910898,,
67027,FLYING J FUEL STOP #806,HWY 11,Kapuskasing,ON,460,5.28719815,,
67027,FLYING J FUEL STOP #806,HWY 11,Kapuskasing,ON,460,5.29928094,,
67027,FLYING J FUEL STOP #806,HWY 11,Kapuskasing,ON,460,5.28836504,,
67030,LOVES TRAVEL STOP #337,"I-90 & I-35, EXIT 11",Albert Lea,MN,515,4.089,43.6480127,-93.3682656
67031,FLYING J CARDLOCK #798,HWY 91,Delta,BC,800,5.17963978,38.7436121,-108.0729172
67031,FLYING J CARDLOCK #798,HWY 91,Delta,BC,800,5.17697241,38.7436121,-108.0729172
67031,FLYING J CARDLOCK #798,HWY 91,Delta,BC,800,5.18765839,38.7436121,-108.0729172
67031,FLYING J CARDLOCK #798,HWY 91,Delta,BC,800,5.17811523,38.7436121,-108.0729172
67031,FLYING J CARDLOCK #798,HWY 91,Delta,BC,800,5.18842336,38.7436121,-108.0729172
67031,FLYING J CARDLOCK #798,HWY 91,Delta,BC,800,5.1758301,38.7436121,-108.0729172
67034,LOVES TRAVEL STOP #356,"I-75, EXIT 167",North Baltimore,OH,550,3.34733333,41.1828302,-83.6782668
67037,LOVES TRAVEL STOP #332,I-71 EXIT 204,Burbank,OH,305,3.689,40.9886670,-81.9948684
67038,PILOT TRAVEL CENTERS #260,US-82/SR-520 & SR-300,Albany,GA,10,3.799,31.5782062,-84.1556809
67038,PILOT TRAVEL CENTER #260,US-82/SR-520 & SR-300,Albany,GA,10,3.799,31.5812354,-84.0853612
67039,ROAD RANGER #145,"I-44, EXIT 275",Fenton,MO,540,3.359,38.5436084,-90.4400547
67040,FLYING J TRAVEL PLAZA #603,US-431/SR-210 & US-231/SR-1,Dothan,AL,20,3.999,31.2237285,-85.3934375
67041,CIRCLE K #4707040,"I-95, EXIT 133 & US-201",Skowhegan,ME,170,3.72566666,44.7854272,-69.7319928
67044,PILOT TRAVEL CENTER #1212,"I-10, EXIT 45",Salome,AZ,930,3.959,33.7796585,-113.6067800
67044,PILOT #1212,"I-10, EXIT 45",Salome,AZ,930,3.959,33.7796585,-113.6067800
67047,Circle K #2746490,"I-90, EXIT 332",Mitchell,SD,455,3.064,43.6936609,-98.0148268
67049,FLYING J TRAVEL PLAZA #785,"HWY 2, EXIT 240",Calgary                                 ,AB,50,4.59317483,31.6174004,-94.1193622
67049,FLYING J TRAVEL PLAZA #785,"HWY 2, EXIT 240",Calgary                                 ,AB,50,4.59216111,31.6174004,-94.1193622
67049,FLYING J TRAVEL PLAZA #785,"HWY 2, EXIT 240",Calgary                                 ,AB,50,4.59114784,31.6174004,-94.1193622
67049,FLYING J TRAVEL PLAZA #785,"HWY 2, EXIT 240",Calgary                                 ,AB,50,4.60163996,31.6174004,-94.1193622
67049,FLYING J TRAVEL PLAZA #785,"HWY 2, EXIT 240",Calgary                                 ,AB,50,4.60231851,31.6174004,-94.1193622
67049,FLYING J TRAVEL PLAZA #785,"HWY 2, EXIT 240",Calgary                                 ,AB,50,4.59452716,31.6174004,-94.1193622
67051,PILOT TRAVEL CENTERS #208,"I-44, EXIT 257",Pacific                                 ,MO,540,3.324,38.4870960,-90.7582301
67053,TA LAREDO TRAVEL CENTER,"I-35/US-83, EXIT 13",Laredo,TX,693,3.649,27.5075005,-99.5069922
67054,LOVES TRAVEL STOPS #436,"I-80, EXIT 118",Salt Lake City,UT,835,3.649,40.7596198,-111.8867970
67054,LOVES TRAVEL STOP #436,"I-80, EXIT 118",Salt Lake City,UT,835,3.777,40.7596198,-111.8867970
67055,FLYING J TRAVEL PLAZA #641,I-15,Mccammon,ID,825,3.749,42.6504719,-112.1930220
67056,Arco,US-2 & US-59,Erskine,MN,355,3.399,47.6669831,-96.0099602
67057,PILOT TRAVEL CENTERS #146,"I-90, EXIT 12",Castleton On Hudson,NY,12,3.999,42.4979247,-73.6745975
67058,PILOT TRAVEL CENTERS #368,"I-72, EXIT 144",Decatur                                 ,IL,280,3.599,39.8454163,-88.9524151
67058,PILOT TRAVEL CENTER #368,"I-72, EXIT 144",Decatur                                 ,IL,280,3.559,39.9077905,-88.8949561
67058,PILOT TRAVEL CENTER #368,"I-72, EXIT 144",Decatur                                 ,IL,280,3.459,39.9077905,-88.8949561
67058,PILOT TRAVEL CENTERS #368,"I-72, EXIT 144",Decatur                                 ,IL,280,3.499,39.8454163,-88.9524151
67060,PILOT TRAVEL CENTERS #151,"I-5, EXIT 99NE",Olympia,WA,977,4.599,46.9535015,-122.9348492
67063,PILOT TRAVEL CENTERS #330,"I-35, EXIT 184 SW",New Braunfels,TX,740,3.399,29.7028266,-98.1257348
67064,LOVES TRAVEL STOP #385,"I-40, EXIT 101 & US-281",Hinton,OK,483,3.38566666,35.4715518,-98.3556589
67065,TA GREENWOOD TRAVEL CENTER,"I-20, EXIT 5 & US-79",Greenwood,LA,745,3.16566666,32.4429324,-93.9729615
67066,LOVES TRAVEL STOP #361,"I-80, EXIT 168",Newton,IA,320,3.76233333,41.6997139,-93.0538852
67067,LOVES TRAVEL STOP #377,"I-76/US-6, EXIT 31 & SR-52",Hudson,CO,800,3.459,40.0734432,-104.6429860
67069,FLYING J FUEL STOP #621,"I-70, EXIT 359 & US-24",Limon,CO,800,3.899,39.2625489,-103.6878419
67069,FLYING J TRAVEL PLAZA #621,"I-70, EXIT 359 & US-24",Limon,CO,800,3.874,39.2625489,-103.6878419
67070,CASEYS #4225,"SR-155N, EXIT 26-A",Nashville,TN,460,3.06233333,36.1622767,-86.7742984
67071,FAS MART #5154,"I-270, EXIT 3 & SR-3",Hartford,IL,574,3.299,38.8333815,-90.0959400
67071,FAS MART #5154,"I-270, EXIT 3 & SR-3",Hartford,IL,574,3.279,38.8333815,-90.0959400
67073,PILOT TRAVEL CENTERS #81,"I-79, EXIT 99",Portersville,PA,165,4.259,40.9255114,-80.1442551
67075,CM FOREST GOLD,SR-16,Amite,LA,600,3.399,30.7265747,-90.5089815
67076,CASH MAGIC LUCKY MAGNOLIA,SR-63/SR-16,Denham Springs,LA,600,3.399,30.4868564,-90.9562125
67077,CASH MAGIC BROUSSARD SOUTH,US-90,Broussard,LA,600,3.399,30.1471506,-91.9612413
67078,CASH MAGIC SILVER FOX,SR-63/SR-16,Denham Springs,LA,600,3.399,30.4868564,-90.9562125
67081,LOVES TRAVEL STOP #376,"I-85/SR-403, EXIT 28 & SR-54/SR-100",Hogansville,GA,18,3.689,33.1731769,-84.9149360
67082,PILOT TRAVEL CENTERS #179,"I-81, EXIT 5-B",Hagerstown,MD,22,3.959,39.6430455,-77.7191081
67085,PILOT TRAVEL CENTERS #210,"I-287, EXIT 66 & SR-17",Mahwah,NJ,105,3.899,41.0887072,-74.1437552
67086,SPEEDWAY #7945,SR-24,Swansboro,NC,205,3.699,34.6972622,-77.1395849
67087,SPEEDWAY #8189,"I-40, EXIT 408 & SR-210 & US-117",Rocky Point,NC,245,3.60566666,34.4390444,-77.8800713
67088,PILOT #4580,"I-26, EXIT 82",Prosperity,SC,30,3.42566666,34.2098669,-81.5338576
67090,LOVES TRAVEL STOP #373,US-69 & PLATTER RD,Calera,OK,253,3.229,33.9345433,-96.4286022
67091,SPEEDWAY #7903,SR-211,Raeford,NC,63,3.699,34.9887554,-79.2507948
67092,SPEEDWAY #8288,US-64 & SR-149,Plymouth,NC,177,3.20733333,35.8349649,-76.7653627
67094,SPEEDWAY #7943,US-64/SR-49 & US-220,Asheboro,NC,65,3.54233333,35.7142109,-79.8111968
67095,SPEEDWAY #8297,US-17 & US-17 BYP,Chocowinity,NC,205,3.13233333,35.5189423,-77.0919024
67096,SPEEDWAY #6997,I-95/US-301,Fayetteville,NC,63,3.39566666,35.0180464,-78.9032036
67097,SPEEDWAY #8298,SR-11/SR-55,Kinston,NC,205,3.353,35.2441717,-77.6169323
67101,SPEEDWAY #7974,US-601 & SR-24/SR-27,Midland,NC,46,3.429,35.2511916,-80.5015912
67103,SPEEDWAY #8225,US-13/US-17 & US-64,Williamston,NC,205,3.849,35.8460379,-77.0507339
67106,PILOT TRAVEL CENTER #4656,"I-295, EXIT 3-A & US-460",Disputanta,VA,180,3.57233333,37.1849811,-77.3177338
67107,SPEEDWAY/7fleet #4595,US-501 & SR-544,Conway,SC,205,3.089,33.8360035,-79.0478143
67108,SPEEDWAY/7fleet #4594,SR-90,Longs,SC,205,3.309,33.9385274,-78.7330522
67109,SPEEDWAY #4676,US-13/SR-32,Suffolk,VA,130,3.799,36.6894273,-76.6088576
67113,COLUMBUS WEST TRAVEL CENTER,"US-151, EXIT 118",Columbus,WI,420,3.119,43.3516602,-89.0377008
67114,SPEEDWAY #1415,"I-57, EXIT 306 & US-45/US-52",Kankakee,IL,280,3.379,41.0785389,-87.8684478
67114,SPEEDWAY #1415,"I-57, EXIT 306 & US-45/US-52",Kankakee,IL,280,3.339,41.0785389,-87.8684478
67115,CIRCLE K #3912,"I-24/SR-27, EXIT 155 & SR-28",Jasper,TN,285,2.889,35.0742448,-85.6260789
67117,MCCLURE OIL #65,US-31 & SR-38,Cicero                                  ,IN,375,3.889,40.1239257,-86.0133181
67118,ABELS QUIK SHOP #20,US-36 & CR-437,Hannibal,MO,540,3.06566666,39.7082498,-91.3587413
67119,EASTWAY TRUCKSTOP,SR-80,Somerset,KY,410,3.599,37.0920222,-84.6041084
67120,LOVES TRAVEL STOP #379,"I-10 & CR 255, EXIT 262 SW",Lee,FL,20,3.789,26.5999265,-81.8823135
67121,BETTY BEAVERS TRUCKSTOP,"I-88, EXIT 12 & CR-48",Otego                                   ,NY,12,3.819,42.3973023,-75.1735017
67122,WORKMANS TRAVEL CENTER,"I-540, EXIT 24 & SR-282",Alma,AR,735,3.37233333,35.4778653,-94.2218752
67125,LOVES TRAVEL STOP #370,I-80 EXIT 234,Hubbard,OH,573,3.46566666,41.1564262,-80.5688876
67126,PILOT TRAVEL CENTERS #366,"I-40, EXIT 85 CHRISTMASVILLE RD",Jackson,TN,435,3.509,35.6144446,-88.8177418
67127,LOVES TRAVEL STOP #381,"I-65, EXIT 322 & CR-55",Falkville,AL,615,3.849,34.3684295,-86.9086160
67129,PILOT TRAVEL CENTER #920,"I-70, EXIT 54",Colby,KS,525,3.634,39.3642587,-101.0321649
67129,PILOT TRAVEL CENTERS #920,"I-70, EXIT 54",Colby,KS,525,3.649,39.3959655,-101.0526881
67130,Pilot Travel Centers #473,"I-55, EXIT 248 & US-6",Channahon                               ,IL,290,3.499,41.4574063,-88.1923266
67130,Pilot Travel Centers #473,"I-55, EXIT 248 & US-6",Channahon                               ,IL,290,3.359,41.4574063,-88.1923266
67130,Pilot Travel Center #473,"I-55, EXIT 248 & US-6",Channahon                               ,IL,290,3.459,41.4576002,-88.1925003
67130,Pilot Travel Center #473,"I-55, EXIT 248 & US-6",Channahon                               ,IL,290,3.599,41.4576002,-88.1925003
67130,Pilot Travel Centers #473,"I-55, EXIT 248 & US-6",Channahon                               ,IL,290,3.399,41.4574063,-88.1923266
67130,Pilot Travel Center #473,"I-55, EXIT 248 & US-6",Channahon                               ,IL,290,3.399,41.4576002,-88.1925003
67133,LOVES TRAVEL STOP #365,I-80 EXIT 352,Wells,NV,835,3.71566666,41.1107264,-114.9631440
67137,PILOT TRAVEL CENTERS #485,"I-80, EXIT 173",Winnemucca                              ,NV,966,3.77066666,40.9606294,-117.7476965
67138,Kum N Go #0561,US-65 & SR-744,Springfield,MO,535,2.899,37.2081729,-93.2922715
67139,LOVES TRAVEL STOP #383,I-71 EXIT 55 & SR-1039,Sparta,KY,415,3.749,38.6880765,-84.8988044
67140,Maverik Country Store #5069,I-35 EXIT 133,Ellsworth,IA,320,3.09566666,42.3120964,-93.5786963
67141,KUM & GO #0022,"I-80, EXIT 182 & SR-146",Grinnell,IA,320,3.19733333,41.7451292,-92.7267461
67143,ALL AMERICAN STORES #7,US-30,Fort Wayne,IN,370,3.559,41.0799898,-85.1386015
67149,HOOPS TRAVEL CENTER,I-39 & SR-21,Coloma,WI,395,3.18233333,44.0355679,-89.5334029
67150,Maverik Country Store #5119,"US-30, EXIT 150",Ames,IA,320,3.08233333,42.0267567,-93.6170448
67151,CASEYS #2523,"SR-163, EXIT 29 & SR-14",Monroe,IA,320,3.199,41.5175222,-93.1026782
67155,PILOT TRAVEL CENTER #1219,"I-70, EXIT 61",Vandalia,IL,540,3.699,38.9700178,-89.1367513
67155,PILOT TRAVEL CENTER #1219,"I-70, EXIT 61",Vandalia,IL,540,3.759,38.9700178,-89.1367513
67155,PILOT #1219,"I-70, EXIT 61",Vandalia,IL,540,3.699,38.9700178,-89.1367513
67158,GOLDEN GATE AUTO TRUCK PLAZA,"I-80 , EXIT 32",Sparks,NV,966,3.539,39.5404679,-119.7487235
67160,LOVES TRAVEL STOPS #378,"I-77, EXIT 132 ",Ripley,WV,44,3.589,38.8189684,-81.7118850
67160,LOVES TRAVEL STOP #378,"I-77, EXIT 132 ",Ripley,WV,44,3.621,38.8189684,-81.7118850
67162,PILOT TRAVEL CENTERS #495,"I-80 , EXIT 201",Brooklyn,IA,380,3.78566666,41.7286464,-92.4455938
67162,PILOT TRAVEL CENTER #495,"I-80 , EXIT 201",Brooklyn,IA,380,3.699,41.7286464,-92.4455938
67163,LOVES TRAVEL STOP #358,"I-78, EXIT 23",Hamburg,PA,208,3.85733333,40.5553081,-75.9824083
67164,FLYING J TRAVEL PLAZA #510,"I-15 , EXIT 188",Scipio,UT,835,3.689,39.2455219,-112.1042955
67165,SOMERSET TRAVEL CENTER,"I-76 , EXIT 110",Somerset,PA,14,4.219,39.9980022,-79.0415528
67166,Circle K #4705726,US-33,Carroll,OH,315,3.24566666,39.7727760,-82.6838663
67167,LOVES TRAVEL STOP #372,"I-84, EXIT 374",Ontario,OR,982,3.689,44.0265525,-116.9629378
67168,LOVES TRAVEL STOP #455,"I-70, EXIT 145",Ellis,KS,525,3.623,38.9153040,-99.3172531
67168,LOVES TRAVEL STOPS #455,"I-70, EXIT 145",Ellis,KS,525,3.689,38.9153040,-99.3172531
67169,JD ORANGEBURG,US-301/US-601/SR-4,Orangeburg,SC,135,3.34233333,33.4918203,-80.8556476
67170,FAST TRACK #410,"I-10, EXIT 258",Madison                                 ,FL,20,3.749,30.3975415,-83.3589539
67174,KWIK STAR #419,"US-218, EXIT 218",Charles City,IA,433,3.539,43.0662177,-92.6794258
67175,KWIK STAR #428,SR-9,Cresco,IA,515,3.524,43.3713937,-92.1118936
67178,KWIK STAR #701,US-63,Denver,IA,565,3.499,42.6713752,-92.3372158
67182,KWIK STAR #817,US-52 & SR-24,Calmar,IA,565,3.579,43.1842963,-91.8645828
67185,KWIK TRIP #385,SR-19/SR-3,Northfield,MN,451,3.499,44.4546132,-93.1667469
67186,KWIK TRIP #424,SR-15 & CR-26,Fairmont,MN,425,3.399,43.6521775,-94.4610832
67192,KWIK TRIP #464,US-63,Rochester,MN,515,3.54066666,44.0587262,-92.5278462
67193,KWIK TRIP #609,SR-16 & SR-43,Rushford,MN,515,3.499,43.8052519,-91.7546478
67195,KWIK TRIP #646,US-169 & CR-53,Blue Earth,MN,425,3.324,44.1565389,-93.9458293
67196,KWIK TRIP #753,US-14 & SR-42,Eyota,MN,515,3.61566666,43.9975582,-92.2481197
67200,KWIK TRIP #319,SR-13,Spencer,WI,395,3.47566666,44.7535740,-90.2915083
67202,KWIK TRIP #328,US-53 & SR-95,Blair,WI,295,3.23733333,44.2902681,-91.2410983
67204,KWIK TRIP #337,SR-65,New Richmond,WI,451,3.499,45.1035334,-92.5368300
67206,KWIK TRIP #352,US-53,Chippewa Falls,WI,295,3.40733333,44.9215883,-91.3691503
67207,KWIK TRIP #354,SR-26,Watertown,WI,420,3.37233333,43.2069209,-88.7080186
67208,KWIK TRIP #363,US-14 & CR-O,Richland Center,WI,420,3.389,43.3147673,-90.3510548
67209,KWIK TRIP #386,SR-64,Merrill,WI,395,3.499,45.1804757,-89.6681004
67211,KWIK TRIP #392,SR-49/SR-23,Ripon,WI,582,3.39066666,43.8536294,-88.8616812
67219,KWIK TRIP #455,US-8 & SR-27,Ladysmith,WI,295,3.27233333,45.4643713,-91.1118036
67220,KWIK TRIP #456,"US-18/151, EXIT 79 & CR-PB",Verona,WI,420,3.579,42.9712910,-89.5129293
67221,KWIK TRIP #457,"I-41/US-41, EXIT 116 & SR-44/SR-91",Oshkosh,WI,582,3.29066666,44.0319120,-88.5857699
67223,KWIK TRIP #476,"US-53, EXIT 140",Rice Lake,WI,295,3.43233333,45.4813506,-91.7333142
67226,KWIK TRIP #494,US-53 & SR-35,Onalaska,WI,515,3.33566666,43.8731822,-91.1897167
67229,KWIK TRIP #740,SR-15,Hortonville,WI,582,3.509,44.3359552,-88.6309220
67230,KWIK TRIP #750,US-14/US-61/SR-35,La Crosse,WI,515,3.299,43.8519485,-91.2243558
67233,KWIK TRIP #807,US-10,Brillion,WI,582,3.36566666,44.1825574,-88.0646778
67234,KWIK TRIP #847,SR-33 & SR-82/SR-80,Wonewoc,WI,395,3.499,43.6813641,-90.2656280
67235,FLYING J TRAVEL PLAZA #507,I-35,Jarrell,TX,765,3.22066666,30.8118225,-97.6109688
67237,OUTPOST TRAVEL CENTER,US-79 & CR-111,Minden,LA,745,3.13233333,32.6154278,-93.2868354
67239,RELAY STATION,SR-1,Shreveport,LA,745,3.13233333,32.5135356,-93.7477839
67241,RELAY STATION 3,SR-175,Frierson,LA,745,3.259,32.2518252,-93.6899007
67242,SPEEDWAY #6940,"I-77, EXIT 85 & SR-268",Elkin,NC,65,2.859,36.2794634,-80.8254739
67243,LOVES TRAVEL STOP #386,"I-40, EXIT 9 & SR-95",Lake Havasu City,AZ,910,3.92233333,34.4775296,-114.3379972
67245,SPEEDWAY #4582,US-378,Conway,SC,205,3.089,33.8436825,-79.0871961
67246,SPEEDWAY #7941,US-17 & SR-24,Jacksonville,NC,245,3.32566666,34.7627516,-77.4863813
67247,CIRCLE K #4707512,"I-93, EXIT 47",Methuen,MA,170,3.799,42.7297626,-71.2103127
67248,SPEEDWAY #6962,"I-40, EXIT 303",Garner,NC,177,2.92066666,35.7257934,-78.5813398
67255,LOVES TRAVEL STOP #393,"I-55, EXIT 13",Mccomb,MS,620,3.239,31.2437872,-90.4531536
67262,PILOT TRAVEL CENTERS #497,"I-20, EXIT 165",Lincoln,AL,615,3.199,33.6131588,-86.1183061
67262,PILOT TRAVEL CENTER #497,"I-20, EXIT 165",Lincoln,AL,615,3.109,33.5933804,-86.1212789
67264,CIRCLE K #4707016,US-1,Princeton,ME,170,3.88233333,45.2223168,-67.5693605
67265,CIRCLE K #4707048,US-2,Lincoln,ME,170,3.73233333,45.3620354,-68.5154472
67269,ONVO TRAVEL PLAZA - GOULDSBORO,"I-380, EXIT 13 & SR-507",Gouldsboro,PA,200,3.58566666,41.2330492,-75.4960711
67271,KWIK TRIP #330,US-169 & SR-25,Belle Plaine,MN,451,3.379,44.6233291,-93.7570457
67272,PILOT TRAVEL CENTER #922- TOWN PUMP,US-2 & SR-40,Columbia Falls                          ,MT,820,3.649,48.3697168,-114.1915820
67273,LOVES TRAVEL STOP #396,I-26 EXIT 76,Newberry,SC,30,3.41566666,34.3266879,-81.5830086
67274,KWIK STAR #790,"US-20, EXIT 275 & SR-13",Manchester,IA,335,3.56233333,42.4833215,-91.4702055
67275,KWIK TRIP #481,US-61,Red Wing                                ,MN,451,3.324,44.5631083,-92.5411585
67279,LOVES TRAVEL STOP #391,"I-74, EXIT 123",Saint Paul,IN,375,3.989,39.4279074,-85.6280248
67281,PARKERS SURRENCY #208,US-341/SR-27 & SR-121,Surrency,GA,195,3.58566666,31.7236264,-82.1985623
67282,RUTTERS #65,"I-81, EXIT 14 & US-11",Chambersburg,PA,70,4.399,39.9375112,-77.6612586
67283,PILOT #4597,"I-40, EXIT 258/SR-53",Gordonsville,TN,460,3.24566666,36.1772626,-85.9482394
67284,LOVES TRAVEL STOP #390,"I-80, EXIT 179",North Platte,NE,475,3.45566666,41.1238873,-100.7654232
67285,CASEY'S #4504,"I-35, EXIT 159 & CR-C47",Dows,IA,433,3.299,42.6566737,-93.5092690
67292,LOVES TRAVEL STOP #304,"I-59, EXIT 174",Steele,AL,615,3.989,33.9398202,-86.2016435
67293,KWIK TRIP #367,SR-33/CR-A,Fox Lake,WI,582,3.24566666,43.5671974,-88.9162484
67294,MAPLEFIELDS,"I-87, EXIT 42/SR-11",Champlain,NY,300,3.799,44.9802681,-73.4544701
67296,LOVES TRAVEL STOP #340,"I-15, EXIT 64 & US-93",Las Vegas,NV,910,3.689,36.1716970,-115.1463536
67297,BAR-B,I-20 EXIT 370 & FM-919,Gordon                                  ,TX,637,2.93233333,32.5484637,-98.3692161
67298,SPEEDWAY #5360,US-42,London,OH,315,3.099,39.9499108,-83.3828107
67302,KUM & GO #0187,"I-90, EXIT 87",Sherburn,MN,440,3.18733333,43.6617422,-94.7328813
67303,KUM & GO #0615,"I-29, EXIT 15",Elk Point,SD,527,3.07233333,42.6695273,-96.6647122
67304,JACKRABBIT JUNCTION,"SR-60, EXIT 51 & CR-A22",Sibley                                  ,IA,521,3.26566666,43.3989852,-95.7520256
67305,RELAY STATION,"I-20, EXIT 3",Bethany,LA,745,3.12233333,32.3732122,-94.0426863
67306,150 QUICK STOP,US-150/SR-605,Bardstown,KY,415,3.17233333,37.8092463,-85.4669015
67307,CMS FUELING CENTER,I-69 EXIT 153 AT MILE 153,Lapeer                                  ,MI,342,3.899,43.0904764,-83.2333705
67308,FUEL STAR,SR-48,New Orleans,LA,619,3.279,29.9759983,-90.0782127
67311,HOLIDAY STATIONSTORE #2746409,US-53 & CR-13,Duluth,MN,334,3.499,46.7729322,-92.1251218
67312,RHODES 101 STOP #790,"I-55, EXIT 91",Scott City                              ,MO,275,3.424,37.2163497,-89.5261244
67313,Majors 660 Diboll Truck Plaza,US-59,Diboll                                  ,TX,610,2.83233333,31.1871319,-94.7810412
67316,LOVES TRAVEL STOP #302,US-287 & US-412,Boise City,OK,585,3.40233333,36.7297888,-102.5131320
67321,LOVES TRAVEL STOP #388,"I-55, EXIT 246 & SR-35",Batesville,MS,655,3.46066666,34.3164880,-89.9527108
67322,LOVES TRAVEL STOP #398,"US-78, EXIT 81 & SR-178",Tupelo,MS,435,3.88233333,34.2576067,-88.7033859
67323,PUMP & PANTRY #13,US-281/SR-92,Saint Paul,NE,330,3.30733333,41.2134073,-98.4580649
67325,LOVES TRAVEL STOP #225,"I-65, EXIT 93 & US-84",Evergreen,AL,720,3.339,31.4334994,-86.9569176
67327,FLYING J #796,"QEW 2, EXIT 401",Red Deer                                ,AB,80,4.7314019,,
67327,FLYING J #796,"QEW 2, EXIT 401",Red Deer                                ,AB,80,4.51093964,,
67327,FLYING J #796,"QEW 2, EXIT 401",Red Deer                                ,AB,80,4.51858925,,
67327,FLYING J #796,"QEW 2, EXIT 401",Red Deer                                ,AB,80,4.73244636,,
67327,FLYING J #796,"QEW 2, EXIT 401",Red Deer                                ,AB,80,4.7303579,,
67327,FLYING J #796,"QEW 2, EXIT 401",Red Deer                                ,AB,80,4.74116815,,
67328,FLYING J #792,TCH 1 & HWY-542,Brooks                                  ,AB,50,4.7303579,47.8145891,-96.0011917
67328,FLYING J #792,TCH 1 & HWY-542,Brooks                                  ,AB,50,4.74116815,47.8145891,-96.0011917
67328,FLYING J #792,TCH 1 & HWY-542,Brooks                                  ,AB,50,4.74186729,47.8145891,-96.0011917
67328,FLYING J #792,TCH 1 & HWY-542,Brooks                                  ,AB,50,4.73383969,47.8145891,-96.0011917
67328,FLYING J #792,TCH 1 & HWY-542,Brooks                                  ,AB,50,4.73244636,47.8145891,-96.0011917
67328,FLYING J #792,TCH 1 & HWY-542,Brooks                                  ,AB,50,4.7314019,47.8145891,-96.0011917
67329,LOVES TRAVEL STOP #387,"I-85, EXIT 4",Fair Play,SC,16,3.21233333,34.5112129,-82.9854253
67331,LOVES TRAVEL STOP #227,"I-20 /I-59, EXIT 100 & SR-216",Mc Calla,AL,615,3.159,40.8333582,-80.5455322
67333,PILOT #880,"I-84, EXIT 1",Montague,NJ,105,3.999,41.3495593,-74.6870658
67334,KWIK TRIP #338,US-51,Plover,WI,395,3.299,44.4687882,-89.5457502
67335,TOP STOP MARKET,"I-24, EXIT 111",Manchester,TN,285,3.01566666,35.4832001,-86.0887296
67336,LOVES TRAVEL STOPS #342,"I-37, EXIT 72 & US-281",Three Rivers,TX,740,3.089,28.4647614,-98.1809755
67336,LOVES TRAVEL STOP #342,"I-37, EXIT 72 & US-281",Three Rivers,TX,740,3.169,28.4647614,-98.1809755
67337,KWIK TRIP #422,"I-94, EXIT 322",Oak Creek,WI,444,3.744,42.9022193,-87.9263246
67338,HUTCH'S #114,US-81,Enid,OK,337,2.999,36.3967623,-97.8791341
67340,MCCLURE,I-74 EXIT  34,Crawfordsville                          ,IN,375,3.61566666,40.0408627,-86.8997385
67341,CASEYS #3898,"US-151, EXIT 49 & CR-E34",Anamosa,IA,380,3.359,42.1083371,-91.2851594
67342,One9 #1414,"I-81, EXIT 128",Elliston,VA,185,3.24233333,37.2152145,-80.2300592
67343,EAGLE EXPRESS,US-41,Peshtigo,WI,360,3.399,44.8644308,-87.7190683
67344,DODGE CITY SHELL,"I-65, EXIT 299",Hanceville,AL,615,3.95233333,34.0623275,-86.7627004
67345,STEELE SERVICE STATION,"I-59, EXIT 174",Steele,AL,587,3.889,33.9398202,-86.2016435
67348,LOVES TRAVEL STOP #389,I-90 EXIT 241,Conneaut,OH,305,3.849,41.9440977,-80.5561011
67350,DE PERE SUPER STORE,US-41,De Pere,WI,360,3.25566666,44.4493584,-88.0599986
67356,PRIDE CONVENIENCE STORE,"I-91, EXIT 8 & US-20",Springfield,MA,100,3.559,42.1018764,-72.5886727
67357,LOVES TRAVEL STOP #353,"I-29, EXIT 62",Fargo,ND,341,3.52566666,46.8772290,-96.7898210
67358,KWIK TRIP #453,SR-35/SR-65,River Falls,WI,451,3.44733333,44.8449877,-92.6288499
67359,SAGE HILL TRAVEL CENTER,"I-15, EXIT 89 & US-91",Blackfoot                               ,ID,825,3.569,43.1900390,-112.3483570
67360,BP,"I-95/SR-405, EXIT 49 & SR-251",Darien                                  ,GA,195,3.539,31.3702255,-81.4339903
67361,SUMNER TRUCK STOP,SR-167,Sumner,WA,977,4.299,47.2061882,-122.2312383
67362,TA Glenrio,"I-40, Exit 369 & SR-392",San Jon,NM,585,3.899,35.1064347,-103.3309382
67364,KWIK TRIP #373,"I-94, EXIT 295",Waukesha,WI,444,3.45733333,43.0484855,-88.2582895
67365,KWIK TRIP #491,US-151,Manitowoc,WI,582,3.38233333,44.0734297,-87.6998788
67366,KWIK TRIP #499,"I-43, EXIT 57",New Berlin,WI,444,3.49066666,42.9449631,-88.1102240
67367,KWIK TRIP #757,US-14/US-61/SR-27,Viroqua,WI,515,3.359,43.5504415,-90.8883801
67368,KWIK TRIP #653,"I-39, EXIT 87 & US-51/SR-16",Portage,WI,420,3.274,43.5343467,-89.4423761
67369,KENOSHA TRAVEL PLAZA,"I-94, EXIT 340/US-41 & SR-142",Kenosha,WI,444,3.719,42.5846773,-87.8212263
67370,CIRCLE M #43,US-441/US-23/SR-15,Rabun Gap                               ,GA,30,3.549,34.9572143,-83.3864536
67371,PARAMOUNT TRAVEL PLAZA,"I-30, EXIT 46 & SR-19",Prescott,AR,635,3.379,33.8026107,-93.3810057
67380,MILLERS TRAVEL CENTER,"I-80, EXIT 1",Wendover,UT,835,3.599,40.7374014,-114.0304541
67381,ENMARKET #875,US-78 & US-21,Branchville,SC,195,3.26566666,33.2502124,-80.8166236
67382,CORNER PANTRY TRAVEL PLAZA,SR-79 & SR-40,Hermosa,SD,506,3.299,43.8398670,-103.1913740
67383,FRIENDSHIP FOOD MART #96,SR-101/SR- 2,Sandusky,OH,550,3.529,41.2951563,-83.1555438
67389,COUCHE-TARD,"H-20, EXIT 145",Saint-Liboire,QC,300,4.7303579,,
67389,COUCHE-TARD,"H-20, EXIT 145",Saint-Liboire,QC,300,4.73244636,,
67389,COUCHE-TARD,"H-20, EXIT 145",Saint-Liboire,QC,300,4.7314019,,
67389,COUCHE-TARD,"H-20, EXIT 145",Saint-Liboire,QC,300,4.73383969,,
67389,COUCHE-TARD,"H-20, EXIT 145",Saint-Liboire,QC,300,4.74116815,,
67389,COUCHE-TARD,"H-20, EXIT 145",Saint-Liboire,QC,300,4.74186729,,
67391,SHOEMAKERS SHELL TRAVEL CENTER,I-80 EXIT 395 AT MILE 395,Lincoln,NE,413,3.349,40.8088861,-96.7077751
67393,LOVES TRAVEL STOP #280,"I-10, EXIT 114",Buckeye,AZ,930,3.569,33.3703197,-112.5837760
67394,Circle K #2745133,US-23 & SR-38,Waycross,GA,75,3.399,31.2068214,-82.3378559
67395,KUM & GO #0267,"I-80, EXIT 267 & SR 38",Tipton,IA,380,2.98233333,41.7697016,-91.1281732
67396,Q C MART,US-61 & CR-E63,Welton,IA,270,3.699,41.9080812,-90.5954147
67397,EXPRESS LANE #51,I-80 EXIT 93 ROUTE 71,Ottawa                                  ,IL,290,3.899,41.3516628,-88.8454360
67397,EXPRESS LANE #51,I-80 EXIT 93 ROUTE 71,Ottawa                                  ,IL,290,3.599,41.3516628,-88.8454360
67398,CASEYS #3998,SR-13 & HWY-C,Lowry City                              ,MO,400,3.249,38.1400275,-93.7268774
67400,SPEEDWAY #3547,I-75 & 696,Lima,OH,411,3.499,40.8336427,-83.9577206
67401,QUIKTRIP #973,"I-45, EXIT 272",Hutchins,TX,630,2.88233333,32.6316057,-96.7019872
67402,TA EXPRESS HOT SPRINGS,US-395/US-18 & SR-79,Hot Springs,SD,506,3.299,43.4316460,-103.4743630
67404,Meskwaki Travel Plaza,HIGHWAY 30 E,Tama,IA,486,3.234,41.9988441,-92.6744103
67405,ANTELOPE TRUCK STOP,"I-80, EXIT 386",Burns                                   ,WY,795,3.199,41.1918159,-104.3589070
67406,GETGO #3701,"I-99, EXIT 23",East Freedom                            ,PA,14,4.099,40.3575744,-78.4297365
67408,STOCKTON TRAVEL CENTER,US-20/SR-78,Stockton                                ,IL,520,3.599,42.3574294,-89.9991586
67409,XTRA MART #7025,SR-146,Sutton,MA,175,3.649,42.1499283,-71.7629658
67410,STRIPES #40532,US-83 & US-277,Carrizo Springs,TX,740,3.349,28.5203029,-99.8567789
67411,LOVES TRAVEL STOP #226,"I-25, EXIT 104",Pueblo,CO,803,3.619,38.2639950,-104.6141867
67414,PILOT TRAVEL CENTERS #590,"I-94, EXIT 100",Alexandria,MN,250,3.46566666,45.8835101,-95.3745015
67416,CASEYS #4025,US-61/SR-92,Muscatine                               ,IA,380,3.299,41.4776121,-91.1210053
67417,QUIKTRIP #444,"I-10 EXIT, 139",Phoenix,AZ,930,3.369,33.4228624,-112.1688413
67418,KUM & GO #0080,"US-218/SR-27, EXIT 80 & SR-22",Riverside,IA,380,3.09733333,41.4875242,-91.5539918
67419,LOVES TRAVEL STOP #359,"I-75, EXIT 283",Cartersville,GA,18,3.55566666,34.1652304,-84.7997613
67420,LOVES TRAVEL STOP #369,I-40 EXIT 163 & SR-48,Dickson,TN,460,3.17566666,36.1459327,-87.3480592
67421,LOVES TRAVEL STOP #375,US-79/SR-6 & FM-485,Hearne,TX,670,3.489,30.8788819,-96.5962378
67422,KUM & GO #0137,"I-80, EXIT 237",Tiffin,IA,380,3.099,41.6968957,-91.6657387
67423,FIRELAKE GRAND TRAVEL PLAZA,"I-40, EXIT 178 & SR-102",Shawnee,OK,483,2.899,35.3272928,-96.9253004
67424,FLORIDA 595 TRUCK STOP,"I-595/SR-84, EXIT 9 & US-441",Fort Lauderdale,FL,64,3.769,26.1223084,-80.1433786
67425,LITTLEFIELD EXPRESS #15,"US-67, EXIT 55 & SR-258",Bald Knob,AR,695,3.309,35.3098066,-91.5679114
67426,Spearville Truck Stop,"I-56, 126 RD",Spearville                              ,KS,570,3.46566666,37.8500191,-99.7567932
67427,CASEYS #2907,I-57 & I-62,Charleston,MO,275,3.044,36.9233026,-89.3501172
67428,CONOCO,"I-95, EXIT 12",Carteret                                ,NJ,79,3.499,40.5773266,-74.2282005
67429,7-ELEVEN #40396,"NJTP, EXIT 8A",Monroe Township,NJ,115,3.559,40.3357560,-74.4334464
67431,SPARKYS ONE STOP #32,I-30 & CR 33,Carroll,IA,320,3.23233333,42.0193628,-94.8603350
67432,PILOT TRAVEL CENTERS #471,US-27 & US-17,Haines City,FL,140,3.559,28.1067315,-81.6287423
67432,PILOT TRAVEL CENTER #471,US-27 & US-17,Haines City,FL,140,3.569,28.1178437,-81.6384758
67434,SHELL FOOD MART,"I-35, EXIT 54",Cameron,MO,400,2.99066666,39.7412703,-94.2384482
67435,7 ELEVEN #40122,I-95 MM2,Newark,DE,160,3.459,39.6828358,-75.7515682
67436,7-ELEVEN #40069,"I-81, EXIT 29",Shippensburg,PA,70,3.42233333,40.0507198,-77.5205485
67437,CANDIA FIRST STOP,"SR-101, EXIT 3",Candia                                  ,NH,170,3.899,43.0779160,-71.2772370
67438,LOVES TRAVEL STOP #363,"I-75, EXIT 358 & SR-326",Ocala,FL,225,3.353,29.1871986,-82.1400923
67438,LOVES TRAVEL STOPS #363,"I-75, EXIT 358 & SR-326",Ocala,FL,225,3.329,29.1871986,-82.1400923
67439,LOVES TRAVEL STOPS #380,US-287/SR-114,Rhome,TX,630,3.089,33.0534563,-97.4719662
67439,LOVES TRAVEL STOP #380,US-287/SR-114,Rhome,TX,630,3.161,33.0534563,-97.4719662
67440,PILOT TRAVEL CENTERS #503,"I-79, EXIT 146 & CR-77",Morgantown,WV,165,4.059,39.6296809,-79.9559437
67442,PILOT #4598,I-75 EXIT 56,Niota,TN,285,3.599,35.5453487,-84.5651523
67443,PILOT #4599,"I-24, EXIT 135",Monteagle,TN,285,3.33566666,35.2326853,-85.8254867
67453,PETRO-CANADA,HWY 63 N,Fort Mcmurray                           ,AB,85,3.95368953,,
67453,PETRO-CANADA,HWY 63 N,Fort Mcmurray                           ,AB,85,3.90457465,,
67453,PETRO-CANADA,HWY 63 N,Fort Mcmurray                           ,AB,85,3.90399897,,
67453,PETRO-CANADA,HWY 63 N,Fort Mcmurray                           ,AB,85,3.81157149,,
67453,PETRO-CANADA,HWY 63 N,Fort Mcmurray                           ,AB,85,3.97950166,,
67453,PETRO-CANADA,HWY 63 N,Fort Mcmurray                           ,AB,85,3.8132543,,
67455,PETRO-CANADA,HWY 16 E,Lloydminster                            ,AB,80,3.95078155,35.0288257,-89.8360043
67455,PETRO-CANADA,HWY 16 E,Lloydminster                            ,AB,80,3.95981025,35.0288257,-89.8360043
67455,PETRO-CANADA,HWY 16 E,Lloydminster                            ,AB,80,3.95252583,35.0288257,-89.8360043
67455,PETRO-CANADA,HWY 16 E,Lloydminster                            ,AB,80,3.96039416,35.0288257,-89.8360043
67459,PETRO-CANADA,HWY 43,Valleyview                              ,AB,80,3.95078155,39.9648763,-83.0729177
67459,PETRO-CANADA,HWY 43,Valleyview                              ,AB,80,3.67317193,39.9648763,-83.0729177
67459,PETRO-CANADA,HWY 43,Valleyview                              ,AB,80,3.95981025,39.9648763,-83.0729177
67459,PETRO-CANADA,HWY 43,Valleyview                              ,AB,80,3.67506448,39.9648763,-83.0729177
67459,PETRO-CANADA,HWY 43,Valleyview                              ,AB,80,3.95252583,39.9648763,-83.0729177
67459,PETRO-CANADA,HWY 43,Valleyview                              ,AB,80,3.96039416,39.9648763,-83.0729177
67460,PETRO-CANADA,HWY 1,Abbotsford                              ,BC,800,4.22920168,44.9471087,-90.3194786
67460,PETRO-CANADA,HWY 1,Abbotsford                              ,BC,800,4.23949171,44.9471087,-90.3194786
67460,PETRO-CANADA,HWY 1,Abbotsford                              ,BC,800,4.09933844,44.9471087,-90.3194786
67460,PETRO-CANADA,HWY 1,Abbotsford                              ,BC,800,4.23106887,44.9471087,-90.3194786
67463,PETRO-CANADA,"HWY 1, EXIT 109 N",Chilliwack                              ,BC,800,4.32322097,29.5085103,-98.6581942
67463,PETRO-CANADA,"HWY 1, EXIT 109 N",Chilliwack                              ,BC,800,4.25798323,29.5085103,-98.6581942
67463,PETRO-CANADA,"HWY 1, EXIT 109 N",Chilliwack                              ,BC,800,4.00941454,29.5085103,-98.6581942
67463,PETRO-CANADA,"HWY 1, EXIT 109 N",Chilliwack                              ,BC,800,4.3504892,29.5085103,-98.6581942
67463,PETRO-CANADA,"HWY 1, EXIT 109 N",Chilliwack                              ,BC,800,4.25704369,29.5085103,-98.6581942
67463,PETRO-CANADA,"HWY 1, EXIT 109 N",Chilliwack                              ,BC,800,4.31463179,29.5085103,-98.6581942
67469,PETRO-CANADA,HWY 1 N,Brandon                                 ,MB,900,3.56361446,32.2731475,-89.9868058
67469,PETRO-CANADA,HWY 1 N,Brandon                                 ,MB,900,3.73711612,32.2731475,-89.9868058
67469,PETRO-CANADA,HWY 1 N,Brandon                                 ,MB,900,3.70020344,32.2731475,-89.9868058
67469,PETRO-CANADA,HWY 1 N,Brandon                                 ,MB,900,3.72969139,32.2731475,-89.9868058
67469,PETRO-CANADA,HWY 1 N,Brandon                                 ,MB,900,3.64532377,32.2731475,-89.9868058
67469,PETRO-CANADA,HWY 1 N,Brandon                                 ,MB,900,3.73656513,32.2731475,-89.9868058
67476,PETRO-CANADA,"HWY 401, EXIT 275 N",Kitchener                               ,ON,430,3.39394131,,
67476,PETRO-CANADA,"HWY 401, EXIT 275 N",Kitchener                               ,ON,430,3.39543974,,
67476,PETRO-CANADA,"HWY 401, EXIT 275 N",Kitchener                               ,ON,430,3.34071441,,
67476,PETRO-CANADA,"HWY 401, EXIT 275 N",Kitchener                               ,ON,430,3.33899404,,
67476,PETRO-CANADA,"HWY 401, EXIT 275 N",Kitchener                               ,ON,430,3.40169746,,
67476,PETRO-CANADA,"HWY 401, EXIT 275 N",Kitchener                               ,ON,430,3.43010883,,
67477,PETRO-CANADA,HWY 7 N,Brampton                                ,ON,720,3.44962533,39.2207900,-87.3850205
67477,PETRO-CANADA,HWY 7 N,Brampton                                ,ON,720,3.64532377,39.2207900,-87.3850205
67477,PETRO-CANADA,HWY 7 N,Brampton                                ,ON,720,3.48541438,39.2207900,-87.3850205
67477,PETRO-CANADA,HWY 7 N,Brampton                                ,ON,720,3.67398278,39.2207900,-87.3850205
67477,PETRO-CANADA,HWY 7 N,Brampton                                ,ON,720,3.70920637,39.2207900,-87.3850205
67477,PETRO-CANADA,HWY 7 N,Brampton                                ,ON,720,3.39643942,39.2207900,-87.3850205
67478,PETRO-CANADA,HWY 601 N,Dryden                                  ,ON,900,4.06394305,31.4371790,-92.4008360
67478,PETRO-CANADA,HWY 601 N,Dryden                                  ,ON,900,3.98155204,31.4371790,-92.4008360
67478,PETRO-CANADA,HWY 601 N,Dryden                                  ,ON,900,4.07143281,31.4371790,-92.4008360
67478,PETRO-CANADA,HWY 601 N,Dryden                                  ,ON,900,4.0621496,31.4371790,-92.4008360
67478,PETRO-CANADA,HWY 601 N,Dryden                                  ,ON,900,4.07203318,31.4371790,-92.4008360
67478,PETRO-CANADA,HWY 601 N,Dryden                                  ,ON,900,3.97950166,31.4371790,-92.4008360
67484,PETRO-CANADA,HWY 1 & HWY 207,Dugald                                  ,MB,900,3.56361446,32.7191162,-96.7868971
67484,PETRO-CANADA,HWY 1 & HWY 207,Dugald                                  ,MB,900,3.73711612,32.7191162,-96.7868971
67484,PETRO-CANADA,HWY 1 & HWY 207,Dugald                                  ,MB,900,3.56099338,32.7191162,-96.7868971
67484,PETRO-CANADA,HWY 1 & HWY 207,Dugald                                  ,MB,900,3.5617793,32.7191162,-96.7868971
67484,PETRO-CANADA,HWY 1 & HWY 207,Dugald                                  ,MB,900,3.72969139,32.7191162,-96.7868971
67484,PETRO-CANADA,HWY 1 & HWY 207,Dugald                                  ,MB,900,3.73656513,32.7191162,-96.7868971
67500,PETRO-CANADA,HWY 63,Fort Mcmurray                           ,AB,85,4.18305536,,
67500,PETRO-CANADA,HWY 63,Fort Mcmurray                           ,AB,85,4.06304613,,
67500,PETRO-CANADA,HWY 63,Fort Mcmurray                           ,AB,85,4.0621496,,
67500,PETRO-CANADA,HWY 63,Fort Mcmurray                           ,AB,85,3.90457465,,
67500,PETRO-CANADA,HWY 63,Fort Mcmurray                           ,AB,85,4.06394305,,
67500,PETRO-CANADA,HWY 63,Fort Mcmurray                           ,AB,85,3.98155204,,
67503,PETRO-CANADA,HWY-43,Grande Prairie                          ,AB,80,3.67317193,42.5978341,-98.4437165
67503,PETRO-CANADA,HWY-43,Grande Prairie                          ,AB,80,3.93248441,42.5978341,-98.4437165
67503,PETRO-CANADA,HWY-43,Grande Prairie                          ,AB,80,3.67506448,42.5978341,-98.4437165
67503,PETRO-CANADA,HWY-43,Grande Prairie                          ,AB,80,3.87609333,42.5978341,-98.4437165
67506,PETRO-CANADA,"HWY 2, EXIT 268",Calgary,AB,50,4.01621367,31.6174004,-94.1193622
67506,PETRO-CANADA,"HWY 2, EXIT 268",Calgary,AB,50,4.07143281,31.6174004,-94.1193622
67506,PETRO-CANADA,"HWY 2, EXIT 268",Calgary,AB,50,3.87010202,31.6174004,-94.1193622
67506,PETRO-CANADA,"HWY 2, EXIT 268",Calgary,AB,50,3.86810903,31.6174004,-94.1193622
67506,PETRO-CANADA,"HWY 2, EXIT 268",Calgary,AB,50,4.00823444,31.6174004,-94.1193622
67506,PETRO-CANADA,"HWY 2, EXIT 268",Calgary,AB,50,3.86725552,31.6174004,-94.1193622
67508,PETRO-CANADA,HWY-15 ,Fort Saskatchewan                       ,AB,80,3.72804545,,
67508,PETRO-CANADA,HWY-15 ,Fort Saskatchewan                       ,AB,80,3.56361446,,
67508,PETRO-CANADA,HWY-15 ,Fort Saskatchewan                       ,AB,80,3.93248441,,
67508,PETRO-CANADA,HWY-15 ,Fort Saskatchewan                       ,AB,80,3.95981025,,
67508,PETRO-CANADA,HWY-15 ,Fort Saskatchewan                       ,AB,80,3.86810903,,
67508,PETRO-CANADA,HWY-15 ,Fort Saskatchewan                       ,AB,80,3.92467152,,
67540,PETRO-CANADA,"HWY-97, SMITH AVE EXIT",Quesnel                                 ,BC,850,4.59114784,32.2518919,-110.8172811
67540,PETRO-CANADA,"HWY-97, SMITH AVE EXIT",Quesnel                                 ,BC,850,4.45521463,32.2518919,-110.8172811
67540,PETRO-CANADA,"HWY-97, SMITH AVE EXIT",Quesnel                                 ,BC,850,4.60231851,32.2518919,-110.8172811
67540,PETRO-CANADA,"HWY-97, SMITH AVE EXIT",Quesnel                                 ,BC,850,4.45292033,32.2518919,-110.8172811
67540,PETRO-CANADA,"HWY-97, SMITH AVE EXIT",Quesnel                                 ,BC,850,4.59317483,32.2518919,-110.8172811
67540,PETRO-CANADA,"HWY-97, SMITH AVE EXIT",Quesnel                                 ,BC,850,4.60163996,32.2518919,-110.8172811
67543,PETRO-CANADA,HWY 97,Fort St John,BC,850,4.64888344,30.3067654,-90.9196768
67543,PETRO-CANADA,HWY 97,Fort St John,BC,850,4.23231459,30.3067654,-90.9196768
67543,PETRO-CANADA,HWY 97,Fort St John,BC,850,4.43420612,30.3067654,-90.9196768
67543,PETRO-CANADA,HWY 97,Fort St John,BC,850,4.23013507,30.3067654,-90.9196768
67543,PETRO-CANADA,HWY 97,Fort St John,BC,850,4.22920168,30.3067654,-90.9196768
67543,PETRO-CANADA,HWY 97,Fort St John,BC,850,4.35113072,30.3067654,-90.9196768
67550,PETRO-CANADA,QEW EXIT 88/89,Hamilton                                ,ON,430,3.65338686,40.0749813,-86.0498885
67550,PETRO-CANADA,QEW EXIT 88/89,Hamilton                                ,ON,430,3.61747561,40.0749813,-86.0498885
67550,PETRO-CANADA,QEW EXIT 88/89,Hamilton                                ,ON,430,3.65284821,40.0749813,-86.0498885
67550,PETRO-CANADA,QEW EXIT 88/89,Hamilton                                ,ON,430,3.61933947,40.0749813,-86.0498885
67550,PETRO-CANADA,QEW EXIT 88/89,Hamilton                                ,ON,430,3.64612848,40.0749813,-86.0498885
67550,PETRO-CANADA,QEW EXIT 88/89,Hamilton                                ,ON,430,3.58883539,40.0749813,-86.0498885
67556,PETRO-CANADA,"HWY 401, EXIT 611",Kingston                                ,ON,410,3.7575457,39.3789387,-85.3883005
67556,PETRO-CANADA,"HWY 401, EXIT 611",Kingston                                ,ON,410,3.7567164,39.3789387,-85.3883005
67556,PETRO-CANADA,"HWY 401, EXIT 611",Kingston                                ,ON,410,3.82028205,39.3789387,-85.3883005
67556,PETRO-CANADA,"HWY 401, EXIT 611",Kingston                                ,ON,410,3.75588747,39.3789387,-85.3883005
67556,PETRO-CANADA,"HWY 401, EXIT 611",Kingston                                ,ON,410,3.48002694,39.3789387,-85.3883005
67556,PETRO-CANADA,"HWY 401, EXIT 611",Kingston                                ,ON,410,3.76502588,39.3789387,-85.3883005
67560,PETRO-CANADA,"HWY-401, EXIT 320 & HWY-8",Milton                                  ,ON,970,3.39394131,39.7881021,-85.1552424
67560,PETRO-CANADA,"HWY-401, EXIT 320 & HWY-8",Milton                                  ,ON,970,3.39643942,39.7881021,-85.1552424
67560,PETRO-CANADA,"HWY-401, EXIT 320 & HWY-8",Milton                                  ,ON,970,3.45801858,39.7881021,-85.1552424
67560,PETRO-CANADA,"HWY-401, EXIT 320 & HWY-8",Milton                                  ,ON,970,3.45114834,39.7881021,-85.1552424
67560,PETRO-CANADA,"HWY-401, EXIT 320 & HWY-8",Milton                                  ,ON,970,3.45750874,39.7881021,-85.1552424
67560,PETRO-CANADA,"HWY-401, EXIT 320 & HWY-8",Milton                                  ,ON,970,3.39469036,39.7881021,-85.1552424
67566,CIRCLE K,"HWYY 407, EXIT 48",Mississauga,ON,720,3.31798054,,
67566,CIRCLE K,"HWYY 407, EXIT 48",Mississauga,ON,720,3.22688923,,
67566,CIRCLE K,"HWYY 407, EXIT 48",Mississauga,ON,720,3.2571269,,
67566,CIRCLE K,"HWYY 407, EXIT 48",Mississauga,ON,720,3.23474054,,
67566,CIRCLE K,"HWYY 407, EXIT 48",Mississauga,ON,720,3.22760141,,
67566,CIRCLE K,"HWYY 407, EXIT 48",Mississauga,ON,720,3.22831391,,
67568,PETRO-CANADA,"HWY 403, EXIT 109",Burlington                              ,ON,970,3.31041527,40.4803144,-86.3947188
67568,PETRO-CANADA,"HWY 403, EXIT 109",Burlington                              ,ON,970,3.31114588,40.4803144,-86.3947188
67568,PETRO-CANADA,"HWY 403, EXIT 109",Burlington                              ,ON,970,3.31846981,40.4803144,-86.3947188
67568,PETRO-CANADA,"HWY 403, EXIT 109",Burlington                              ,ON,970,3.31285191,40.4803144,-86.3947188
67568,PETRO-CANADA,"HWY 403, EXIT 109",Burlington                              ,ON,970,3.31187682,40.4803144,-86.3947188
67570,PETRO-CANADA,"HWY-401, EXIT 328 & HWY-3",Hornby,ON,970,3.39543974,38.0963780,-87.4950333
67570,PETRO-CANADA,"HWY-401, EXIT 328 & HWY-3",Hornby,ON,970,3.33899404,38.0963780,-87.4950333
67570,PETRO-CANADA,"HWY-401, EXIT 328 & HWY-3",Hornby,ON,970,3.58883539,38.0963780,-87.4950333
67570,PETRO-CANADA,"HWY-401, EXIT 328 & HWY-3",Hornby,ON,970,3.34071441,38.0963780,-87.4950333
67570,PETRO-CANADA,"HWY-401, EXIT 328 & HWY-3",Hornby,ON,970,3.43010883,38.0963780,-87.4950333
67570,PETRO-CANADA,"HWY-401, EXIT 328 & HWY-3",Hornby,ON,970,3.4296031,38.0963780,-87.4950333
67571,PETRO-CANADA,"HWY 401, EXIT 14",Windsor,ON,620,3.37379182,40.1544887,-85.2127456
67571,PETRO-CANADA,"HWY 401, EXIT 14",Windsor,ON,620,3.40219907,40.1544887,-85.2127456
67571,PETRO-CANADA,"HWY 401, EXIT 14",Windsor,ON,620,3.36609929,40.1544887,-85.2127456
67571,PETRO-CANADA,"HWY 401, EXIT 14",Windsor,ON,620,3.53471126,40.1544887,-85.2127456
67571,PETRO-CANADA,"HWY 401, EXIT 14",Windsor,ON,620,3.45216443,40.1544887,-85.2127456
67571,PETRO-CANADA,"HWY 401, EXIT 14",Windsor,ON,620,3.31114588,40.1544887,-85.2127456
67603,FLYING J #862,"HWY 401, EXIT 268",Ayr,ON,200,4.45390331,40.9521946,-87.3000728
67603,FLYING J #862,"HWY 401, EXIT 268",Ayr,ON,200,4.46276974,40.9521946,-87.3000728
67603,FLYING J #862,"HWY 401, EXIT 268",Ayr,ON,200,4.45292033,40.9521946,-87.3000728
67603,FLYING J #862,"HWY 401, EXIT 268",Ayr,ON,200,4.45193778,40.9521946,-87.3000728
67603,FLYING J #862,"HWY 401, EXIT 268",Ayr,ON,200,4.46211176,40.9521946,-87.3000728
67603,FLYING J #862,"HWY 401, EXIT 268",Ayr,ON,200,4.45521463,40.9521946,-87.3000728
67612,FLYING J TRAVEL PLAZA #914- TOWN PUMP,"I-90, EXIT 96 & US-93/SR-200",Missoula,MT,820,3.609,46.8701049,-113.9952670
67613,KWIK STAR #490,"US-20, EXIT 225 & SR-27/SR-58",Cedar Falls,IA,565,3.524,42.4704495,-92.4471727
67614,KWIK TRIP #622,US-14 & CR-5,Byron,MN,515,3.574,44.0298556,-92.6312937
67615,KWIK TRIP #844,US-63,Lake City,MN,515,3.549,44.4497562,-92.2677706
67616,KWIK TRIP #887,"US-41, EXIT 139 & SR-15",Appleton,WI,582,3.30233333,44.2888420,-88.4778639
67617,Twice Daily Convenience Store #8046,"I-24, EXIT 31 & SR-249",Joelton,TN,460,3.349,36.3131076,-86.8652772
67618,7-ELEVEN #40441,I-80 MM 21E,West Unity,OH,550,3.66233333,41.5861620,-84.4349491
67619,7-ELEVEN #40442,"I-80, MM 21W",West Unity,OH,550,3.66233333,41.5861620,-84.4349491
67620,LOVES TRAVEL STOP #452,"I-35, EXIT 70",Pauls Valley,OK,253,3.649,34.7392055,-97.2185090
67621,FLYING J TRAVEL PLAZA #925- TOWN PUMP,"I-15, EXIT 277",Great Falls,MT,815,3.63566666,47.5048851,-111.2918900
67622,LOVES TRAVEL STOP #454,"I-5/US-12, EXIT 72",Chehalis,WA,977,4.589,46.6599653,-122.9634320
67623,LOVES TRAVEL STOP #301,"I-90, EXIT 2",Post Falls,ID,970,3.74566666,47.7110106,-116.9480877
67624,LOVES TRAVEL STOP #300,I-70 EXIT 304,Bennett,CO,800,3.32566666,39.7460200,-104.4431973
67625,LOVES TRAVEL STOP #453,"I-10, EXIT 130 & US-231",Cottondale,FL,20,3.553,30.7971363,-85.3765965
67625,LOVES TRAVEL STOPS #453,"I-10, EXIT 130 & US-231",Cottondale,FL,20,3.589,30.7971363,-85.3765965
67626,KWIK TRIP #316,SR-15 N/SR-22 E,Hutchinson,MN,451,3.279,44.8700636,-94.3741466
67627,PILOT #4556,"I-75, EXIT 329",Wildwood,FL,225,3.22566666,28.8741292,-82.0902952
67627,PILOT TRAVEL CENTER #4556,"I-75, EXIT 329",Wildwood,FL,225,3.319,28.8652860,-82.0394286
67628,LOVES TRAVEL STOP #394,"I-65,EXIT 230",Demotte,IN,365,3.51233333,41.1950369,-87.1986403
67629,KWIK TRIP #681,"I-94, EXIT 205",Saint Michael,MN,451,3.29733333,45.2176946,-93.5978483
67630,KWIK TRIP #630,US-151/SR-32/SR-57,Chilton,WI,582,3.36566666,44.0289440,-88.1628151
67634,54 TRUCK STOP,US-54,Mullinville                             ,KS,357,3.46566666,37.5861307,-99.4756740
67635,LOVES TRAVEL STOP #456,I-280 EXIT 1B,Perrysburg,OH,550,3.76066666,41.5571178,-83.6279321
67636,LOVES TRAVEL STOPS #258,"I-35, EXIT 183",Ottawa,KS,336,3.239,39.1273653,-97.6568094
67636,LOVES TRAVEL STOP #258,"I-35, EXIT 183",Ottawa,KS,336,3.263,39.1273653,-97.6568094
67637,Power Gas & Truck Stop,US-1/US-9/US-46 & SR-5,Palisades Park                          ,NJ,115,3.219,40.8481556,-73.9976390
67641,DANIEL BOONE TRAVEL CENTER,US-23 /US-421/US-58 & SR-871,Duffield,VA,405,3.55733333,36.7117630,-82.7932940
67642,GO MART FOOD STORE #103,SR-16 & CR 50/39,Ellenboro                               ,WV,44,3.699,39.2645232,-81.0562217
67643,QUALITY MART #62,I-77 EXIT 82,Jonesville,NC,65,2.859,36.2393013,-80.8445152
67644,PARKERS #31 (DISCOUNT AVAILABLE),US-80/SR-26 & US-280,Ellabell,GA,195,3.03233333,32.1235368,-81.4856673
67645,CIRCLE K #2721416,US-441 & SR-20,Gainesville,FL,75,3.899,29.6394044,-82.3986305
67647,BUCHS TRUCK STOP,SR-7,Steubenville                            ,OH,542,3.69233333,40.3600714,-80.6151034
67650,VIRGINIA FAST STOP,SR-78 & SR-125,Virginia,IL,318,3.759,39.9511595,-90.2123427
67651,SIMMONS,US-60/SR-21,Ellsinore,MO,275,3.424,36.9342189,-90.7467876
67652,ON THE GO TRAVEL CENTER,"I-435, EXIT 8",Kansas City,KS,400,3.999,39.1134562,-94.6264970
67655,CIRCLE K #2706627,"I-10, EXIT 261",Slidell,LA,725,3.189,30.3107175,-89.7649367
67656,KWIK TRIP #888,US-10/US-49 & SR-54,Waupaca,WI,395,3.45733333,44.4020457,-88.7427465
67657,KWIK TRIP #463,US-52/SR-60,Zumbrota,MN,515,3.524,44.2828475,-92.6678321
67658,MIRABITO #41,I-81 EXIT 13,Tully                                   ,NY,12,4.299,42.7981230,-76.1093696
67664,CEFCO #16,SR-171,Godley,TX,637,2.98233333,32.4490290,-97.5266886
67665,ALL STAR,US-75 N,Sabetha                                 ,KS,553,3.499,39.9034278,-95.8018257
67666,5 STAR TRUCK STOP,"I-44, EXIT 137",Oklahoma City,OK,483,2.879,35.4729886,-97.5170536
67668,ADVENTURE TRUCK PLAZA,SR-3185 & SR-3107,Thibodaux,LA,623,3.399,29.7957633,-90.8228710
67669,ONE9 #1271,SR-86,Thermal,CA,900,4.299,33.6275782,-116.1250453
67669,CHEVRON DBA ONE9 #1271,SR-86,Thermal,CA,900,4.259,33.6275782,-116.1250453
67676,VALERO,"I-530/US-65, EXIT 34 & SR-365",White Hall,AR,695,3.16566666,34.2752744,-92.0917001
67677,BIGGAS TRUCK STOP,US-190/SR-6 & FM-2818,Bryan,TX,670,3.199,30.6743643,-96.3699632
67678,7-ELEVEN #40301,I-90/I-80,Genoa,OH,550,3.66233333,41.5181064,-83.3590940
67682,CASEYS #2739,1323 E MAIN ST,Beloit,KS,336,3.359,39.4586840,-98.1082820
67683,CASEYS #2734,"I-80, EXIT 222",Cozad,NE,330,3.03233333,40.8595822,-99.9858546
67684,CASEYS #2490,"I-35, EXIT 124 & US-69",Story City,IA,320,3.06233333,42.1872062,-93.5957713
67685,CASEYS #2792,"I-380/US-218, EXIT 13",Cedar Rapids,IA,380,3.499,41.9704200,-91.6767907
67686,CASEYS #2956,"I-315/US-81, EXIT 40",Hesston,KS,570,3.199,38.1385315,-97.4314857
67690,CEFCO #64,ST RT 14,Mexia,TX,765,3.099,31.6816183,-96.4783677
67695,MOREHEAD TRUCKSTOP,"I-64, EXIT 133 & SR- 801",Morehead,KY,255,3.599,38.1839705,-83.4326841
67697,FLORENCE TRAVEL PLAZA,"I-95, EXIT 150",Timmonsville                            ,SC,42,3.999,34.1348782,-79.9397885
67698,FRONTIER TRAVEL CENTER,US-12 & US-85,Bowman,ND,807,3.53233333,46.1770989,-103.4063847
67699,GAP FARMS TRAVEL CENTER,"I-20, EXIT 69 & SR-151",Arcadia                                 ,LA,590,3.249,32.5489683,-92.9217754
67701,MARATHON,"I-94, EXIT 331",Casselton,ND,341,3.31566666,46.8759625,-97.2099267
67702,SPEEDWAY #6539,US-41/SR-45 & SR-52,Land O Lakes,FL,225,3.49566666,28.3209893,-82.5026712
67703,SPEEDWAY #6880,CR-611,Clearwater,FL,225,3.37733333,27.8860496,-82.7010314
67705,CITGO,US-1,North Brunswick,NJ,115,3.18566666,40.4317102,-74.5149011
67706,SPEEDWAY #3495,US-1/9,Elizabeth,NJ,115,3.599,40.6745763,-74.1984938
67707,SPEEDWAY #3503,"I-95, EXIT 13 & I-278/US-1/US-9",Linden,NJ,115,3.429,40.6324194,-74.2383122
67711,HOUMA COTEAU TRAVEL PLAZA,I-90/SR-20,Houma                                   ,LA,725,3.06233333,29.5957696,-90.7195348
67712,CASEYS #3810,"I-29, EXIT 132 & US-14",Volga,SD,530,3.279,44.3235800,-96.9264480
67715,HUTCH'S #109,"I-40, EXIT 38",Elk City                                ,OK,483,2.969,35.4082212,-99.3801673
67716,HWY 19 SCALE,"SR-19/I-35, EXIT 66",Gaylord                                 ,MN,425,3.46566666,44.5530201,-94.2205310
67718,SUNSTOP #622,SR-52 & SR-167,Hartford,AL,715,3.599,31.1019671,-85.6977651
67720,REFUEL #1046,"I-20, EXIT 116 & US-15",Bishopville,SC,42,3.309,34.2182107,-80.2484056
67721,J AND D COUNTRYSIDE MARTHON,SR-76 & SR-173,Poplar Grove                            ,IL,520,3.499,42.3683522,-88.8220470
67723,JET FOOD STORE #80,US-221/SR-135 & SR-206,Douglas                                 ,GA,10,3.45733333,33.6995565,-84.7622973
67724,LOVES TRAVEL STOP #458,"I-44, EXIT 88",Strafford,MO,416,3.37233333,37.2683803,-93.1171264
67726,SPEEDWAY #7909,"US-264, EXIT 73",Greenville,NC,205,3.13233333,35.6069444,-77.4301890
67727,SPEEDWAY #7907,US-264 & SR-33,Greenville,NC,205,2.944,35.6265245,-77.3282956
67728,SPEEDWAY #7905,SR-43 & SR-118,Vanceboro,NC,205,3.37566666,35.3115277,-77.1599727
67729,SPEEDWAY #6981,US-301 BYP,Rocky Mount,NC,177,3.43233333,35.9782467,-77.7899256
67732,Quik Pik,US-275 & SR-9,West Point,NE,470,3.21566666,41.8581053,-96.7091049
67734,TROTTER TRUCK PLAZA,ST 11,Ord,NE,330,3.299,41.6033379,-98.9262134
67735,Fast Fuel,US-81/SR-3,Kingfisher,OK,483,3.19066666,35.9471931,-97.9641244
67736,SPEEDWAY #9855,I-10 EXIT 49,Fabens,TX,640,3.23566666,31.5181965,-106.1325268
67738,SUPER JACK TRUCK STOP,US-84,Brookhaven,MS,620,3.11566666,31.5790667,-90.4407122
67739,STRIPES #40819,SR-359,Orange Grove,TX,625,3.06566666,27.9566843,-97.9369447
67742,STRIPES 7FLEET #42514,"I-20, EXIT 138",Midland,TX,710,3.459,31.8368800,-102.0103767
67743,STRIPES 7FLEET #42506,US-380 & US-277,Haskell,TX,575,3.539,33.1542164,-99.7199972
67744,STRIPES #40715,SR-107,La Villa,TX,639,3.169,26.2936618,-97.9292509
67745,STRIPES #40628,"I-2, EXIT 134 & US-83",Mission,TX,639,3.259,26.2098807,-98.2856002
67746,STRIPES #40598,I-2/US-83,Mission,TX,639,2.869,26.2098807,-98.2856002
67747,STRIPES 7FLEET #42424,US-87/US-190,Brady,TX,740,3.599,31.1316876,-99.3348678
67748,STRIPES 7FLEET #42428,"I-20 EXIT, 115",Odessa,TX,710,3.069,31.8457149,-102.3676870
67749,STRIPES 7FLEET #42436,I-20 EXIT 134,Midland,TX,612,3.06566666,31.8368800,-102.0103767
67750,STRIPES #40729,FM-511 & FM-802,Brownsville,TX,598,2.999,25.9165959,-97.4076260
67753,STRIPES #40892,SR-359 & SR-16,Hebbronville,TX,625,3.28566666,27.3122363,-98.6787668
67754,Refuel #185,US-220,Stokesdale,NC,65,3.699,36.2372048,-79.9793529
67755,BLUE WATER #12,"I-526, EXIT 23",Charleston,SC,42,3.23233333,32.7884363,-79.9399309
67757,KEITH'S SUPERSTORE,"I-59, I-20, EXIT 160",Meridian,MS,705,3.049,32.3643098,-88.7036560
67758,CLARKS PUMP N SHOP #47,SR-10/SR-9,Vanceburg,KY,312,3.599,38.5992430,-83.3187952
67762,CEFCO #2008,US-83/US-62 & US-287,Childress,TX,770,2.91566666,34.4352998,-100.2265302
67763,SHELL,US-72,Mount Pleasant,MS,435,3.399,34.9559261,-89.5159118
67764,NINNEKAH TRUCK STOP,US-277/US-81 & SR-19,Ninnekah,OK,483,3.229,34.9478454,-97.9239308
67766,STOP IN Food Store #8143,US-221/US-460 & SR-607,Montvale,VA,185,3.36566666,37.3854295,-79.7208859
67768,SHELL,US-60 & SR-657,Lewisport,KY,487,3.499,37.9228528,-86.8956040
67769,PETRO-CANADA,HWY 1,Whitehorse,YT,503,4.00823444,,
67769,PETRO-CANADA,HWY 1,Whitehorse,YT,503,4.01562153,,
67769,PETRO-CANADA,HWY 1,Whitehorse,YT,503,4.01621367,,
67769,PETRO-CANADA,HWY 1,Whitehorse,YT,503,4.00734981,,
67769,PETRO-CANADA,HWY 1,Whitehorse,YT,503,4.00646558,,
67769,PETRO-CANADA,HWY 1,Whitehorse,YT,503,3.92582703,,
67771,DUCK THRU FOOD STORE #26,"I-95, EXIT 154 & SR-308 & SR-11/SR-42",Lewiston Woodville                      ,NC,177,3.399,36.1229347,-77.1766291
67772,STEVES SHELL,"I-55, EXIT 42",Brookhaven                              ,MS,620,3.199,31.5790667,-90.4407122
67774,7-ELEVEN #39329,I-278/US-1,Linden,NJ,79,3.37566666,40.6220478,-74.2445902
67777,CIRCLE K #2721270,"I-95, EXIT 358B, SR-105",Jacksonville,FL,75,3.34233333,30.4816652,-81.6481757
67779,REATA PETROLEUM,I-76 & BARLOW RD,Fort Morgan                             ,CO,800,3.439,40.2502582,-103.7999510
67782,SAMS MART #45,"I-40, EXIT 24 & SR-209",Waynesville,NC,405,3.599,35.4887476,-82.9888725
67783,RUTTERS #4,US-30 & SR-1016/2011,Wrightsville                            ,PA,70,3.989,40.0266809,-76.5334387
67784,HAVANA CONVENIENCE,US-136,Havana                                  ,IL,368,3.799,40.3014316,-90.0633625
67787,PWI #109,"I-20, EXIT 126",Midland,TX,710,2.999,31.8368800,-102.0103767
67789,BEAR RIVER VALLEY CO OP,SR-13/SR-83,Corinne                                 ,UT,835,3.419,41.5498576,-112.1107160
67791,KINGSPORT TRUCK STOP,"I-81, EXIT 63",Kingsport,TN,405,3.899,36.5502380,-82.5594293
67792,CUBBYS #113,US-20/US-275,Oneill                                  ,NE,470,3.22566666,41.4140173,-72.8257044
67793,PILOT TRAVEL CENTER #131,"I-35, EXIT 34",Osceola                                 ,IA,320,3.459,41.0406811,-93.7949516
67793,PILOT TRAVEL CENTERS #131,"I-35, EXIT 34",Osceola                                 ,IA,320,3.439,43.3684613,-95.6299944
67794,ROAD RANGER #181,"I-55, EXIT 90",Springfield,IL,318,3.299,39.7129603,-89.6491688
67794,ROAD RANGER #181,"I-55, EXIT 90",Springfield,IL,318,3.399,39.7129603,-89.6491688
67794,ROAD RANGER #181,"I-55, EXIT 90",Springfield,IL,318,3.409,39.7129603,-89.6491688
67795,ROAD RANGER #263,"I-80, EXIT 93",Ottawa,IL,520,3.219,41.3789868,-88.7763991
67795,ROAD RANGER #263,"I-80, EXIT 93",Ottawa,IL,520,3.239,41.3789868,-88.7763991
67795,ROAD RANGER #263,"I-80, EXIT 93",Ottawa,IL,520,3.399,41.3789868,-88.7763991
67795,ROAD RANGER #263,"I-80, EXIT 93",Ottawa,IL,520,3.339,41.3789868,-88.7763991
67797,CHEVRON,US-71 & SR-179,Coushatta                               ,LA,745,3.15566666,32.0148834,-93.3421165
67798,SUNSTOP #631,SR-231/SR-53 & SR-123,Ozark,AL,20,3.599,31.4584764,-85.6405865
67801,SUNOCO,"I-275, EXIT 42/SR-747",Cincinnati                              ,OH,407,3.099,39.1836056,-84.4239503
67804,SUNSTOP #616,US-84/SR-134 & CR-1,Daleville,AL,20,3.399,31.3101719,-85.7129908
67806,84 QUICK STOP,I-84,Brookhaven                              ,MS,620,3.149,31.5790667,-90.4407122
67811,QUICK FUEL #5301,SR-360,Grand Prairie,TX,637,3.024,32.7849948,-97.0619852
67813,LEROY TRUCK PLAZA,"I-74, EXIT 149",Le Roy,IL,280,3.479,40.3519795,-88.7642370
67815,LOVES TRAVEL STOP #254,"I-70, EXIT 59 & SR-39",Mooresville,IN,375,3.929,39.6128243,-86.3741600
67818,LOVES TRAVEL STOP #457,"I-30/US-67/US-70, EXIT 128",Little Rock,AR,695,3.24233333,34.7465071,-92.2896267
67819,BREW #31,US-71/US-18,Spencer,IA,440,3.46566666,43.1415519,-95.1477536
67820,CIRCLE K #2723487,US-17 & SR-211,Supply,NC,245,3.289,34.0174236,-78.2741538
67821,FAS MART #5261,SR-9 & SR-57,Tollesboro,KY,410,3.35233333,38.5595201,-83.5760258
67822,SPINX #178 (DISCOUNT AVAILABLE),"I-385, EXIT 42 & I-85, EXIT 51B & US-25",Travelers Rest,SC,210,3.19233333,34.9676167,-82.4434548
67823,FLASH MARKET #17032,"I-555/US-63, EXIT 29 & SR-69",Trumann,AR,435,3.40733333,35.6752790,-90.5173690
67824,CIRCLE K #2723641,US-231/SR-87/SR-10/SR-53 & CR-21,Troy,AL,720,3.799,31.7915249,-85.9775257
67826,VALLEN MART,US-14,Volga,SD,566,3.319,44.3235800,-96.9264480
67827,GAS N GO,US-280/SR-27 & SR-520,Richland                                ,GA,10,3.199,32.0869401,-84.6756833
67829,KWIK TRIP #721,SR-19 & SR-73,Marshall,WI,420,3.49733333,43.1693722,-89.0692655
67832,Sprint Mart #45,US-278/US-45,Tupelo,MS,742,3.189,34.2576067,-88.7033859
67833,PETES #05,US-59 & US-400,Parsons,KS,307,3.299,37.3407838,-95.2596295
67835,CIRCLE K #2723782,"I-40, EXIT 38 & US-421",Greensboro,NC,65,3.08233333,36.0877811,-79.7939963
67837,PILOT TRAVEL CENTER #1054,US-183 & SR-21,Buda,TX,740,3.41566666,30.0824750,-97.8417144
67839,EL TIGRE FOOD STORE #13,SR-336,Hidalgo                                 ,TX,639,3.21566666,26.3530256,-98.2164450
67841,CIRCLE K #2723844,US-15/US-501/US-1,Sanford,NC,177,3.049,35.4627938,-79.1501277
67842,CIRCLE K #4707627,"I-81, EXIT 48",Watertown,NY,220,4.099,43.9747838,-75.9107565
67844,UNCLE WILLIES #1288,US-13,Felton,DE,243,3.219,39.0084464,-75.5779807
67846,CEDAR RIVER PLAZA,SR-35,Stephenson,MI,360,3.419,45.4152510,-87.6076160
67847,E Z PICKENS,"US-20, EXIT 275 & SR-13",Manchester,IA,335,3.579,42.4840907,-91.4555379
67848,JEMISON EXXON,"I-65, EXIT 219 & CR-42",Jemison,AL,615,3.299,32.9596424,-86.7452105
67849,KUM & GO #0379,US-412/ US-63 & SR-25,Black Rock,AR,435,3.199,36.1088761,-91.0982824
67850,SMILEYS FUEL CITY,"I-64/I-81, EXIT 205 & SR-206",Raphine,VA,185,3.539,37.9373548,-79.2328102
67854,CircleK #2709341,US-411,Chatsworth,GA,285,3.499,34.7665942,-84.7698842
67855,FAS MART #5262,"I-64, EXIT 94 & SR-1958/SR-2888",Winchester,KY,410,2.90733333,37.9900790,-84.1796503
67859,PILOT #1135,US-281,Falfurrias,TX,639,3.459,27.2116336,-98.1413414
67860,SHELL,"I-55, EXIT 227 & SR-32",Oakland,MS,435,2.999,34.0753120,-89.8957530
67861,CASEYS #4308,US-34,Chariton                                ,IA,320,3.539,41.0147155,-93.3074102
67862,SUNOCO TRUCK STOP,"I-70, EXIT 123 & SR-3",Spiceland,IN,375,3.399,39.8383790,-85.4388608
67865,PILOT TRAVEL CENTER #897,"I-95, EXIT 12B, INTERSECTION OF SR-826 & 817",Opa Locka,FL,95,3.699,25.9023168,-80.2503271
67865,PILOT TRAVEL CENTERS #897,"I-95, EXIT 12B, INTERSECTION OF SR-826 & 817",Opa Locka,FL,95,3.699,25.9023168,-80.2503271
67866,QUICK DRAW TRAVEL PLAZA,"I-20, EXIT 49 & SR-531",Minden                                  ,LA,590,3.01233333,32.5824828,-93.2468044
67868,CHEVRON,SR-19,Huntsville                              ,TX,670,2.979,30.7179378,-95.5716368
67871,BASIN MARKET #107,US-40,Vernal,UT,810,3.599,40.3874313,-109.4386944
67872,SMOKIES,US-45,Okolona                                 ,MS,576,3.099,34.0020146,-88.7547357
67874,RUTTERS #56,"I-83, EXIT 39A & SR-114",New Cumberland                          ,PA,70,3.899,40.2284433,-76.8673781
67875,EXXON TIGER MART,"US-67/US-167, EXIT 28 & US-64",Beebe,AR,695,3.299,35.0735738,-91.8863516
67876,KUM & GO #0880,"US-412, EXIT 36",Stillwater,OK,560,2.954,36.1402834,-97.0525179
67877,CIRCLE K #4703701,I-24 EXIT 70,Smyrna,TN,460,3.03233333,35.9321823,-86.5345534
67879,Strike,US-287/96/69 & SR-347,Beaumont,TX,610,3.499,30.0829344,-94.0984277
67883,CASH MAGIC HOLLYWOOD,US-90,Berwick,LA,725,3.399,29.6932795,-91.2234005
67884,ROADRUNNER FUELS,US-550/SR-544,Aztec,NM,614,3.77566666,36.8120110,-107.9990097
67886,MAVERIK #5200,"I-70 BUSINESS, EXIT 25, CR-24",De Beque,CO,800,3.44233333,39.3347752,-108.2152860
67887,AIRLINE CHEVRON,US-61,Kenner                                  ,LA,725,3.099,29.9942265,-90.2417806
67890,KUM & GO #0449,US-60/US-71,Neosho,MO,535,3.05566666,36.8411622,-94.4092825
67892,TURRELL FUEL STOP,"I-55, EXIT 21",Turrell                                 ,AR,435,3.46566666,35.3765218,-90.2568406
67894,CIRCLE K #2705098,US-27 & SR-44,Leesburg,FL,140,3.57233333,32.5367634,-84.9048099
67897,KENT KWIK #273,SR-302 & SR-18,Kermit,TX,710,3.039,31.8480325,-103.0873827
67900,SPRINT FOODS #725,"I-520, EXIT 16/SR-28",Beech Island                            ,SC,135,3.349,33.4280649,-81.8891583
67906,ON THE GO,SR-239,Prescott,KS,400,3.199,38.0636439,-94.6955145
67908,CIRCLE K #2744062,"I-25, EXIT 74",Colorado City,CO,796,3.349,39.6764040,-104.9402171
67910,G FUEL,US-40 & SR-140,Penns Grove,NJ,243,3.399,39.7295581,-75.4679734
67917,STRIPES 7FLEET #42510,"I-10, EXIT 256/US-285",Fort Stockton,TX,710,3.379,30.8919010,-102.8836620
67918,DELAWARE TRUCK STOP,"I-80, EXIT 4C/US-46",Delaware,NJ,90,3.079,39.1138065,-75.1486880
67922,EXXON,"I-20, EXIT 44 & US-371 & US-80/US-79",Minden,LA,745,3.399,32.5936720,-93.2910812
67923,MONROE CENTER BP OASIS,"I-39, EXIT 111/US-51 & SR-72",Monroe Center                           ,IL,520,3.599,42.0983583,-89.0006550
67924,KUM & GO #0026,"I-90, EXIT 26",Adrian,MN,440,3.19066666,43.6406973,-95.9339132
67925,CHEVRON,US-61,Baton Rouge                             ,LA,600,3.899,30.4215386,-91.1777137
67927,STONES TRUCK STOP,"I-29, EXIT 77/US-212",Watertown,SD,566,3.38233333,44.8914223,-97.0539252
67929,Circle K,SR-574,Plant City,FL,225,3.32566666,28.0344845,-82.1058087
67930,CIRCLE K #2721426,US-98/SR-30A & SR-368,Panama City,FL,145,3.29066666,30.1814217,-85.7175329
67931,Forks 1&23,US-1/US-23/SR-4 & SR-19,Alma                                    ,GA,195,3.599,31.5393701,-82.4623557
67932,SPRINT MART #4144,US-82/US-45/SR-12 & SR-182,Columbus                                ,MS,576,3.01566666,33.4956744,-88.4272627
67933,SUNOCO,SR-50 & SR-471,Webster,FL,140,3.33566666,28.6115035,-82.0562065
67934,WHISPERING PINES,SR-10,Greensburg                              ,LA,600,3.099,30.8296350,-90.6677355
67935,CIRCLE K #2707610,"I-10, EXIT 26",Milton,FL,155,3.23233333,30.5727781,-87.0307397
67938,TEXACO,"I-84, EXIT 376",Tremonton,UT,835,3.45566666,41.7120775,-112.1657790
67939,DELTA FUEL,"I-80, EXIT 242 & SR-339",Mifflinville,PA,138,3.36566666,41.0295260,-76.2998965
67940,MARTIN GENERAL STORE,US-22,Ebensburg                               ,PA,14,3.524,40.4852783,-78.7248434
67941,FIESTA MART #21,"I-40, EXIT 278",Warner,OK,560,3.639,35.4946750,-95.3060603
67943,LOVES TRAVEL STOP #459,"I-65, EXIT 133 & SR-267",Whitestown,IN,375,3.62233333,39.9972626,-86.3458296
67949,7-ELEVEN #36835,"I-85, EXIT 32",Pelzer,SC,30,3.18233333,34.6442319,-82.4658589
67952,CIRCLE K #2707682,"I-75, EXIT 164 & US-17/SR-35",Punta Gorda,FL,225,3.399,26.9351529,-82.0512058
67957,CITGO,US-27,Hialeah,FL,64,3.47233333,25.8772804,-80.3260279
67965,DIAMOND #7,"I-65, EXIT 69",Brewton,AL,715,3.399,31.1039239,-87.0722655
67968,WHITESBURG BP,US-27/SR-16,Whitesburg                              ,GA,18,3.699,33.4809535,-84.9121937
67974,TALL TIMBERS TRUCKSTOP,"I-10, EXIT 23 & SR-108",Sulphur                                 ,LA,690,3.83233333,30.2365943,-93.3773783
67976,KWIK TRIP #587,US-141 & SR-22,Lena,WI,582,3.28233333,44.8878135,-88.0454019
67977,KUM & GO #4127,"I-29, EXIT 127",Sloan,IA,527,3.109,42.2280416,-96.2363928
67994,Pure,US-82/SR-520/SR-135,Willacoochee,GA,10,3.46566666,31.3407551,-83.0459826
67997,CIRCLE K #2745137,"I-75/SR-401, EXIT 149 & SR-49",Byron,GA,85,3.199,32.6610985,-83.7430115
68002,CO RETAIL VENTURE DB,US-34 & SR-59,Yuma,CO,800,3.449,40.0163487,-102.4582530
68005,WESSON,"I-84, EXIT 22, SR-8, EXIT 22",Waterbury,CT,100,4.179,41.5538091,-73.0438362
68007,Highland oil,US-412,Hardy,AR,435,3.269,36.3158994,-91.4826388
68008,FAST LANE #3,US-64 & US-49,Mc Crory,AR,435,3.399,36.0914983,-87.0237817
68009,CIRCLE K #2741779,"US-270, EXIT 2",Hot Springs National Park,AR,695,3.369,34.4712075,-93.0649298
68012,ROYAL FARMS #120,US-13/CR-16,Greenwood                               ,DE,194,3.259,38.8044696,-75.5834764
68016,Chevron #386730,"I-10, EXIT 139",Phoenix                                 ,AZ,930,3.299,33.4602113,-112.1694960
68017,TEXACO,SR-89,Prescott,AZ,930,3.739,34.5456406,-112.4587731
68019,PAC PRIDE CARDLOCK,CR-25/CR-826,Miami,FL,95,3.479,25.7741728,-80.1936200
68020,EXXON,"I-10, EXIT 335/SR-121",Macclenny,FL,75,3.499,30.2821807,-82.1220569
68026,MINIT MART #600627,"I-57, EXIT 312",Kankakee,IL,399,3.449,41.1253903,-87.8486820
68029,MAPCO #3502,SR-151,Ringgold,GA,285,3.09233333,34.9178087,-85.1227117
68030,FIVE STAR EXPRESS,"I-520/SR-415, EXIT 16 & SR-28",Augusta,GA,135,3.499,33.4517009,-81.9250910
68031,ORCHARD STOP BP,US-30,Montgomery                              ,IL,290,3.649,39.2052633,-89.5057126
68031,ORCHARD STOP BP,US-30,Montgomery                              ,IL,290,3.549,39.2052633,-89.5057126
68033,CIRCLE K #2703175,"I-520/SR-415, EXIT 9 & SR-56",Augusta,GA,135,3.28233333,33.4491708,-82.1185106
68036,MOBIL,"I-95, EXIT 60",Salisbury,MA,178,3.599,41.9641880,-73.4403029
68040,MISHAWAKA ROAD FLEET SITE,SR-19 & CR-20,Elkhart                                 ,IN,465,3.689,41.6012796,-85.8590603
68043,CARROLL MOTOR FUELS,US-40,Middle River,MD,22,3.139,39.3526375,-76.4539084
68048,CASEYS #3961,SR-3 & SR-143,Marcus,IA,527,3.299,42.8247100,-95.8079104
68052,CUBBYS #302,SR-39 & SR-175,Odebolt,IA,319,3.31566666,42.3121507,-95.2520585
68053,KJ TRAVEL CENTER,"US-20, EXIT 310",Idaho Falls,ID,825,3.40733333,43.4887907,-112.0362800
68055,Gallops,US-20,Michigan City,IN,370,3.399,41.7075394,-86.8950297
68062,FARMERS UNION OIL,US-83,Wilton                                  ,ND,390,3.899,47.1587480,-100.7866440
68065,Caseys #4450,US-160,Ulysses                                 ,KS,525,3.399,37.5814095,-101.3551690
68067,PUMP & PANTRY #2,US-30 & US-281,Grand Island,NE,330,3.30733333,40.9224220,-98.3465767
68068,ELGIN ONE STOP,SR-14 & SR-70,Elgin,NE,470,3.13733333,41.9832688,-98.0845500
68070,PAULS TRUCK STOP,US-171,Leesville                               ,LA,690,3.449,31.1431257,-93.2651126
68072,FAMILY FARE #834 (DISCOUNT AVAILABLE),"US-131, EXIT 175",Byron Center,MI,371,3.739,42.8192943,-85.7279185
68073,BIG BATS 2,US-20,Chadron,NE,506,3.699,42.8309807,-103.0003729
68076,JENNINGS TRUCKSTOP,"I-10, EXIT 65",Jennings,LA,690,2.999,30.2224284,-92.6570850
68079,NORTH FORK TRUCK STOP,US-12/CR-103,White Pigeon,MI,465,3.559,41.7981056,-85.6433229
68079,NORTH FORK TRUCK STOP,US-12/CR-103,White Pigeon,MI,465,3.599,41.7981056,-85.6433229
68080,SAMMYS TRUCK AUTO PLAZA,"I-49, EXIT 53",Bunkie                                  ,LA,730,3.399,30.9528641,-92.1857892
68081,SHELL,SR-308 & SR-654,Mathews                                 ,LA,725,3.459,29.6836530,-90.5578268
68091,ALLTOWN MARKETS,"SR-101, EXIT 2",Auburn,NH,178,3.799,43.0045289,-71.3483980
68093,MARATHON,US-223/CR-52,Adrian,MI,385,3.599,41.8747752,-84.0180966
68095,ALEXS MARKET AND GRILL,"I-75, EXIT 101",Holly                                   ,MI,342,4.699,42.7919727,-83.6277255
68100,REFINED MARKETERS,"I-96, EXIT 31A/US-131, EXIT 88",Grand Rapids                            ,MI,344,3.739,42.9632425,-85.6678639
68102,SUNOCO,ST 17,Carlstadt                               ,NJ,115,3.16233333,40.8393311,-74.0838339
68107,SPEEDWAY #4500,"I-35, EXIT 171/CR-11",Pine City,MN,451,3.549,45.8458767,-92.9724249
68110,CIRCLE K #4705573,SR-82,Grafton,OH,414,3.749,41.2725522,-82.0545892
68112,QUICK FUEL #3138,"I-35, EXIT 98/CR-26",Saint Paul,MN,448,3.61733333,44.9014059,-93.0497017
68113,CIRCLE K #4705571,ST 2,Holland,OH,550,3.549,41.6217180,-83.7116040
68114,BP,US-130,Burlington                              ,NJ,230,3.14566666,39.9699427,-75.0058044
68116,Circle K #2746335,"I-35, EXIT 22",Minneapolis,MN,448,3.799,44.9772995,-93.2654692
68122,CENEX,SR-11/SR-310,Roseau                                  ,MN,449,3.499,48.8474108,-95.7698517
68124,CIRCLE K #4705587,SR-585 & SR-57,Rittman,OH,249,3.659,40.9723644,-81.7811745
68129,CULVERS HAWKINS,"US-59/I-29, EXIT 43",Saint Joseph,MO,400,3.199,39.7686055,-94.8466322
68133,CASEYS #4256,US-71/SR-175,Joplin                                  ,MO,416,3.069,37.0945392,-94.5127422
68140,CROSSROADS RATON TRUCK STOP,"I-25/US-85, EXIT 451 & US-87",Raton,NM,803,3.499,36.8979234,-104.4354816
68147,Regal Truck Stop,SR 30,New Albany,MS,435,3.249,34.4942683,-89.0078418
68148,CIRCLE K #2723389,US-49,Gulfport,MS,715,2.944,30.4489977,-89.0760138
68151,KUM & GO #0498,SR-125,Rogersville,MO,535,3.05233333,37.1194175,-93.1188714
68154,LOVES TRAVEL STOP #395,"I-57, EXIT 308",Kankakee,IL,290,3.379,41.1253903,-87.8486820
68154,LOVES TRAVEL STOP #395,"I-57, EXIT 308",Kankakee,IL,290,3.449,41.1253903,-87.8486820
68154,LOVES TRAVEL STOP #395,"I-57, EXIT 308",Kankakee,IL,290,3.489,41.1253903,-87.8486820
68154,LOVES TRAVEL STOP #395,"I-57, EXIT 308",Kankakee,IL,290,3.429,41.1253903,-87.8486820
68154,LOVES TRAVEL STOP #395,"I-57, EXIT 308",Kankakee,IL,290,3.549,41.1253903,-87.8486820
68155,SHEETZ #181,"I-80, EXIT 158 & SR-220",Bellefonte,PA,14,3.729,40.9352995,-77.8142077
68156,A PLUS MINI MARKET,"I-95, EXIT 26",Philadelphia                            ,PA,160,3.999,40.0305449,-75.1534197
68157,RAJS MINI MART,US-1/SR-29,Morrisville,PA,230,3.899,40.2082400,-74.7755065
68158,SUNOCO,"I-78, EXIT 29A/SR-61",Shoemakersville,PA,90,3.639,40.5009269,-75.9699332
68161,KWIK FILL #390,SR-15 & TABER RD,Blossburg,PA,138,3.684,41.6795186,-77.0638567
68165,GOLDEN GATE Fallon,US-50,Fallon,NV,966,3.549,39.4746341,-118.7958831
68167,CIRCLE K #4707628,SR-90 & SR-5,Montezuma,NY,220,3.999,43.0100650,-76.7032833
68169,GOLDEN GATE GOLDEN VALLEY,"US-395, EXIT 73",Reno,NV,966,3.949,39.5261206,-119.8126581
68174,MIRABITO #42,"I-81, EXIT 7",Castle Creek,NY,12,3.999,42.2275753,-75.9182530
68177,ONVO TRAVEL PLAZA - MIFFLINVILLE,"I-80, EXIT 242/CR-339",Mifflinville,PA,138,3.36566666,41.0295260,-76.2998965
68178,CIRCLE K #2723748,"I-20, EXIT 48",Pearl,MS,760,3.389,32.2901585,-90.0434976
68179,WEST PAK A POK,SR-8,Houston                                 ,MS,655,3.399,33.8984461,-88.9992267
68180,One9 #1374,"I-81, EXIT 143, SR-924",Hazleton,PA,200,3.86233333,40.9548956,-75.9769572
68185,CITGO,US-22/SR-72,Jonestown                               ,PA,70,3.749,41.1264315,-76.3070273
68188,ONVO TRAVEL PLAZA - GIBSON,"I-81, EXIT 219 & SR-848",New Milford,PA,200,3.589,41.8242548,-75.6789442
68189,EAGLE EXXON,US-27/SR-29,Dayton,TN,285,3.399,35.5273816,-84.9874013
68191,MARTIN GENERAL STORE # 207,SR-865/I-99 EXIT 41,Altoona                                 ,PA,14,3.539,40.5193586,-78.3968299
68196,CATDADDY MARKET,SR-33,Tazewell,TN,405,3.299,36.4483166,-83.5747077
68211,CEFCO #2005,"I-40, EXIT 73",Amarillo,TX,585,2.869,35.1914949,-101.9019942
68212,CIRCLE K #2723415,"I-26, EXIT 16",Spartanburg,SC,210,3.099,34.7415381,-82.0393939
68213,CADOO MILLS,"I-30/US-67, EXIT 87 & FM-1903",Caddo Mills,TX,253,2.80066666,33.0656680,-96.2278201
68215,COWBOY TRAVEL PLAZA,"I-10, EXIT 833",Hamshire,TX,610,2.899,29.8616080,-94.3124092
68217,CIRCLE K #2723881,US-701 & US-501,Conway,SC,46,3.184,33.8067785,-79.0180515
68225,OASIS TRUCK STOP,US-60 & US-83,Canadian,TX,585,3.299,35.9120114,-100.3839018
68227,QUARLES #4914,"I-64 EXIT 297, US-13",Chesapeake,VA,130,3.52566666,36.7168315,-76.2494453
68234,CIRCLE K #2723705,"I-81, EXIT 80 & SR-121",Wytheville,VA,65,3.26566666,36.9476582,-81.0568392
68235,JOLLEY #113,"I-91, EXIT 28",Derby,VT,39,3.539,44.9521311,-72.1575216
68236,TEX BEST #506,"I-35, EXIT 84",Dilley                                  ,TX,747,3.099,28.6695971,-99.1672017
68243,PILOT EXPRESS #1173,"I-5, EXIT 135",Tacoma,WA,977,4.599,47.2417178,-122.4121499
68245,STRIPES #40705,US-77/SR-374,Combes,TX,665,2.91233333,26.2271426,-97.7196272
68253,KENT KWIK #262,"CR-18/I-20, EXIT 80",Monahans,TX,710,2.859,31.5735661,-102.8926250
68256,EXTRA MILE TRUCK STOP,I-30 EXIT 208,Hooks,TX,723,2.81733333,33.4696541,-94.2859652
68257,LOVES TRAVEL STOP #292,"I-55, EXIT 220",Dwight,IL,290,3.589,41.0944767,-88.4250597
68257,LOVES TRAVEL STOP #292,"I-55, EXIT 220",Dwight,IL,290,3.389,41.0944767,-88.4250597
68257,LOVES TRAVEL STOP #292,"I-55, EXIT 220",Dwight,IL,290,3.489,41.0944767,-88.4250597
68257,LOVES TRAVEL STOP #292,"I-55, EXIT 220",Dwight,IL,290,3.349,41.0944767,-88.4250597
68257,LOVES TRAVEL STOP #292,"I-55, EXIT 220",Dwight,IL,290,3.449,41.0944767,-88.4250597
68258,CIRCLE K #2741536,SR-83/CR-1015,Weslaco,TX,639,3.03566666,26.1594305,-97.9907362
68260,ALVARADO MARKET STATION,"I-35W, EXIT 26A & US-67",Alvarado,TX,637,2.844,32.4095565,-97.2102881
68261,STRIPES #2294,US-83 & FM-1120,Leakey,TX,740,2.949,29.7144622,-99.7626400
68266,FREDS FUEL AND FOOD #2,"I-57, EXIT 283 & US-24",Gilman,IL,280,3.189,40.7667015,-87.9922620
68266,FREDS FUEL AND FOOD #2,"I-57, EXIT 283 & US-24",Gilman,IL,280,3.269,40.7667015,-87.9922620
68266,FREDS FUEL AND FOOD #2,"I-57, EXIT 283 & US-24",Gilman,IL,280,3.049,40.7667015,-87.9922620
68268,SPEED SMART,"I-10, EXIT 114",Buckeye,AZ,930,3.37233333,33.3703197,-112.5837760
68270,MPC #2,US-67 & CR-A,Fredericktown,MO,574,2.99066666,37.5597754,-90.2940070
68271,PHOENIX #308,ST 210,Rocky Point                             ,NC,245,3.619,34.4398785,-77.8773856
68273,CHISUM TRAVEL CENTER,US-70/US-54,Tularosa,NM,640,2.999,33.0739730,-106.0186020
68274,CEFCO #6,SR-6 & SR-7,Marlin,TX,765,2.999,31.3080050,-96.8908895
68276,KWIK STAR #895,US-18/US-63 EXIT 204,New Hampton,IA,565,3.449,43.0590814,-92.3132084
68277,WHITE OAK STATION #15,US-65,Harrison,AR,735,3.599,36.2297936,-93.1076765
68279,MACS MARKET #101,ST 22A,Fair Haven                              ,VT,12,3.599,43.5947898,-73.2659674
68282,SUNSTOP #612,US-84,Andalusia,AL,720,3.48566666,31.3080607,-86.4824240
68283,FLYING J# 852,"HWY-401, EXIT 814 & HWY-15",Lancaster,ON,720,4.7303579,38.8314462,-85.5185732
68283,FLYING J# 852,"HWY-401, EXIT 814 & HWY-15",Lancaster,ON,720,4.74116815,38.8314462,-85.5185732
68283,FLYING J# 852,"HWY-401, EXIT 814 & HWY-15",Lancaster,ON,720,4.7314019,38.8314462,-85.5185732
68283,FLYING J# 852,"HWY-401, EXIT 814 & HWY-15",Lancaster,ON,720,4.73383969,38.8314462,-85.5185732
68283,FLYING J# 852,"HWY-401, EXIT 814 & HWY-15",Lancaster,ON,720,4.74186729,38.8314462,-85.5185732
68283,FLYING J# 852,"HWY-401, EXIT 814 & HWY-15",Lancaster,ON,720,4.73244636,38.8314462,-85.5185732
68290,WALTON TRUCK STOP,US-78/SR-10 & SR-83,Monroe                                  ,GA,16,3.999,33.0142344,-83.9044159
68292,GAS N GO,US-280/US-19,Americus,GA,10,3.299,32.0723862,-84.2326876
68294,BP,"I-74, EXIT 51",Galesburg,IL,270,3.499,40.9440281,-90.3756990
68298,MR FUEL #719,"I-80, EXIT 6",Gary,IN,365,3.56566666,41.5652980,-87.4024689
68301,LOVES TRAVEL STOP #463,I-10 EXIT 604,Seguin,TX,740,3.179,29.5688411,-97.9647269
68302,FLYING J #493,I-95 EXIT 77,Saint George,SC,42,3.519,33.1933382,-80.6025115
68303,KWIK TRIP #351,SR-13 & SR-64,Medford,WI,295,3.40066666,45.1576077,-90.3343886
68306,BIG D #018,SR-387 & SR-59,Gillette,WY,790,3.459,44.2959029,-105.5294732
68307,EXPRESSWAY LUVERNE,"I-90, EXIT 12",Luverne,MN,432,3.239,43.6542342,-96.2127811
68308,PINECONE TRAVEL PLAZA,"I-94, EXIT 267",Johnson Creek,WI,420,3.219,43.0759165,-88.7748370
68311,SUN DO KWIK SHOP,SR-242,Evergreen                               ,NC,63,3.159,35.7669470,-78.8273259
68314,Refuel #313,US-183 & SR-29,Liberty Hill                            ,TX,595,2.909,30.6649119,-97.9225161
68315,SHELL,"I-40, EXIT 200 & SR-99",Seminole,OK,483,2.859,35.1705939,-96.6263487
68316,CIRCLE K #2723622,"I-75, EXIT 345",Ringgold,GA,285,3.07566666,34.9134330,-85.1236548
68318,NINOS TRUCK PLAZA,"I-10, EXIT 151",Port Allen,LA,600,3.039,30.4533500,-91.2100569
68319,HOLIDAY STATIONSTORE #2746484,US-61 & US-10,Hastings,MN,448,3.569,44.7426933,-92.8518697
68321,Big's #304,"I-35, EXIT 141",Moore,TX,740,2.999,29.0610345,-99.0033534
68323,TRAINER MART,"I-10, EXIT 593",Marion,TX,740,2.999,32.7931661,-94.3444880
68328,TONKAWA TRAVEL CENTER,"I-35, EXIT 214 & US-60",Tonkawa,OK,500,3.099,36.6783679,-97.3100442
68330,SHREES TRUCK STOP,"I-90, EXIT 149 & SR-281",George                                  ,WA,920,3.709,47.0807166,-119.8570900
68330,SHREES TRUCK STOP,"I-90, EXIT 149 & SR-281",George                                  ,WA,920,3.569,47.0807166,-119.8570900
68330,SHREES TRUCK STOP,"I-90, EXIT 149 & SR-281",George                                  ,WA,920,3.739,47.0807166,-119.8570900
68330,SHREES TRUCK STOP,"I-90, EXIT 149 & SR-281",George                                  ,WA,920,3.759,47.0807166,-119.8570900
68332,CIRCLE K #2701526,"I-40, EXIT 208",Colfax,NC,65,2.95733333,36.1126365,-80.0144842
68333,GO MART FOOD STORE #106,US-250/US-219/SR-92/SR-55,Elkins                                  ,WV,44,3.499,38.9259270,-79.8466552
68335,PILOT #481,"I-75, EXIT 20",Mc Donald,TN,285,3.599,36.1158842,-86.7064336
68337,SPEEDWAY #1426,US-30 & SR-51,Merrillville,IN,290,3.88566666,41.4709400,-87.1570630
68339,LOVES TRAVEL STOP #464,"I-10, EXIT 523 & US-87",Comfort,TX,740,3.21233333,29.9677150,-98.9050337
68343,HUTCH'S #119,I-40 EXIT 40,Elk City,OK,483,2.969,35.4082212,-99.3801673
68347,ENERGY EXPRESS TRAVEL CENTER,I-70 EXIT 247,Saint Louis,MO,540,2.909,38.6732601,-90.2025998
68348,HOT SPOT #6007,"I-85, EXIT 80",Spartanburg                             ,SC,210,3.089,34.8433084,-81.8776910
68349,SAPP BROS TRAVEL CENTER,"US-75, EXIT 116",Le Mars,IA,527,3.269,42.7921510,-96.1662993
68350,JOAQUIN QUICK STOP,US-84,Joaquin,TX,618,3.43233333,31.9657232,-94.0538028
68354,LEERJAK TRAVEL CENTER,US-60,Ellsinore,MO,275,3.409,36.9342189,-90.7467876
68359,LOVES TRAVEL STOP #466,"I-78, EXIT 65",Jasper,AL,615,3.55566666,33.8312185,-87.2775053
68360,A PLUS MINI MARKET,"I-95, EXIT 19",Philadelphia                            ,PA,160,4.049,40.0552729,-75.0896304
68361,DUCK THRU FOOD STORE #34,US-158 & US-17,Elizabeth City                          ,NC,130,3.499,36.3010192,-76.2203699
68362,RUTTERS #5,US-30 & SR-997,Fayetteville,PA,70,3.859,39.9133380,-77.5626132
68364,Maplefields,"I-89, EXIT 19",Saint Albans                            ,VT,39,3.539,44.7971728,-73.0719744
68365,7-ELEVEN #36834,SR-72,Abbeville,SC,30,3.619,34.0909290,-82.5983300
68366,MARATHON,US-68/SR-80,Russellville,KY,460,3.199,36.8453199,-86.8872190
68367,LOVES TRAVEL STOP #447,"I-10 E, EXIT 0",Anthony,TX,640,3.449,31.9956534,-106.5968170
68368,AKAL TRAVEL CENTER,I-80 EX 360,Waco,NE,413,2.799,40.8969560,-97.4633830
68369,WORKMANS TRAVEL CENTER,"I-40 EXIT, 35 & SR-23",Ozark,AR,735,3.29733333,35.4888029,-93.8315160
68370,GULF EXPRESS DIESEL AND GAS,"I-295, EXIT 4 & SR-14",Johnston                                ,RI,175,3.799,41.8310404,-71.5412101
68372,SPEEDWAY #8062,SR-26/CR-00,Kokomo,IN,375,3.799,40.4194333,-86.1266174
68375,PILOT #491,"I-81, EXIT 251 & US-11",Harrisonburg,VA,185,3.659,38.4801585,-78.8184326
68377,PILOT #4568,I-20 EXIT 11,Graniteville,SC,135,3.39233333,33.6040972,-81.8411589
68378,PILOT TRAVEL CENTERS #596,I-69 EXIT 196,Smiths Creek,MI,342,3.959,42.9139187,-82.6038085
68381,Fast Stop Travel Centers #2241,US-26 S & SR-39,Blackfoot,ID,825,3.999,43.1900390,-112.3483570
68382,QUIKTRIP #766,US-29 & SR-316,Dacula,GA,18,3.32066666,34.0725463,-83.9185009
68383,AYERCO 32,US-61 & SR-P,Canton,MO,494,3.01566666,40.1329260,-91.5205242
68386,KWIK TRIP #884,US-45 & SR-22,Clintonville,WI,582,3.559,44.6169582,-88.7629607
68389,WEBERS OF PLYMOUTH,SR-57 N/CR-PP E,Plymouth,WI,582,3.499,43.7486054,-87.9770380
68394,CHEVRON,"I-84, EXIT 343/CR-104",Ogden,UT,835,3.44233333,41.2054940,-112.0068881
68396,TOOT N TOTUM #44,SR-287 E/CR-335 N,Amarillo,TX,585,3.04233333,35.1639301,-101.8491722
68403,RUTTERS #16,"I-83, EXIT 10 & SR-214",York,PA,70,4.199,39.9624930,-76.7276989
68405,PILOT TRAVEL CENTER #1028,"I-45, EXIT 178/US-79 N",Buffalo,TX,765,3.549,31.4488283,-96.0796843
68406,TOOT N TOTUM #114,US-385/US-54,Dalhart,TX,585,3.199,36.0643939,-102.5207946
68411,PAWNEE TRAVEL PLAZA,US-412 & SR-18,Pawnee                                  ,OK,560,3.044,36.3151645,-96.7200995
68416,STRIPES 7FLEET #42515,US-87 N,Lamesa,TX,710,3.099,32.7357287,-101.9550202
68417,7-ELEVEN #42072,"I-20, EXIT 599/SR-281",Longview                                ,TX,766,3.20733333,32.5007031,-94.7404900
68419,ROAD RANGERS #270,"I-35, EXIT 114/SR-462",Moore,TX,740,3.169,35.8156121,-101.9104355
68420,SHELBINA Phillips 66,US-36 & SR-15,Shelbina,MO,494,3.099,39.6939275,-92.0429502
68421,STRIPES,US-77,Refugio,TX,625,3.074,28.3061824,-97.2742969
68423,GOLDEN GATE TRUCKSTOP,"I-80, EXIT 106 & SR-398",Lovelock,NV,966,3.649,40.1801273,-118.4747268
68424,MAVERICK TRAVEL CENTER,"I-20, EXIT 386/US-281",Santo                                   ,TX,637,3.099,32.6060883,-98.1117563
68428,STRIPES #40519,US-90/CR-1023,Uvalde,TX,740,3.359,29.2084336,-99.7906701
68432,PAPA ROCK,US-79/SR-76,Clarksville,TN,460,3.199,36.5277607,-87.3588703
68434,Circle K #2741789,"I-30, EXIT 98 & US-270",Malvern,AR,695,3.439,34.4725618,-92.9911965
68440,EXPRESS GAS,"I-40, EXIT 2A/US-51",Memphis                                 ,TN,435,2.979,35.1460249,-90.0517638
68441,QUIKTRIP #1106,US-76,Anderson,SC,30,2.959,34.5324497,-82.6980170
68444,Sunoco,US-30,Roebling,NJ,160,3.159,40.1152860,-74.7789933
68446,J J OIL #07,US-160,Ulysses,KS,525,3.399,37.5814095,-101.3551690
68447,JUMPIN JACKS 419,SR-161,Rockport                                ,IN,487,3.999,37.8831055,-87.0494408
68451,CASEYS #3439,US-63,Lime Springs,IA,433,3.56566666,43.4484940,-92.2804954
68453,Marathon,US-82/US-27,Cuthbert,GA,10,3.699,31.7712748,-84.7893658
68458,SPEEDWAY #6278,"I-96, EXIT 16",Coopersville,MI,456,3.599,43.0580665,-85.9576455
68458,SPEEDWAY #6278,"I-96, EXIT 16",Coopersville,MI,456,3.499,43.0580665,-85.9576455
68462,CHEVRON,SR-24 & SR-660,Houma                                   ,LA,623,3.099,29.5844253,-90.7036217
68463,SPANISH LAKE TRUCK AND CASINO PLAZA,SR-182,New Iberia,LA,730,3.329,30.0035365,-91.8187285
68465,LOVES TRAVEL STOP #470,"I-75, EXIT 451",Jasper,FL,10,3.32733333,30.5182727,-82.9481900
68466,KWIK TRIP #462,SR-11 & SR-83,Burlington,WI,444,3.274,42.6596385,-88.2604158
68468,SHELL,SR-193/SR-163 & CR-26,Theodore,AL,715,3.039,30.5463684,-88.2023937
68469,8 MILE STORE,"US-64/I-40, EXIT 127",Conway,AR,695,3.399,35.0891932,-92.4398402
68471,B LINE SHELL,SR-710,Jupiter                                 ,FL,140,3.95733333,26.9342246,-80.0942087
68476,CREEK TRAVEL PLAZA,"I-65, EXIT 54",Atmore,AL,715,3.13566666,31.0237921,-87.4938708
68480,KUM & GO #0414,US-212/SR-265,Springdale,AR,645,3.14233333,36.1952012,-94.1391032
68482,PETRO-CANADA,HWY 91,Delta                                   ,BC,800,4.59452716,38.7436121,-108.0729172
68482,PETRO-CANADA,HWY 91,Delta                                   ,BC,800,4.3415277,38.7436121,-108.0729172
68482,PETRO-CANADA,HWY 91,Delta                                   ,BC,800,4.53546381,38.7436121,-108.0729172
68482,PETRO-CANADA,HWY 91,Delta                                   ,BC,800,4.62102914,38.7436121,-108.0729172
68482,PETRO-CANADA,HWY 91,Delta                                   ,BC,800,4.63022827,38.7436121,-108.0729172
68482,PETRO-CANADA,HWY 91,Delta                                   ,BC,800,4.65745123,38.7436121,-108.0729172
68493,FAST TRACK 427,"I-10, EXIT 225/US-19",Lamont,FL,20,3.739,30.3774792,-83.8136860
68494,LOVES TRAVEL STOPS #469,"I-85, EXIT 15 & US-1",South Hill,VA,180,3.949,36.7265449,-78.1291308
68494,LOVES TRAVEL STOP #469,"I-85, EXIT 15 & US-1",South Hill,VA,180,3.949,36.7265449,-78.1291308
68497,JACKSONS FOOD STORE #30,"I-86, EXIT 61",Pocatello                               ,ID,825,3.459,42.8620287,-112.4506270
68499,DUBOIS TRAVEL STOP,I-15 & MAIN,Dubois                                  ,ID,825,4.299,44.1762980,-112.2308200
68506,WARRIOR RIDGE,US-22 & SR-3035,Ashland,PA,14,3.699,40.7817542,-76.3457825
68511,PWI #675,I-10/US-85/US-180 EXIT 155 & SR-227,Vado,NM,640,2.949,32.1117649,-106.6624950
68512,BP,US-29/SR-154,Palmetto                                ,GA,18,3.249,30.7595749,-81.6572908
68518,CHEVRON,SR-243,Gordon                                  ,GA,85,3.359,34.5029106,-84.9165796
68520,SPEED GAS,SR-56,Rosenhayn                               ,NJ,150,3.459,39.4778748,-75.1277469
68522,MINIT MART #600632,"I-474, EXIT 9 & SR-29",Pekin,IL,368,3.739,40.5687911,-89.6501621
68524,Coastal Fuel,US-421,Wilmington                              ,NC,245,3.399,34.2257282,-77.9447107
68531,CASEYS #2845,"SR-150, I-380, EXIT 41",Urbana,IA,380,3.449,42.2237930,-91.8755241
68533,MACH ONE FOOD SHOP #17,US-45/US-50,Flora,IL,510,3.899,38.6689364,-88.4856042
68534,BG FOOD MART,US-31,Bowling Green,KY,460,3.05733333,36.9903199,-86.4436018
68535,CASEYS #3295,SR-35 & SR-27,Prairie Du Chien,WI,420,3.499,43.0519400,-91.1409933
68541,DUCK THRU #3,SR-11 & SR-561,Ahoskie,NC,130,3.56233333,36.2855245,-76.9857687
68542,EXCELL FUELS,SR-5,Buffalo,NY,38,3.999,42.8867166,-78.8783922
68549,GOOD 2 GO #212,US-310/SR 789,Lovell,WY,780,3.657,44.8376366,-108.3935565
68552,HUCKS FOOD & FUEL #368,"US-41, EXIT 44/SR-281",Madisonville,KY,340,3.399,37.3280037,-87.4986989
68556,MONICARLO FUEL STOP,US-61 & SR-54,Garyville                               ,LA,623,3.199,30.0701655,-90.6301548
68559,KUM & GO #0779,"I-35, EXIT 92 & US-136",Bethany,MO,320,2.95566666,40.2655733,-94.0152815
68562,CHEVRON,SR-3235,Galliano                                ,LA,725,3.499,29.4398705,-90.3075906
68572,FOOD N FUN #17,US-90 & SR-83 & CR-605,New Iberia                              ,LA,730,3.067,30.0035365,-91.8187285
68574,SPRING STREET SERVICE STATION,US-1/US-9,Elizabeth                               ,NJ,115,3.099,40.6639916,-74.2107006
68581,CHEVRON #308195,"I-82, EXIT 58/US-12 & SR-223",Granger,WA,977,4.499,46.3417778,-120.1950611
68581,CHEVRON #308195,"I-82, EXIT 58/US-12 & SR-223",Granger,WA,977,4.329,46.3417778,-120.1950611
68588,SHELL,"US-202, EXIT 16",Orange,MA,175,3.649,42.5576502,-72.2856626
68592,Sprint Food #742,US-25/SR-121,North Augusta                           ,SC,135,3.159,33.5345196,-81.9649091
68593,ONE9 #1285,"I-20, EXIT 386 & US-281",Santo,TX,575,2.924,32.6037293,-98.2141084
68594,CIRCLE K #2723796,SR-S-8-33 & SR-S-8-119,Charleston,SC,42,3.199,32.8076942,-80.1120844
68595,SUPER LUCKY LOUIES,US-190/SR-1,Port Allen                              ,LA,600,3.03233333,30.4533500,-91.2100569
68596,FLASH MARKET SHELL,US-63,Koshkonong,MO,418,3.499,36.5958946,-91.6456994
68598,7-ELEVEN #41032,US-84 & US-259,Mount Enterprise,TX,618,3.349,31.9179473,-94.6810439
68602,NEW DIXIE MART #19,"I-95, EXIT150",Whitakers,NC,205,3.339,36.1055345,-77.7127815
68606,SAMS MART #95,SR-49,Harrisburg                              ,NC,46,3.799,35.3258295,-80.6454979
68613,SHEETZ #236,SR-441 & SR-772,Marietta,PA,70,3.389,40.0635362,-76.5426199
68618,MINER TOWNE MART,206 R-11,Shullsburg,WI,335,3.399,42.5724982,-90.2326817
68621,CIRCLE K #2723367,"I-77, EXIT 8 & SR-148",Fancy Gap,VA,65,3.29066666,36.6729305,-80.6929060
68622,PILOT #474,"I-79, EXIT 67 & SR-19",Sutton,WV,44,3.86566666,38.7050454,-80.6635382
68623,FLYING J TRAVEL PLAZA #304,"I-469, EXIT 19 & US-30",New Haven,IN,370,3.859,41.0733059,-85.0173125
68623,FLYING J #304,"I-469, EXIT 19 & US-30",New Haven,IN,370,3.859,41.0579579,-84.9792530
68624,PILOT #586,"I-10, EXIT 69 & SR-63",Moss Point                              ,MS,715,3.459,30.4384218,-88.5284361
68625,FLYING J #470 HUDSON,"I-94, EXIT 10 & US-65",Roberts,WI,450,3.559,44.9838558,-92.5560301
68626,BECKS EXPRESS MART #14,SR-26,Princeton,IL,270,3.249,41.3680920,-89.4648145
68630,DOWNSTREAM Q STORE,US-166/US-400,Joplin,MO,277,3.199,37.0029916,-94.6153779
68634,PETRO-CANADA,"HWY-111, EXIT 3",Dartmouth,NS,100,3.92467152,41.6332267,-70.9879928
68634,PETRO-CANADA,"HWY-111, EXIT 3",Dartmouth,NS,100,3.87010202,41.6332267,-70.9879928
68634,PETRO-CANADA,"HWY-111, EXIT 3",Dartmouth,NS,100,3.93190461,41.6332267,-70.9879928
68634,PETRO-CANADA,"HWY-111, EXIT 3",Dartmouth,NS,100,3.89595718,41.6332267,-70.9879928
68634,PETRO-CANADA,"HWY-111, EXIT 3",Dartmouth,NS,100,3.93248441,41.6332267,-70.9879928
68634,PETRO-CANADA,"HWY-111, EXIT 3",Dartmouth,NS,100,3.89509753,41.6332267,-70.9879928
68639,PETRO-CANADA,QEW-2,Calgary,AB,50,4.07143281,31.6174004,-94.1193622
68639,PETRO-CANADA,QEW-2,Calgary,AB,50,3.72969139,31.6174004,-94.1193622
68639,PETRO-CANADA,QEW-2,Calgary,AB,50,3.84875514,31.6174004,-94.1193622
68639,PETRO-CANADA,QEW-2,Calgary,AB,50,3.72804545,31.6174004,-94.1193622
68641,PETRO-CANADA,HWY-37,Kitwanga,BC,850,4.48307714,,
68641,PETRO-CANADA,HWY-37,Kitwanga,BC,850,4.56330583,,
68641,PETRO-CANADA,HWY-37,Kitwanga,BC,850,4.60163996,,
68641,PETRO-CANADA,HWY-37,Kitwanga,BC,850,4.63022827,,
68641,PETRO-CANADA,HWY-37,Kitwanga,BC,850,4.48076848,,
68641,PETRO-CANADA,HWY-37,Kitwanga,BC,850,4.62102914,,
68642,EXXON SANDY RIDGE MART,"I-40/US-421, EXIT 208",Colfax,NC,65,3.099,36.1126365,-80.0144842
68643,SHELL,"I-95, EXIT 58 & US-13",Wade,NC,63,3.199,35.1629419,-78.7361323
68644,SUPERPUMPER #32,US-2,Minot,ND,452,3.599,48.2325100,-101.2962730
68650,MARATHON,"I-75, EXIT 8",Cincinnati                              ,OH,300,3.899,39.1519335,-84.4040059
68653,KWIK TRIP #679,"I-43, EXIT 128 & SR-42",Sheboygan,WI,444,3.21566666,43.7361833,-87.7256907
68656,TA Express Williston,US-2 & US-85,Williston                               ,ND,807,3.44733333,48.1465457,-103.6218140
68659,KWIK TRIP #659,"US-52, EXIT 56 & CR-22",Rochester,MN,515,3.549,44.0587262,-92.5278462
68663,LOVES TRAVEL STOP #474,US-85/US-2 & CR-6,Williston,ND,273,3.519,48.1465457,-103.6218140
68665,BIG D 14,"I-90, EXIT 46/US-14/SR-79",Piedmont                                ,SD,506,3.13733333,44.2316530,-103.3890753
68671,CASEYS #2969,US-81 & RD F,Fairmont,NE,350,3.28233333,40.6361358,-97.5852820
68672,24 NORTH MOBIL,"I-495, EXIT 7A & SR-24, EXIT 14B",Bridgewater,MA,175,3.699,41.9902206,-70.9754432
68674,TEXACO,US-290 & SR-696,Elgin                                   ,TX,595,3.099,30.3618008,-97.4056006
68684,Rebecca Plantation Truck Plaza,"US-90, EXIT 200 & SR-311",Schriever                               ,LA,623,2.999,29.7386285,-90.8102663
68685,QUICK FUEL #2403,"I-29/I-35/SR-71, EXIT 5B",Kansas City,MO,400,3.344,39.1001050,-94.5781416
68689,CHEVRON,"I-10, EXIT 59 & SR-395",Roanoke                                 ,LA,690,3.609,30.2351806,-92.7478897
68690,MARATHON,US-30 & SR-30,Mansfield,OH,315,3.499,40.7449276,-82.5034703
68691,BYRNE DAIRY #43,"I-81, EXIT 36 & SR-13",Pulaski,NY,220,4.099,43.5670140,-76.1277030
68692,DANDY MINI MART #57,SR-14,Horseheads,NY,190,3.899,42.1892962,-76.8338133
68693,SUPER STOPS,SR-70 & SR-308,Belle Rose,LA,623,3.499,30.0385706,-91.0546176
68696,STRIPES #40800,FM-351 & US-181,Beeville,TX,625,3.01566666,28.4298163,-97.7418812
68697,STRIPES #40915,"I-35, EXIT 8 & SR-20 & FM-1472",Laredo,TX,693,2.979,27.6140035,-99.4653379
68698,GAS N WASH,"I-80, EXIT 145 & SR-84",Mokena,IL,365,3.499,41.5438622,-87.8318823
68699,ORGANIC CONNECTION MOBIL,SR-997,Homestead,FL,95,3.344,25.4718946,-80.4759905
68701,SPEEDWAY #1421,US-45 & CR-74,Frankfort,IL,293,3.399,41.4837208,-87.8751051
68701,SPEEDWAY #1421,US-45 & CR-74,Frankfort,IL,293,3.359,41.4837208,-87.8751051
68701,SPEEDWAY #1421,US-45 & CR-74,Frankfort,IL,293,3.299,41.4837208,-87.8751051
68701,SPEEDWAY #1421,US-45 & CR-74,Frankfort,IL,293,3.369,41.4837208,-87.8751051
68702,QUIKTRIP #1120,"I-85, EXIT 90 & SR-105",Gaffney,SC,210,3.19066666,35.0792286,-81.7050039
68708,LOVES TRAVEL STOP #476,"I-80, EXIT 292 & SR-130",Davenport,IA,270,3.86233333,41.5235808,-90.5770967
68716,ALLTOWN MARKETS #833,I-95 EXIT 41,Milford,CT,100,3.599,41.2222218,-73.0570603
68722,Pilot #140,US-40/US-191,Roosevelt,UT,835,3.759,40.2944517,-109.9891711
68730,KENT KWIK #315,SR-158 & FM-1788,Midland,TX,710,3.43733333,31.9835491,-102.0429323
68733,PETRO-CANADA,TCH/HWY 11,Cochrane                                ,ON,460,3.70183709,41.0832496,-85.1224085
68733,PETRO-CANADA,TCH/HWY 11,Cochrane                                ,ON,460,3.70020344,41.0832496,-85.1224085
68733,PETRO-CANADA,TCH/HWY 11,Cochrane                                ,ON,460,3.70920637,41.0832496,-85.1224085
68733,PETRO-CANADA,TCH/HWY 11,Cochrane                                ,ON,460,3.70865949,41.0832496,-85.1224085
68734,LOVES TRAVEL STOP #478,"I-15, EXIT 113",Idaho Falls,ID,825,3.75566666,43.4887907,-112.0362800
68737,KWIK TRIP #691,"I-39, EXIT 161",Stevens Point,WI,395,3.559,44.5342232,-89.5758463
68738,CASEYS #2316,US-136/SR-5 & SR-5,Unionville,MO,320,3.214,40.4769606,-93.0032615
68740,Certified Oil #400352,US-20 & SR-510 & SR-101,Clyde,OH,550,3.379,41.3040468,-82.9750686
68741,COUNTY LINE TRUCK STOP,SR-22,Dickinson,ND,273,3.53233333,46.8791756,-102.7896242
68742,ARTESIA #401,SR-82 & SR-285,Artesia,NM,593,3.439,32.7561410,-104.2113034
68796,MR FUEL #731,"I-70, EXIT 123 & SR-3",Spiceland,IN,375,3.699,39.8383790,-85.4388608
68797,SPEEDWAY #1412,SR-43,Frankfort,IL,293,3.359,41.5309717,-87.7910755
68798,PILOT DEALER #1179,SR-189,Nogales,AZ,980,4.249,31.3402134,-110.9360810
68798,PILOT #1179,SR-189,Nogales,AZ,980,4.249,31.3386958,-110.9662512
68799,SHELL FOOD MART # 25,"I-20, EXIT 77 & SR-13",Morton,MS,705,3.199,32.3537557,-89.6545171
68801,7-ELEVEN #40574,US-281,Blanco,TX,740,3.399,30.2419274,-98.4004594
68803,SHELL,"I-45, EXIT 152",Madisonville                            ,TX,670,3.18233333,30.9482905,-95.9156676
68806,SHELL,US-90,Westwego                                ,LA,725,3.06566666,29.8988560,-90.1438717
68808,SPEEDWAY #4574,US-701,Loris,SC,245,3.269,34.0638699,-78.8813346
68813,SPEEDWAY #8741,"I-96, EXIT 86 & SR-100",Eagle,MI,406,3.789,42.7987337,-84.7402070
68814,TA HOLBROOK,"I-40/US-180, EXIT 283",Holbrook,AZ,580,3.65566666,34.9048468,-110.2104425
68815,LOVES TRAVEL STOP #471,"I-35, EXIT 127 & FM-471",Natalia,TX,740,3.203,29.1888671,-98.8581169
68815,LOVES TRAVEL STOPS #471,"I-35, EXIT 127 & FM-471",Natalia,TX,740,3.289,29.1888671,-98.8581169
68821,Joe's Kwik Mart #473,CR-139,Lancaster,NY,38,3.799,42.9076585,-78.6178677
68821,Joe's Kwik Mart #473,CR-139,Lancaster,NY,38,3.659,42.9076585,-78.6178677
68822,CASEYS #3919,"I-35/US-50, EXIT 148 & SR-131",Lebo,KS,400,3.089,38.4166818,-95.8530441
68823,FRIENDS FOOD MART,SR-13,Mansfield                               ,OH,249,4.199,40.7583900,-82.5154471
68824,EXPRESSWAY,SR-60 & CR-9,Heron Lake,MN,425,3.299,43.7949593,-95.3202763
68825,ALLTOWN MARKETS #832,"I-95, EXIT 40",Milford,CT,100,3.599,41.2222218,-73.0570603
68826,HIGHWAY SERVICE,US-44,Seekonk                                 ,MA,175,3.319,41.8084340,-71.3369973
68828,CIRCLE K #2721540,US-78 & SR-15,New Albany,MS,435,3.759,34.4942683,-89.0078418
68831,KWIK TRIP #896,SR-65 & CR-J,Minneapolis,MN,451,3.599,44.9772995,-93.2654692
68835,SPEEDWAY #7954,US-258/SR-24,Richlands,NC,205,3.324,34.8865517,-77.5488338
68836,Corner Market #160,US-60,Pampa,TX,585,3.399,35.5362970,-100.9601552
68839,CHOCTAW TRAVEL PLAZA #641,US-69/SR-43,Stringtown,OK,560,3.159,34.4667600,-96.0533252
68840,LOVES TRAVEL STOP #475,"I-20/US-84, EXIT 242 & FM-142",Sweetwater,TX,575,3.189,32.4709519,-100.4059380
68841,PILOT TRAVEL CENTER #575,"I-95, EXIT 1",Saint Marys,GA,75,3.599,30.7627498,-81.6510191
68841,PILOT TRAVEL CENTERS #575,"I-95, EXIT 1",Saint Marys,GA,75,3.599,30.7603782,-81.6489398
68843,PILOT #467,"I-37, EXIT 125",San Antonio                             ,TX,740,3.399,29.2204748,-98.4149484
68844,FLYING J #553,"I-10, EXIT 259",Fort Stockton                           ,TX,710,3.659,30.9050196,-102.8855360
68845,PILOT TRAVEL CENTER #4651,"I-95, EXIT 4",Skippers,VA,180,3.799,36.6070710,-77.5606652
68847,CIRCLE K #2741553,US-190/US-183 & US-281,Lampasas                                ,TX,595,2.759,31.0557588,-98.1795921
68848,CIRCLE K #2741328,"I-35, EXIT 328 & FM-2063",Hewitt                                  ,TX,765,2.86566666,31.4581456,-97.1748175
68849,Circle K #2706632,US-80/SR-8 & CR-480,Selma,AL,720,3.699,32.4078632,-87.0207473
68850,SPRINT MART #67,US-84/US-425,Vidalia,LA,730,3.08233333,31.5654441,-91.4259495
68855,FLYING J #861,"TCH 1, EXIT 168",Hope,BC,800,5.1212761,33.6670616,-93.5915665
68855,FLYING J #861,"TCH 1, EXIT 168",Hope,BC,800,5.12014607,33.6670616,-93.5915665
68855,FLYING J #861,"TCH 1, EXIT 168",Hope,BC,800,5.13184711,33.6670616,-93.5915665
68855,FLYING J #861,"TCH 1, EXIT 168",Hope,BC,800,5.12240662,33.6670616,-93.5915665
68855,FLYING J #861,"TCH 1, EXIT 168",Hope,BC,800,5.12391477,33.6670616,-93.5915665
68855,FLYING J #861,"TCH 1, EXIT 168",Hope,BC,800,5.13260385,33.6670616,-93.5915665
68856,KWIK N EZ #1,"I-40, EXIT 265",Checotah                                ,OK,645,2.909,35.4700917,-95.5230691
68860,PETRO STOP #394,"I-35, EXIT 101 & FM-140",Pearsall,TX,740,3.53566666,28.8921939,-99.0950330
68861,KWIK TRIP #733,SR-76/SR-44,Caledonia,MN,515,3.49066666,43.6405454,-91.5023485
68864,QUICK FUEL #3190,"I-75, EXIT 68",Dayton,OH,317,3.67733333,39.7589478,-84.1916069
68865,QUICK FUEL #3192,"I-275, EXIT 42B & SR-747",Cincinnati,OH,300,3.25233333,39.1014537,-84.5124602
68868,PUMP & PANTRY #14,SR-92/SR-2,Broken Bow,NE,330,3.299,41.4018116,-99.6393288
68869,PUMP & PANTRY #4,SR-2 & SR-11,Cairo,NE,330,3.32733333,41.0009594,-98.6074087
68873,ONVO TRAVEL PLAZA - MOUNTAIN COBB,"I-84, EXIT 8",Lake Ariel,PA,200,3.58566666,41.4539745,-75.3826810
68874,QUIKTRIP #492,"I-10, EXIT 114 & SR-85",Buckeye,AZ,930,3.369,33.4295170,-112.5918748
68875,SHEETZ #512,"I-40, EXIT 203 & SR-66",Kernersville,NC,65,2.844,36.0934547,-80.0622580
68882,CAPITAL FUELS MYTON,US-40/191,Myton,UT,835,3.50233333,40.1944043,-110.0618160
68883,CBH TRAVEL CENTER,US-85,Belle Fourche                           ,SD,506,3.299,44.6822871,-103.8543858
68885,FLYING J #488,"I-35, EXIT 69",Cotulla,TX,693,3.599,28.4526277,-99.2383591
68886,BEBO'S,SR-38,Kentwood                                ,LA,600,3.01566666,30.9382358,-90.5089843
68888,Express Lane,"US-80, EXIT 33 & US-6/SR-78",Annawan,IL,270,3.299,41.3972573,-89.9045518
68888,Express Lane,"US-80, EXIT 33 & US-6/SR-78",Annawan,IL,270,3.399,41.3972573,-89.9045518
68890,Circle K #2741795,"I-430, EXIT 12 & SR-100",Maumelle,AR,695,3.18566666,34.8364090,-92.3816709
68891,LOVES TRAVEL STOP #480,I-40 EXIT 364,Lenoir City,TN,405,3.439,35.7972998,-84.2560299
68892,OLIVE EXXON,US-31,Holland,MI,371,3.799,42.7876022,-86.1090828
68893,J & H FAMILY STORE,"I-96, EXIT 52 & SR-50",Lowell,MI,371,3.789,42.9336010,-85.3418551
68894,ROCKFORD MOBIL MART,"US-131, EXIT 97",Rockford                                ,MI,344,3.599,43.1197210,-85.5596040
68894,ROCKFORD MOBIL MART,"US-131, EXIT 97",Rockford                                ,MI,344,3.299,43.1197210,-85.5596040
68895,J & H FAMILY STORE #103,"I-196, EXIT 62",Hudsonville,MI,344,3.399,42.8708890,-85.8652350
68897,TA CARYVILLE,"I-75, EXIT 141",Pioneer,TN,405,3.00733333,36.4175798,-84.3140995
68899,XTRAMART,SR-9,Westborough,MA,175,3.649,42.2694308,-71.6129907
68900,DUCK THRU #41,US-17/SR-37,Hertford                                ,NC,130,3.599,36.3560545,-77.0115135
68901,SPEEDWAY #1224,"SR-741 & I-71, EXIT 25",Mason,OH,300,3.159,39.3570036,-84.2606568
68902,CASEYS #3062,SR-281 & SR-160,Medicine Lodge,KS,357,3.114,37.2811339,-98.5803610
68903,BIG D KWIK SHOP,SR-59,Gillette,WY,836,3.379,44.2953622,-105.4894617
68907,QUIKTRIP #943,"I-35E, EXIT 405 & US-77",Waxahachie,TX,630,2.89566666,32.4601929,-96.8422748
68908,SPEEDWAY #1804,"I-270, EXIT 32 & I-71, EXIT 116",Columbus,OH,315,3.69233333,40.0595657,-82.9377506
68912,Chisholm Corner #13,"SR-19 & I-35, EXIT 72",Pauls Valley,OK,569,3.089,34.7392055,-97.2185090
68913,CASEYS #3263,"I-90, EXIT 43 & SR-60",Worthington,MN,530,3.14233333,43.6205056,-95.5956434
68915,PUMP & PANTRY #53,US-20,Jackson,NE,527,3.41233333,42.4478917,-96.5713676
68916,YESWAY #1075,"I-20, EXIT 278",Tye,TX,575,2.87566666,32.4585482,-99.8560056
68919,GULF MART 5150,"I-90 E, MM 117",Natick                                  ,MA,34,4.06566666,42.2836393,-71.3469960
68921,GAS N GO,US-341/SR-7 & SR-96/SR-49,Fort Valley,GA,85,3.18233333,32.5584784,-83.8846123
68923,STRIPES 7FLEET #42509,US-67 & SR-137,Big Lake,TX,612,3.599,31.1954739,-101.4592746
68924,KWIK TRIP #326,"I-90, EXIT 171 & US-51 & US-14",Janesville,WI,420,3.374,42.6980723,-88.9721812
68925,KWIK TRIP #874,"I-35, EXIT 132 & US-8",Chisago City,MN,448,3.32733333,45.6847672,-92.9819566
68926,KWIK TRIP #872,SR-26,Jefferson,WI,420,3.38233333,43.1701778,-88.7315470
68927,MARATHON,US-19 & SR-80,Rosedale                                ,VA,185,3.749,36.9592782,-81.9312351
68928,PILOT TRAVEL CENTER #475,"I-40, EXIT 196 & SR-41",Moriarty,NM,580,3.244,35.0111909,-106.0438680
68929,SPEEDWAY #6953,"I-74/US-311, EXIT 65",High Point,NC,65,3.529,35.9992475,-80.0348050
68930,PILOT #4569,"I-95, EXIT 5",Hardeeville,SC,195,3.37566666,32.2689359,-81.0805888
68933,RUTTERS #23,US-30 & SR-462,Mountville,PA,70,3.979,40.0392642,-76.4307964
68935,JACKSONS FOOD STORES #144,I-84 & SR-55,Nampa                                   ,ID,785,3.899,43.5737361,-116.5596310
68936,AMOCO,US-421/SR-11 & SR-53,Burgaw,NC,245,3.599,34.5521113,-77.9260980
68937,LANTZ CORNERS MINI MART #255,US-6 & US-219,Kane                                    ,PA,240,3.71566666,41.6628394,-78.8111427
68938,TOOT N TOTUM #23,SR-136/207 & SR-152,Borger,TX,585,3.01566666,35.6689767,-101.3919481
68941,ALLTOWN MARKETS #2743,"US-3, EXIT 28",North Billerica,MA,178,3.68233333,42.5852621,-71.2877645
68946,FLYING J #97,"I-75, EXIT 64",Vandalia,OH,317,3.35233333,39.9027580,-84.1926618
68947,PILOT TRAVEL CENTER #593,"I-10, EXIT 268",Tucson,AZ,980,3.30233333,32.2228765,-110.9748470
68949,JOES KWIK MARTS #475,US-15 & SR-20,Orange,VA,180,3.33233333,38.2490349,-78.0139830
68950,KWIK TRIP #608,US-52 & SR-30,Chatfield,MN,515,3.48233333,43.8506029,-92.1933569
68951,KWIK TRIP #313,US-10 & SR-73,Neillsville,WI,395,3.339,44.5524114,-90.5957353
68952,MAVERIK COUNTRY STORE #425,"I-84, EXIT 376, US-30/US-95",Fruitland,ID,785,3.36566666,44.0076639,-116.9165461
68956,SPEEDWAY #4533,"US-18/US-12, EXIT 146",Madison,WI,448,3.599,43.0601118,-89.3255745
68957,TA EXPRESS #6259,US-85/SR-200,Alexander,ND,273,3.52566666,47.8430760,-103.6426980
68959,SPEEDWAY #5215,"I-70, EXIT 66 & SR-54",South Vienna,OH,315,3.159,39.9304499,-83.6125126
68960,MAVERIK COUNTRY STORE #484,"I-15/84, EXIT 343 & SR-126",Ogden,UT,835,3.39233333,41.2230048,-111.9738429
68964,JIFFY TRIP #201,US-64/SR-58,Cherokee                                ,OK,337,3.269,35.9158661,-94.9950063
68969,MAVERIK COUNTRY STORE #474,"I-80, EXIT 115, CR-154",Salt Lake City,UT,835,3.389,40.7596198,-111.8867970
68971,FLYING J #580,"I-20, EXIT 121",Odessa,TX,710,3.56566666,31.8645901,-102.3023644
68972,SUNOCO CLARA BARTON PLAZA #7005,NJTP MM 5 SB,Penns Grove,NJ,115,3.899,39.7295581,-75.4679734
68974,STRIPES #40801,US-181 & SR-123 & CR-347,Karnes City,TX,625,3.174,28.8849772,-97.9008356
68976,MAVERIK COUNTRY STORE #453,"I-80, EXIT 223 & SR-305",Battle Mountain,NV,835,3.389,40.6414251,-116.9338287
68977,MAVERIK COUNTRY STORE #444,US-491 & US-666,Monticello,UT,835,3.489,37.8750565,-109.3403148
68978,MAVERIK COUNTRY STORE #287,"I-84, EXIT 36 & US-30",Nampa,ID,785,3.38566666,43.5737361,-116.5596310
68979,MAVERIK COUNTRY STORE #478,"I-40, EXIT 286 & SR-77",Holbrook,AZ,930,3.224,34.9037105,-110.1593261
68981,PETRO-CARD 24 #910450,US-63 & US-36,Macon                                   ,MO,494,3.239,39.8416253,-92.5675118
68982,SHELL,US-23,Grand Blanc                             ,MI,342,3.799,42.9152089,-83.7229197
68985,LOVES TRAVEL STOP #500,"I-35, EXIT 106",Eagleville,MO,320,3.789,40.4691664,-93.9871736
68987,STRIPES #40535,I-35,Cotulla,TX,625,3.339,28.4515684,-99.2390618
68988,7-ELEVEN #40547,US-281 & SR-29,Burnet,TX,740,2.95733333,30.5411556,-98.2771855
68989,QUARLES #4907,SR-166,Norfolk,VA,130,3.809,36.8493695,-76.2899539
68990,LOVES TRAVEL STOP #490,"I-24, EXIT 158",Jasper,TN,285,3.25233333,35.0742448,-85.6260789
68991,LOVES TRAVEL STOP #514,"I-90/US-395, EXIT 221 & SR-261",Ritzville,WA,970,3.959,47.1268749,-118.3808470
68991,LOVES TRAVEL STOP #514,"I-90/US-395, EXIT 221 & SR-261",Ritzville,WA,970,4.049,47.1268749,-118.3808470
68991,LOVES TRAVEL STOP #514,"I-90/US-395, EXIT 221 & SR-261",Ritzville,WA,970,3.989,47.1268749,-118.3808470
68991,LOVES TRAVEL STOP #514,"I-90/US-395, EXIT 221 & SR-261",Ritzville,WA,970,3.919,47.1268749,-118.3808470
68991,LOVES TRAVEL STOPS #514,"I-90/US-395, EXIT 221 & SR-261",Ritzville,WA,970,4.019,47.1268749,-118.3808470
68992,SHORT STOP #24,US-24,Saint Marys,KS,553,2.96733333,39.1885288,-96.0565519
68993,SHORT STOP #22,SR-15,Clay Center,KS,316,2.97233333,39.3697686,-97.1251467
68994,SHORT STOP #25,US-36 & SR-15,Washington,KS,316,2.90233333,39.7887478,-97.0917391
68995,ALLTOWN MARKETS #839,"I-95, EXIT 10",Darien,CT,100,3.83233333,41.0787079,-73.4692873
68996,BLU / DRIVEN FUELS,"I-15, EXIT 113",Idaho Falls,ID,825,3.479,43.4887907,-112.0362800
69002,KWIK TRIP #863,US-10,Stevens Point,WI,395,3.584,44.5363090,-89.5499702
69004,Maplefields,HWY 9 N & ROUTE 22,Ticonderoga,NY,39,3.749,43.8590109,-73.4372220
69005,SPEEDWAY #1017,"I-70, EXIT 186 & SR-285",Lore City,OH,315,3.23233333,40.0310270,-81.4488704
69006,PILOT #449,"I-70, EXIT 208",Belmont                                 ,OH,165,3.539,40.0577346,-81.0506192
69007,SPEEDWAY #7136,US-41 & US-70,Nashville,TN,460,3.24233333,36.1394093,-86.7320250
69008,SPEEDWAY #7137,SR-42 & SR-111,Cookeville,TN,460,3.07733333,36.1827989,-85.4596636
69009,PILOT #1140,US-287,Rhome,TX,630,3.17566666,33.1024194,-97.4703283
69010,PILOT TRAVEL CENTER #1023,US-69 & US-59/SR-287,Lufkin,TX,610,3.659,31.3172597,-94.6992019
69013,SPEEDWAY #7124,US-231/SR-10,Lebanon,TN,460,3.024,36.1743410,-86.3015097
69014,SPEEDWAY #4100,"I-94, EXIT 308 & US-41",Milwaukee,WI,448,3.599,43.0753739,-88.0279728
69015,Joe's Kwik Mart,"I-75, EXIT 7 & US-11 & US-64",Chattanooga,TN,285,3.149,35.0609728,-85.1365135
69016,SPEEDWAY #7606,"I-75, EXIT 25",Corbin,KY,405,3.519,36.9179450,-84.1221309
69017,SHELL,US-71 & SR-511,Bossier City,LA,745,2.999,32.5158870,-93.7336536
69021,SWEET CRUDE TRAVEL CENTER,HWY 85 & SR 200,Grassy Butte,ND,273,3.64066666,47.3952923,-103.2490767
69027,SPINX #134 (DISCOUNT AVAILABLE),SR-55 & 418,Simpsonville                            ,SC,30,3.06566666,34.7373045,-82.2553710
69028,LOVES TRAVEL STOP #427,"I-75, EXIT 51",Dayton,OH,317,3.319,39.7589478,-84.1916069
69029,LOVES TRAVEL STOP #461,"I-70, EXIT 246A",Saint Louis,MO,540,3.114,38.6280278,-90.1910154
69030,LOVES TRAVEL STOP #424,"I-20, EXIT 51",Lexington,SC,135,3.40733333,33.8986841,-81.2750540
69031,LOVES TRAVEL STOP #492,"I-20, EXIT 42 & US-285",Pecos,TX,710,3.455,30.7857437,-102.8065415
69031,LOVES TRAVEL STOPS #492,"I-20, EXIT 42 & US-285",Pecos,TX,710,3.449,30.7857437,-102.8065415
69032,FLYING J #866,HIGHWAY 11/17,Pass Lake,ON,700,4.3415277,,
69032,FLYING J #866,HIGHWAY 11/17,Pass Lake,ON,700,4.90860199,,
69032,FLYING J #866,HIGHWAY 11/17,Pass Lake,ON,700,4.89957219,,
69032,FLYING J #866,HIGHWAY 11/17,Pass Lake,ON,700,4.89740997,,
69032,FLYING J #866,HIGHWAY 11/17,Pass Lake,ON,700,4.90932581,,
69032,FLYING J #866,HIGHWAY 11/17,Pass Lake,ON,700,4.90101472,,
69036,REFUEL #1038,US-15 & SR-151,Hartsville,SC,46,3.36566666,34.3740431,-80.0734005
69037,CIRCLE K #2723192,US-64 & US-421,Siler City,NC,177,2.949,35.7333188,-79.4355693
69038,REFUEL #1028,US-421/US-52 & US-15,Society Hill,SC,63,3.399,34.5126567,-79.8508976
69041,SPEEDWAY #7960,US-258/US-13,Farmville,NC,205,2.899,35.6173458,-77.6035372
69042,Joes Kwik Mart #7012,US-17/701,Georgetown,SC,205,2.999,33.4392245,-79.3343041
69043,KWIK TRIP #204,"US-51, EXIT 188",Wausau,WI,395,3.33233333,44.9349862,-89.6149227
69045,TA BRUNSWICK #6258,"I-95, EXIT 29",Brunswick,GA,75,3.46066666,31.1381521,-81.5798264
69046,SPEEDWAY #6303,"I-96, EXIT 4 & US-31",Muskegon,MI,456,3.299,43.1328419,-86.2200031
69046,SPEEDWAY #6303,"I-96, EXIT 4 & US-31",Muskegon,MI,456,3.319,43.1328419,-86.2200031
69046,SPEEDWAY #6303,"I-96, EXIT 4 & US-31",Muskegon,MI,456,3.359,43.1328419,-86.2200031
69046,SPEEDWAY #6303,"I-96, EXIT 4 & US-31",Muskegon,MI,456,3.379,43.1328419,-86.2200031
69046,SPEEDWAY #6303,"I-96, EXIT 4 & US-31",Muskegon,MI,456,3.279,43.1328419,-86.2200031
69047,SPEEDWAY #7461,I-294 & SR-50/SR-31,Alsip,IL,293,3.219,41.6616103,-87.7195743
69048,QUICK FUEL #2104,"I-74, EXIT 11",Indianapolis,IN,375,3.66233333,39.7345520,-86.2562535
69049,CIRCLE K #2741787,"I-440, EXIT 7 & US-165",North Little Rock,AR,695,3.369,34.8223172,-92.3693200
69051,PILOT TRAVEL CENTER #1225,"I-64, EXIT 23 & SR-4",Mascoutah,IL,540,3.799,38.5551050,-89.8057284
69051,PILOT TRAVEL CENTER #1225,"I-64, EXIT 23 & SR-4",Mascoutah,IL,540,3.859,38.5551050,-89.8057284
69051,PILOT #1225,"I-64, EXIT 23 & SR-4",Mascoutah,IL,540,3.859,38.5551050,-89.8057284
69052,PILOT DEALER #1193,US-93,Wikieup,AZ,930,3.839,34.7033462,-113.6113242
69052,PILOT #1193,US-93,Wikieup,AZ,930,3.899,34.6990539,-113.6101091
69053,PILOT #1192,US-60,Wittmann,AZ,930,4.899,33.7657033,-112.5140316
69053,PILOT DEALER #1192,US-60,Wittmann,AZ,930,4.899,33.7737030,-112.5270136
69055,PILOT DEALER #1058,US-301 & SR-200,Waldo,FL,140,3.799,29.7896882,-82.1673248
69055,PILOT TRAVEL CENTER #1058,US-301 & SR-200,Waldo,FL,140,3.799,29.8142663,-82.1688321
69057,MACH ONE FOOD SHOP #18,US-45/SR-15,Fairfield,IL,340,3.759,38.3789370,-88.3597684
69057,MACH ONE FOOD SHOP #18,US-45/SR-15,Fairfield,IL,340,3.729,38.3789370,-88.3597684
69058,FOOD N FUEL,SR-53,Joliet,IL,365,3.599,41.4827094,-88.1601515
69058,FOOD N FUEL,SR-53,Joliet,IL,365,3.499,41.4827094,-88.1601515
69059,LOVES TRAVEL STOP #530,"I-20, EXIT 147",Moody,AL,615,3.17566666,33.5909365,-86.4908168
69061,SPINX #125 (DISCOUNT AVAILABLE),US-25 & SR-331,Piedmont,SC,30,3.06566666,34.7105655,-82.4576119
69064,DUCK THRU #7,US-258,Rich Square                             ,NC,130,3.699,36.2737186,-77.2845336
69067,AP FUEL STOP,"I-75, EXIT 120",Lima                                    ,OH,411,3.08066666,40.7399785,-84.1050060
69069,SPINX #179 (DISCOUNT AVAILABLE),SR-291,Greenville                              ,SC,210,3.799,34.8513540,-82.3984882
69073,LOVES TRAVEL CENTER #518,"I-15, EXIT 260 & SR-77",Springville,UT,835,3.689,40.1652447,-111.6114726
69073,LOVES TRAVEL STOP #518,"I-15, EXIT 260 & SR-77",Springville,UT,835,3.809,40.1652447,-111.6114726
69076,A PLUS MINI MARKET,"I-95, MM 82",Aberdeen,MD,22,3.83233333,39.5120347,-76.1643289
69077,FLYING J #554,"I-37, EXIT 56",George West,TX,740,3.199,28.3318242,-98.1171612
69078,PILOT #559,"I-20, EXIT 178",Big Spring,TX,612,3.659,32.2655534,-101.4752895
69079,Circle K #2746432,SR-2,Stanley,ND,452,3.549,48.3172410,-102.3904520
69084,TIGER MART #79,SR-287 & FM-664,Waxahachie,TX,630,2.849,32.3944908,-96.8439365
69085,FATDOGS OGALLALA,"US-80, EXIT 126 & US-26/SR-61",Ogallala,NE,475,3.014,41.1248328,-101.7189583
69088,SPEEDWAY #3478,US-9 & SR-184,Perth Amboy,NJ,115,3.419,40.5120754,-74.2810889
69091,SPEEDWAY #6670,US-36/SR-67,Indianapolis,IN,375,3.229,39.8547663,-85.9908254
69095,JACKSONS FOOD STORE #23,"SR-395, EXIT 78",Reno                                    ,NV,966,3.999,39.5261206,-119.8126581
69096,SPEEDWAY #2907,US-62 & SR-18,Hermitage,PA,165,3.93733333,41.2262471,-80.4509941
69097,CIRCLE K #2741192,"I-30, EXIT 42B & SR-180",Dallas                                  ,TX,630,2.899,32.9980564,-96.7666581
69098,CIRCLE K #2741318,SR-285 & CR-160,Dripping Springs                        ,TX,595,3.049,30.1909696,-98.0866631
69099,LOVES TRAVEL STOP #523,"I-10, EXIT 92",Rayne,LA,600,3.149,30.2349250,-92.2684617
69100,DADS NORTH YELLOWSTONE,US-26,Idaho Falls,ID,825,3.599,43.4887907,-112.0362800
69101,BROMPTON VALERO,"I-20, EXIT 147 WEST",Moody,AL,615,3.12233333,33.5909365,-86.4908168
69102,CIRCLE K #4701445,"I-57, EXIT 250 & US-36",Rantoul,IL,280,3.599,40.3125697,-88.1370591
69102,CIRCLE K #4701445,"I-57, EXIT 250 & US-36",Rantoul,IL,280,3.799,40.3125697,-88.1370591
69103,LOVES TRAVEL STOP #539,US-385 & FM-1910,Andrews,TX,710,3.689,32.2690953,-102.6042447
69104,QUIKTRIP #970,SR-12 & SR-180,Dallas,TX,630,2.97566666,32.9084887,-96.5547416
69106,SPINX #201,"I-185, EXIT 1A, I-385, EXIT 30",Simpsonville,SC,30,2.96566666,34.7509887,-82.2902663
69109,SHEETZ #497,"I-99, EXIT 15 & US-220 (BUSINESS)",Claysburg,PA,14,3.644,40.2734461,-78.4594920
69110,SHEETZ #498,US-22/US-119,Blairsville,PA,165,3.52733333,40.4443042,-79.2300819
69112,LOVES TRAVEL STOP #529,"I-39, EXIT 54",Oglesby,IL,290,3.489,41.2953127,-89.0595266
69112,LOVES TRAVEL STOP #529,"I-39, EXIT 54",Oglesby,IL,290,3.589,41.2953127,-89.0595266
69112,LOVES TRAVEL STOP #529,"I-39, EXIT 54",Oglesby,IL,290,3.389,41.2953127,-89.0595266
69115,BP,"I-90, EXIT 387/CR-151",Hartford,SD,530,2.97733333,43.6119604,-96.9508430
69117,SPEEDWAY #6395,US-24 & SR-64,Waterville,OH,550,3.699,41.5062999,-83.7479080
69119,CIRCLE K #2741217,"I-24, EXIT 242 & US-550/SR-24",Bernalillo,NM,580,3.52566666,35.2140766,-106.6989338
69122,DOUBLE QUICK #61,US-82,Leland,MS,655,3.299,33.4064169,-90.8972263
69123,LATTA TRAVEL STOP,SR-1,Ada,OK,569,3.10733333,34.7743383,-96.6783651
69124,LOVES TRAVEL STOP #467,"I-95, EXIT 131 & SR-68",Fort Pierce,FL,95,3.50566666,27.4467056,-80.3256056
69125,TA BROOKLYN,"I-80, EXIT 197",Brooklyn,IA,380,3.819,41.7282285,-92.4439553
69127,TALL TIMBERS TRUCK STOP,"I-55, EXIT 46 & SR-16",Amite,LA,600,2.999,30.7265747,-90.5089815
69128,BEACON & BRIDGE #34,"US-127, EXIT 194 & SR-55",Houghton Lake                           ,MI,260,3.399,44.3147390,-84.7647496
69132,PILOT #1001,US-67 & SR-137,Big Lake,TX,710,4.059,31.1905217,-101.4497890
69133,PILOT TRAVEL CENTERS #557,US-180 & US-62,Hobbs                                   ,NM,593,3.729,32.6971247,-103.1835910
69134,LOVES TRAVEL STOP #486,"I-40 & US-270, EXIT 166",Choctaw,OK,483,3.33733333,34.0246234,-95.5205500
69135,SPEEDWAY #8013,"I-70, EXIT 21",Brookville,OH,317,3.34066666,39.8516491,-84.4244879
69137,CIRCLE K #2741564,"I-35/US-77, EXIT 338B",Waco                                    ,TX,765,2.889,31.5921319,-97.1838818
69139,CIRCLE K #2741545,SR-72 & US-87,Cuero,TX,747,3.099,29.0938036,-97.2900564
69141,LOVES TRAVEL STOP #558,US-283 & US-400/US-56,Dodge City,KS,570,3.789,37.7527982,-100.0170787
69142,LOVES TRAVEL STOP #517,"I-70, EXIT 26 & US-50/6",Grand Junction,CO,800,3.989,39.0672568,-108.5644800
69143,MACH 1 #21,US-45 & SR-34,Harrisburg,IL,510,3.689,37.7386740,-88.5316330
69144,STRIPES 7FLEET #42530,SR-71 & SR-16,Llano,TX,740,3.23233333,30.6663312,-98.6970374
69145,SPEEDWAY #9561,"I-77, EXIT 132",Ripley,WV,44,3.499,38.7617252,-81.6923245
69146,DRUMS FUEL STOP,I-80 EXIT 262,Drums                                   ,PA,200,3.569,41.0181390,-75.9949252
69149,BLU STATION- LAMAR AVE,"I-240, EXIT 30",Memphis,TN,435,2.969,35.1460249,-90.0517638
69150,BLU STATION,"I-70, EXIT 66 & SR-267",Plainfield,IN,375,3.479,39.7038720,-86.3994770
69151,PILOT #592,"I-70, EXIT 26 & US-50",Grand Junction,CO,800,3.999,39.1125204,-108.6482222
69151,PILOT TRAVEL CENTER #592,"I-70, EXIT 26 & US-50",Grand Junction,CO,800,3.999,39.1122437,-108.6477879
69152,LOVES TRAVEL STOP #557,"US-64/167, EXIT 44 & SR-367",Searcy,AR,695,3.36233333,35.9018987,-92.7098744
69153,Pilot Travel Center #1550,"I-65, EXIT 304 & SR-69/CR-437",Cullman,AL,615,3.859,34.1176849,-86.8643116
69153,PILOT #1550,"I-65, EXIT 304 & SR-69/CR-437",Cullman,AL,615,3.859,34.1166676,-86.8633759
69155,PILOT TRAVEL CENTERS #1004,"I-35, EXIT 214 & US-60",Tonkawa,OK,500,3.59566666,36.6961881,-97.3492586
69156,BLU STATION,"I-55, EXIT 5A",Memphis,TN,435,2.969,35.1460249,-90.0517638
69159,EXXON,US-15 & SR-49,Lawrenceville,PA,32,3.699,40.4675690,-79.9606078
69162,Shell,US-20 & SR-15,Goshen,IN,370,3.549,41.5792575,-85.8196158
69163,CUBBYS #406,"I-229, EXIT 9 & SR-115",Sioux Falls,SD,530,3.099,43.5476008,-96.7293629
69164,CIRCLE K #2741557,US-190 & SR-195 & SR-3470,Killeen,TX,765,2.76233333,31.0776951,-97.7596443
69165,EL TIPI QUICK STOP,US-283 & SR-15,Shattuck                                ,OK,337,3.23233333,36.2739613,-99.8779598
69167,HOBO TRUCK STOP 2,US-50/400 & US-83,Garden City                             ,KS,525,3.399,37.9716898,-100.8726618
69168,STRIPES 7FLEET #42470,I-20 EXIT 324 & CR-134,Cisco,TX,575,3.12733333,32.3828077,-98.9797165
69169,LAMBOS #5,"I-57, EXIT 212 & SR-36/CR-950",Tuscola,IL,280,3.229,39.7998585,-88.2884552
69170,SPEEDWAY #9381,US-50 & SR-14,Parkersburg,WV,430,3.464,39.2554755,-81.5535698
69171,KWIK STAR #215,US-61,Davenport,IA,270,3.649,41.5384372,-90.6193502
69172,KWIK TRIP #210,"US-53, EXIT 90",Eau Claire,WI,295,3.40733333,44.8633455,-91.4290856
69173,KWIK TRIP #231,US-61 & SR-310,Boscobel,WI,335,3.474,43.1408110,-90.7099603
69174,KWIK TRIP #860,SR-17,Rhinelander,WI,395,3.45233333,45.6360952,-89.3788667
69175,KWIK TRIP #854,US-212 & CR-33,Norwood Young America                   ,MN,453,3.674,44.7735732,-93.9216348
69176,FLYING J TRAVEL PLAZA #1015- TOWN PUMP,SR-200/SR-16 & CR-123,Sidney,MT,780,3.384,47.7167350,-104.1559730
69177,LOVES TRAVEL STOP #426,"I-80, EXIT 34",Shelby,IA,433,3.649,41.6682430,-95.3163623
69178,LOVES TRAVEL STOP #495,"I-75, EXIT 143 & CR-78",North Fort Myers,FL,225,3.789,26.7107375,-81.8130065
69182,XtraMart #1513,"I-87, EXIT 10 & US-9",Clifton Park,NY,12,3.899,42.9044860,-73.7843280
69183,SPEEDWAY #7611,"I-71, EXIT 65 & SR-435",Jeffersonville,OH,315,3.229,39.6173292,-83.6053445
69185,LOVES TRAVEL STOP #560,US-258 & US-58,Franklin,VA,130,3.889,37.0527719,-79.8813093
69185,LOVES TRAVEL STOPS #560,US-258 & US-58,Franklin,VA,130,3.889,37.0527719,-79.8813093
69186,LOVES TRAVEL STOP #551,US-20 & CR-127,Angola,IN,465,3.889,41.6348740,-84.9992800
69187,LOVES TRAVEL STOP #559,US-82 & US-49,Indianola,MS,655,3.31566666,33.4570986,-90.6309105
69188,PILOT TRAVEL CENTER #1013-TOWN PUMP,"I-90, EXIT 298",Belgrade                                ,MT,786,3.63066666,45.7732790,-111.1845350
69189,LOVES TRAVEL STOP #542,"I-10, EXIT 261/US-67 & I-10 BUS",Fort Stockton,TX,710,3.649,30.8919010,-102.8836620
69190,LOVES TRAVEL STOP #561,"I-10, EXIT 70 & US-90 & SR-285",Defuniak Springs,FL,20,3.609,30.7210227,-86.1152184
69193,Certified Oil #400305,SR-2 & SR-7,New Martinsville,WV,317,3.31733333,39.6445214,-80.8575993
69194,CHESAPEAKE HOUSE SUNOCO,"I-95, EXIT 97",North East,MD,243,3.83233333,39.5992989,-75.9424217
69200,BECKS EXPRESS MART #22,"I-55, EXIT 126",Lincoln,IL,280,3.299,40.1481349,-89.3636569
69201,CASEYS #3654,SR-210,Brainerd,MN,522,3.44566666,46.3580221,-94.2008288
69203,SPEEDWAY #1414,US-45,Mokena,IL,293,3.339,41.5288765,-87.8495446
69207,CIRCLE K #2705988,"I-10, EXIT 209A & US-90/SR-10",Tallahassee,FL,20,3.619,30.4118025,-84.2802407
69211,KWIK TRIP #213,"I-35/US-61, EXIT 139 & CR-19",Stacy,MN,451,3.37733333,45.3964268,-92.9976634
69213,Circle K #2741498,SR-72 & SR-16,Tilden                                  ,TX,747,3.199,28.4600647,-98.5482896
69214,MAVERIK #5031,"I-70, EXIT 90 & US-24",Rifle,CO,800,3.46233333,39.5221315,-107.7771701
69215,GASWAY,US-1,North Brunswick                         ,NJ,115,3.159,40.4539249,-74.4765450
69217,Circle K #4705624,"I-76, EXIT 2 & US-224",Seville,OH,249,3.06566666,41.0358336,-81.8651049
69218,DANDY MINI MART #58,"I-86, EXIT 41 & US-17/15",Campbell,NY,32,3.899,42.2331295,-77.1974748
69218,DANDY MINI MART #58,"I-86, EXIT 41 & US-17/15",Campbell,NY,32,3.999,42.2331295,-77.1974748
69220,CIRCLE K #2705097,"I-275, EXIT 2 & US-41",Palmetto,FL,225,3.699,27.5214269,-82.5723193
69221,PILOT TRAVEL CENTER #483,"I-80, EXIT 112 & SR-47",Morris,IL,290,3.799,41.3955238,-88.4202171
69222,PILOT TRAVEL CENTERS #1003,US-287 & US-283,Childress,TX,585,3.799,34.4353701,-100.2304245
69223,LOVES TRAVEL STOP #566,"US-231/CR-53, EXIT 12",Ozark,AL,20,3.989,31.4584764,-85.6405865
69226,STRIPES #40812,US-77,Odem,TX,625,3.199,27.9503135,-97.5832437
69228,QUIKTRIP #993,"I-20, EXIT 501 & SR-34",Terrell,TX,630,2.87066666,32.7037347,-96.2751430
69229,SPEEDWAY #7154,"I-40, EXIT 87 & US-70",Jackson,TN,460,3.399,35.6766549,-88.7455834
69230,JOES KWIK MARTS #6013,SR-16 & SR-73,Denver,NC,46,3.189,35.5312452,-81.0297994
69233,PILOT TRAVEL CENTER #597,US-23 & US-50,Chillicothe,OH,315,3.799,39.3391386,-82.9516100
69234,KWIK TRIP #220,US-53/SR-194,Duluth,MN,334,3.499,46.8000975,-92.1326553
69235,KWIK TRIP #203,US-2 & SR-35,Superior,WI,334,3.339,46.6984114,-92.0353658
69236,KWIK TRIP #225,SR-54/SR-55,Seymour,WI,582,3.39066666,44.5016487,-88.3201232
69237,KWIK TRIP #239,"I-43, EXIT 50 & SR-164",Big Bend,WI,444,3.33233333,42.9148366,-88.2197470
69238,KWIK TRIP #242,"US-41, EXIT 97",Fond Du Lac,WI,444,3.34066666,43.7842624,-88.4057641
69239,LOVES TRAVEL STOP #580,SR-20/157 & SR-133,Tuscumbia,AL,615,3.849,34.7312005,-87.7025300
69245,SPEEDWAY #7946,SR-24,Newport,NC,205,3.699,34.7113332,-76.9916116
69250,MAVERIK #5150,"I-25, EXIT 278 & SR-1",Wellington,CO,800,3.199,40.7038712,-105.0085850
69252,SPEEDWAY #6977,SR-96,Youngsville,NC,205,2.95233333,36.0248881,-78.4788287
69255,THE LANDING,US-82,Greenwood,MS,655,3.199,33.5162315,-90.1795281
69257,CATARINA ONE STOP,US-83,Catarina,TX,693,3.024,28.3463895,-99.6148489
69258,TEX-BEST #525,"I-37, EXIT 109 & SR-97",Pleasanton,TX,740,3.099,28.9938415,-98.4288573
69259,SPEEDWAY #7162,US-74/SR-311,Cleveland,TN,285,3.449,35.1793368,-84.8681407
69261,THORNTONS #314,SR-83,Bensenville,IL,290,3.449,41.9723699,-87.9581861
69261,THORNTONS #314,SR-83,Bensenville,IL,290,3.409,41.9723699,-87.9581861
69261,THORNTONS #314,SR-83,Bensenville,IL,290,3.459,41.9723699,-87.9581861
69263,LOVES TRAVEL STOP #564,US-82 & SR-50 & SR-12,Columbus,MS,615,3.249,33.4956744,-88.4272627
69288,KWIK STAR #207,"US-61, EXIT 311B & US-30",De Witt,IA,270,3.624,41.8261331,-90.5515765
69289,KWIK TRIP #224,"I-35, EXIT 254",Duluth,MN,334,3.499,46.7607881,-92.1317561
69290,LOVES TRAVEL STOP #587,"I-41/US-45, EXIT 97",Fond Du Lac,WI,444,3.44566666,43.7533414,-88.4493796
69291,LOVES TRAVEL STOP #581,"I-70, EXIT 56 & US-89",Salina,UT,835,3.70566666,38.9577420,-111.8599840
69294,KWIK TRIP #317,"I-90, EXIT 28 & SR-16",Sparta,WI,515,3.24233333,43.9402368,-90.7862995
69295,FLYING J #864,HWY 11 S & RAILWAY ST,Davidson,SK,550,4.89957219,,
69295,FLYING J #864,HWY 11 S & RAILWAY ST,Davidson,SK,550,4.90932581,,
69295,FLYING J #864,HWY 11 S & RAILWAY ST,Davidson,SK,550,4.90860199,,
69295,FLYING J #864,HWY 11 S & RAILWAY ST,Davidson,SK,550,4.89740997,,
69295,FLYING J #864,HWY 11 S & RAILWAY ST,Davidson,SK,550,4.89849084,,
69295,FLYING J #864,HWY 11 S & RAILWAY ST,Davidson,SK,550,4.90101472,,
69296,KWIK TRIP #234,"I-35, EXIT 239",Cloquet,MN,334,3.319,46.7061867,-92.4548487
69297,KWIK TRIP #241,"US-51, EXIT 208 & SR-64",Merrill,WI,395,3.40733333,45.1790101,-89.6530271
69299,SPEEDWAY #7912,US-421/SR-16,Wilkesboro,NC,65,3.134,36.1504528,-81.1985331
69300,SPEEDWAY #8262,SR-306 & SR-55,Grantsboro,NC,205,3.44066666,35.1404409,-76.8412484
69301,SPEEDWAY #6969,US-264 & SR-99,Belhaven,NC,205,3.19733333,35.5477333,-76.6328954
69305,ROAD RANGER #268,"I-64, EXIT 130 & SR-1",Grayville,IL,340,3.799,38.2405158,-87.9999077
69306,PILOT TRAVEL CENTER #500,"I-75, EXIT 460 & SR-6",Jasper,FL,10,3.369,30.5163031,-83.0587381
69307,LOVES TRAVEL STOP #578,I-55 EXIT 30 & SR-140,Hamel,IL,540,3.569,38.8889357,-89.8453750
69307,LOVES TRAVEL STOP #578,I-55 EXIT 30 & SR-140,Hamel,IL,540,3.419,38.8889357,-89.8453750
69307,LOVES TRAVEL STOP #578,I-55 EXIT 30 & SR-140,Hamel,IL,540,3.429,38.8889357,-89.8453750
69307,LOVES TRAVEL STOP #578,I-55 EXIT 30 & SR-140,Hamel,IL,540,3.689,38.8889357,-89.8453750
69308,LOVES TRAVEL STOP #535,SR-283,Middletown,PA,70,3.759,40.1701367,-74.8851959
69309,PILOT TRAVEL CENTER #1012,"US-218, EXIT 42B & US-34",Mount Pleasant,IA,270,3.56566666,40.9826741,-91.5395394
69310,PILOT TRAVEL CENTER #1006,"I-10, EXIT 456 & US-377",Junction,TX,740,3.599,30.5054253,-99.7768243
69311,GOLDEN GATE TRUCKSTOP HAWTHORNE,US-95/SR-362,Hawthorne,NV,966,4.079,38.5246441,-118.6245780
69312,ONVO TRAVEL PLAZA - DUNCANNON,US-11/15,Duncannon,PA,70,3.55233333,40.3931433,-77.0325751
69313,PETERSONS DIESEL FUELING,"I-5, EXIT 156",Seattle,WA,962,4.399,47.6038321,-122.3300620
69314,Circle K #4706799,"I-55, EXIT 283 & SR-43",Bridgeview,IL,291,3.919,41.7329602,-87.7998961
69315,ROAD RANGER #269,"I-70, EXIT 147 & SR-1",Marshall,IL,510,3.449,39.4242775,-87.6913674
69315,ROAD RANGER #269,"I-70, EXIT 147 & SR-1",Marshall,IL,510,3.249,39.4242775,-87.6913674
69315,ROAD RANGER #269,"I-70, EXIT 147 & SR-1",Marshall,IL,510,3.309,39.4242775,-87.6913674
69318,FUEL ONE,US-9 & SR-35,Avenel,NJ,115,3.37233333,40.5848314,-74.2730161
69319,SPEEDWAY #8190,US-117/13 BYP S,Goldsboro,NC,205,3.599,35.3635220,-78.0112495
69321,CIRCLE K #2741546,US-90,Gonzales,TX,747,2.87566666,29.5198849,-97.4511135
69322,SHELL SERVICE STATION,"I-10, EXIT 828 & SR-73",Winnie,TX,610,3.23233333,29.8202205,-94.3840777
69324,CIRCLE K #4707006,"I-95, EXIT 302 & US-1",Houlton,ME,170,3.899,45.1234022,-67.3484072
69330,KWIK TRIP #292,"I-43, EXIT 183",Green Bay,WI,582,3.39066666,44.5138809,-87.9061356
69333,SPEEDWAY #3578,"US-131, EXIT 64",Wayland,MI,456,3.599,42.6747224,-85.6576632
69333,SPEEDWAY #3578,"US-131, EXIT 64",Wayland,MI,456,3.499,42.6747224,-85.6576632
69333,SPEEDWAY #3578,"US-131, EXIT 64",Wayland,MI,456,3.699,42.6747224,-85.6576632
69336,SPEEDWAY #7148,"I-40, EXIT 232 & SR-109",Lebanon,TN,460,2.92233333,36.1922159,-86.4116917
69338,SPEEDWAY #6139,US-30 & SR-13,Pierceton,IN,465,3.729,41.2056860,-85.7067013
69339,SPEEDWAY #9383,"I-75, EXIT 29 & SR-63",Monroe,OH,300,3.20233333,39.4410020,-84.3415808
69341,CIRCLE K #2741067,"I-410/US-281, EXIT 41",San Antonio,TX,740,2.899,29.5043588,-98.3685474
69342,WARREN OIL,"I-90, EXIT 3 & US-41 & SR-912",Hammond,IN,365,3.439,41.6173959,-87.5220108
69344,CIRCLE K #2741078,SR-97 & SR-123,Stockdale,TX,747,3.079,29.2249960,-97.9558793
69345,RUTTERS #20,"I-76, EXIT 247 & I-283, EXIT 1A",Middletown,PA,70,3.82233333,40.1701367,-74.8851959
69346,D AND C FUEL SALES,US-6 & CR-4019,Tunkhannock                             ,PA,200,3.699,41.5385159,-75.9468440
69353,SPEEDWAY #2910,"I-79, EXIT 55",Pittsburgh,PA,165,3.909,40.5117408,-80.1324900
69354,CIRCLE K #4702411,US-36,Danville,IN,375,3.789,39.7606013,-86.5263879
69359,PETRO-CANADA,TCH,Medicine Hat                            ,AB,50,4.09179735,30.5464566,-97.9088199
69359,PETRO-CANADA,TCH,Medicine Hat                            ,AB,50,4.09933844,30.5464566,-97.9088199
69359,PETRO-CANADA,TCH,Medicine Hat                            ,AB,50,4.09994293,30.5464566,-97.9088199
69362,HART MARATHON,US-31,Hart,MI,456,3.499,43.6983410,-86.3639650
69362,HART MARATHON,US-31,Hart,MI,456,3.449,43.6983410,-86.3639650
69365,Circle K #4703911,SR-109 & SR-52,Portland,TN,460,2.959,36.5817089,-86.5163833
69369,SPEEDWAY #2912,SR-65,Baden,PA,165,3.91233333,40.6261351,-80.2296595
69374,7-ELEVEN #40558,SR-6 & CR-185,Woodway,TX,765,2.98566666,31.5126414,-97.1910664
69377,CIRCLE K #4705628,SR-21 & SR-585,Barberton,OH,249,3.58233333,41.0198394,-81.5900684
69379,Kum & Go #0535,US-6 & US-65,Des Moines,IA,320,2.98733333,41.5938511,-93.6347145
69380,CASEYS #2967,SR-43 & SR-2,Bennet,NE,413,3.229,40.6790215,-96.5078002
69383,PETRO-CANADA,"ALASKA HWY, MILE 635",Watson Lake                             ,YT,850,4.4900174,,
69383,PETRO-CANADA,"ALASKA HWY, MILE 635",Watson Lake                             ,YT,850,4.4906795,,
69384,KWIK TRIP #209,"US-41, EXIT 148 & SR-55",Kaukauna,WI,582,3.369,44.2974081,-88.2715406
69390,MINIT MART #600625,"I-57, EXIT 283 & US-24",Gilman,IL,280,3.399,40.7667015,-87.9922620
69390,MINIT MART #600625,"I-57, EXIT 283 & US-24",Gilman,IL,280,3.489,40.7667015,-87.9922620
69392,LOVES TRAVEL STOP #600,"I-69, EXIT 214",Pendleton,IN,457,3.57566666,40.0024801,-85.7459480
69393,LOVES TRAVEL STOP #594,US-35 & SR-850,Bidwell,OH,315,3.849,38.9186892,-82.2990401
69394,SPEEDWAY #3424,"I-75, EXIT 73 & SR-55",Troy,OH,411,3.13566666,40.0230905,-84.2389714
69395,SPEEDWAY #3766,US-52,Indianapolis,IN,375,3.599,39.7507676,-86.0269562
69396,SPEEDWAY #7158,"I-40, EXIT 320 & SR-98",Crossville,TN,460,3.07233333,35.9776629,-85.0139425
69397,SPEEDWAY #7163,"I-40/US-412, EXIT 85",Jackson,TN,460,3.349,35.6841886,-88.7779677
69398,SPEEDWAY #7114,"I-75, EXIT 4, SR-153, EXIT 1 & US-64/US-11",Chattanooga,TN,285,3.08233333,35.0296845,-85.1875412
69399,SPEEDWAY #7147,"I-75, EXIT 49 & SR-30",Athens,TN,285,3.349,35.4693258,-84.6530016
69400,CASEYS #4411,US-641 & SR-58,Benton,KY,490,3.199,36.8572781,-88.3503150
69401,CASEYS #3205,"I-29, EXIT 47 & US-275/SR-92",Council Bluffs,IA,319,3.599,41.2588410,-95.8519484
69402,SHELL,"I-71, EXIT 151 & SR-95",Mount Gilead,OH,315,3.759,40.4979736,-82.7208070
69403,SHORTYS ONE STOP,US-83/12/SR-20,Selby,SD,248,3.089,45.5063790,-100.0320660
69405,FLYING J #551,"I-20, EXIT 330 & SR-206",Cisco                                   ,TX,575,3.14233333,32.3738901,-99.0072349
69407,Cenex,US-14/CR-812 & US-83,Blunt                                   ,SD,571,3.1015,44.5125830,-99.9899310
69410,LOVES TRAVEL STOP #602,"I-90, EXIT 67B",Box Elder,SD,506,3.989,44.1333603,-103.0646025
69412,CIRCLE K #4705724,US-127 & CR-144,Paulding,OH,411,3.699,41.1628401,-84.5902954
69413,ASAP GENERAL STORE #300,"I-40, EXIT 66 & US-183",Clinton,OK,483,3.149,35.5156056,-98.9673069
69414,FLEX MARKET,"I-65 EXIT20, US-31 W EXIT 4",Bowling Green                           ,KY,460,2.999,36.9903199,-86.4436018
69416,CIRCLE K #2740541,HWY 90,Roans Prairie,TX,670,3.07233333,30.5836549,-95.9433240
69417,LOVLEN FOODS,US-58 & SR-615,Drewryville,VA,130,3.049,36.7157055,-77.3063603
69421,CIRCLE K #2741257,"I-10, EXIT 19B",El Paso,TX,640,2.91566666,31.7832280,-106.2858013
69423,FAST MARKET #4574,SR-375 & CR-258,El Paso,TX,640,2.90566666,31.6793660,-106.3166227
69425,5R TRAVEL CENTER,"I-10, US HWY 180, EXIT 82A",Deming,NM,640,3.049,32.2813563,-107.7600826
69426,LOVES TRAVEL STOP #553,"I-40 E, EXIT 163",Williams,AZ,930,3.59566666,35.2507000,-112.1884252
69434,CIRCLE K #2741559,US-281 & SR-29,Burnet,TX,595,2.91566666,30.7587093,-98.2282694
69436,CIRCLE K #2741077,SR-97 & CR-433,Pleasanton                              ,TX,747,2.949,28.9671940,-98.4786269
69437,CountryMark,SR-66,Evansville                              ,IN,340,3.699,37.9704950,-87.5715641
69438,LOVES TRAVEL STOP #585,"I-49/US-71, EXIT 27 & SR-86",Neosho,MO,277,3.39733333,36.8665201,-94.3701651
69439,LOVES TRAVEL STOP #608,"I-135, EXIT 60 & US-56",Mcpherson,KS,570,3.324,38.3659015,-97.6575171
69440,LOVES TRAVEL STOP #592,US-24 & SR-101,Woodburn,IN,370,3.849,41.1253271,-84.8532963
69441,LOVES TRAVEL STOP #610,"I-20, EXIT 307 & US-283",Baird,TX,575,3.10733333,32.3946111,-99.3963478
69442,Eagle #51,US-83 & FM-1917,Carrizo Springs,TX,740,3.279,28.5227245,-99.8772537
69446,SUPER SAVE #4,SR-33 & SR-15,Farmerville,LA,719,3.479,32.7747312,-92.4046686
69448,STRIPES #42525,"I-27/US-87, EXIT 2",Lubbock,TX,700,2.95733333,33.5284300,-101.8189128
69451,LOVES TRAVEL STOP #603,I-95 EXIT 366 AT PECAN PARK RD,Jacksonville,FL,75,3.399,30.3321838,-81.6556510
69452,DANDY MINI MART #5,HWY 6,Towanda,PA,32,3.999,41.7673567,-76.4429100
69453,7-ELEVEN #41033,US-69,Woodville,TX,610,3.149,30.7770894,-94.4185051
69454,SPEEDWAY #6092,"I-65, EXIT 76A & US-31",Taylorsville,IN,375,3.35733333,39.2988637,-85.9585720
69455,SPEEDWAY #4214,"I-45, EXIT 46 & US-100",Milwaukee,WI,448,3.36566666,43.1177701,-88.0598821
69458,PEOSTA KWIK STOP,"US-20, EXIT 308",Peosta,IA,335,3.489,42.4469535,-90.8433797
69459,LOVES TRAVEL STOP #583,"I-64, EXIT 27 & SR-161",New Baden,IL,540,3.849,38.5349571,-89.7007595
69462,LOVES TRAVEL STOP #619,"I-59, EXIT 29 & SR-26",Poplarville,MS,725,3.17566666,30.8401495,-89.5342315
69465,MAVERIK COUNTRY STORE #476,US-59,Gillette,WY,790,3.36566666,44.2906350,-105.5018760
69467,CIRCLE K #2741547,US-181,Floresville,TX,740,2.99566666,29.1335781,-98.1561192
69468,TOOT N TOTUM #100,US-83,Perryton,TX,585,2.999,36.3763676,-100.8017764
69469,QUIKTRIP #1110,"I-85, EXIT 60 & US-101",Greer,SC,210,3.08566666,34.8893101,-82.1575928
69471,Circle K #2741501,"I-37, EXIT 3A",Corpus Christi                          ,TX,625,3.104,27.7429602,-97.4409080
69474,LOVES TRAVEL STOP #577,"I-85, EXIT 22",Shorter,AL,720,3.22066666,32.3948615,-85.9169020
69475,GUTHRIE TRAVEL CENTER,I-35 EXT 138C,Guthrie,OK,483,2.96566666,35.8789231,-97.4252772
69477,LOVES TRAVEL STOP #621,US-36 & SR-110,Bevier,MO,310,3.439,39.7469768,-92.5640769
69480,VAN HOOK TRAVEL CENTER,US-23,New Town                                ,ND,452,3.56233333,47.9808480,-102.4901800
69483,LOVES TRAVEL STOP #607,"US-63, EXIT 40 & SR-463",Jonesboro,AR,435,3.439,35.8348088,-90.7045297
69484,KWIK TRIP #774,SR-13,Adams,WI,395,3.274,44.2200651,-89.8097440
69485,7-ELEVEN #41036,US-96,San Augustine,TX,618,3.159,31.3970365,-94.1751389
69486,DUCK THRU FOOD STORE #42,SR-186 & SR-305,Seaboard,NC,130,3.299,36.4901519,-77.4413634
69487,CIRCLE K #2742034,"I-35, EXIT 176",Schertz,TX,740,2.794,29.6262706,-98.2410994
69489,SPRINT FOODS #728,SR-38,Bennettsville,SC,63,3.399,34.6173516,-79.6847680
69492,GOOD 2 GO #418,"I-15, EXIT 273 & US-54 & US-91",Mona,UT,835,3.429,39.8218871,-111.8354028
69494,TMI FUEL STOP,SR 1,Port Allen                              ,LA,600,3.06566666,30.4533500,-91.2100569
69495,QUIKTRIP #72,US-69 & US-62,Muskogee,OK,560,3.03233333,35.6630196,-95.3927706
69496,LOVES TRAVEL STOP #601,"I-70, EXIT 115 & SR-109",Knightstown,IN,375,3.949,39.7956007,-85.5263629
69497,MACH ONE FOOD SHOP #10,"I-70 & EXIT 129, SR-49",Casey,IL,510,3.499,39.2993863,-87.9917540
69497,MACH ONE FOOD SHOP #10,"I-70 & EXIT 129, SR-49",Casey,IL,510,3.299,39.2993863,-87.9917540
69497,MACH ONE FOOD SHOP #10,"I-70 & EXIT 129, SR-49",Casey,IL,510,3.199,39.2993863,-87.9917540
69499,HANKS TRUCK STOP,US-39 & US-30,Hanna,IN,457,3.499,41.4119862,-86.7800207
69500,ROAD RANGER #271,"I-20, EXIT 108",Odessa,TX,710,3.51566666,31.7886223,-102.4786143
69501,VALLEY COUNTRY STORE,"I-84, EXIT 16B & SR-79",Jerome,ID,787,3.43233333,42.7104724,-114.5170491
69504,KWIK TRIP #245,SR-42,Plainview,MN,515,3.624,44.1606780,-92.1657648
69505,KWIK TRIP #282,"I-43, EXIT 43 & SR-83",Mukwonago,WI,444,3.33733333,42.8810736,-88.3407789
69506,KWIK TRIP #290,"I-94/US-41, EXIT 321",Oak Creek,WI,444,3.719,42.9299357,-87.9488630
69508,KWIK TRIP #777,SR-49 & CR-F,Berlin,WI,582,3.42566666,43.9686972,-88.9531696
69510,CLARK #3121,SR-46 & SR-24,Caro                                    ,MI,260,3.399,43.4086290,-83.3832344
69512,LOVES TRAVEL STOP #589,"I-27/US-87, EXIT 8 & FM-2641",Lubbock,TX,700,3.33233333,33.5855677,-101.8470215
69513,KWIK TRIP #885,WI-29 EXIT 132,Abbotsford,WI,395,3.45233333,44.9288834,-90.3126782
69514,Flying J #1033,"I-20, EXIT 138 & SR-158",Midland,TX,710,3.56566666,31.9794982,-102.0338468
69520,SPEEDWAY #2908,SR-51,Perryopolis,PA,165,3.91566666,40.0857179,-79.7610219
69521,CASEYS #3319,"US-30, EXIT 158",Nevada,IA,320,2.989,42.0227653,-93.4524342
69522,FUEL EXPRESSO 17,"I-35 & EXIT 187, SR-68",Ottawa                                  ,KS,400,3.17233333,39.1273653,-97.6568094
69524,CONCORD XTRAMART,"I-93, EXIT 17 & US-4",Concord,NH,178,3.659,43.2071780,-71.5374760
69525,DILLEY TRUCK STOP,"I-35 & EXIT 85, FM 117",Dilley,TX,740,3.06566666,28.6695971,-99.1672017
69526,STRIPES 7FLEET #42469,"I-20, US-80 EXIT 15A",Santo,TX,575,2.91733333,32.6037293,-98.2141084
69527,Exxon,"I-96, EXIT 129",Fowlerville,MI,406,3.749,42.6605894,-84.0730142
69528,KWIK STAR #283,"I-380/US-218/SR-27, EXIT 13",Cedar Rapids,IA,380,3.53233333,41.8921799,-91.6740766
69530,CIRCLE K #2741030,"I-35, EXIT 160",San Antonio,TX,740,2.999,29.5043588,-98.3685474
69531,Kwik Star#223,"I-35, EXIT 194 & US-18/SR-122",Clear Lake,IA,433,3.079,43.1370751,-93.3813637
69532,JACKSONS FOOD STORE #147,"I-84, EXIT 27/US-20 & SR-19",Caldwell                                ,ID,785,3.579,43.6678736,-116.6894150
69534,CAIRO TRAVEL CENTER,US-84/SR-38,Cairo                                   ,GA,20,3.424,30.8773326,-84.2079425
69536,7-ELEVEN #40802,US-87,Nixon,TX,740,3.079,29.2696579,-97.7625132
69541,PILOT #1027,US-385 & CR-E,Vega                                    ,TX,585,3.30566666,35.2359127,-102.4289014
69542,PILOT #1030,"I-57, EXIT 353",Alsip,IL,290,3.359,41.6627138,-87.7006327
69542,PILOT TRAVEL CENTER #1030,"I-57, EXIT 353",Alsip,IL,290,3.459,41.6636906,-87.7010738
69542,PILOT TRAVEL CENTER #1030,"I-57, EXIT 353",Alsip,IL,290,3.499,41.6636906,-87.7010738
69542,PILOT TRAVEL CENTER #1030,"I-57, EXIT 353",Alsip,IL,290,3.599,41.6636906,-87.7010738
69542,PILOT #1030,"I-57, EXIT 353",Alsip,IL,290,3.459,41.6627138,-87.7006327
69545,LOVES TRAVEL STOP #628,"I-35E, EXIT 386 & FM-1134",Italy,TX,630,3.10233333,32.1840381,-96.8847194
69546,KWIK TRIP #186,"I-35, EXIT 183",Hinckley,MN,334,3.35233333,46.0096742,-92.9257877
69547,KWIK TRIP #297,"US-10, WI-441",Menasha,WI,582,3.49066666,44.2125735,-88.4032808
69549,KWIK TRIP #178,"I-494, EXIT 64B & SR-156",South Saint Paul,MN,451,3.60733333,44.8843584,-93.0310519
69550,KWIK TRIP #273,"I-35, EXIT 251B & SR-23",Duluth,MN,334,3.499,46.7305166,-92.1803521
69553,SPEEDWAY #2120,US-30,Oswego,IL,293,3.249,41.6964088,-88.2611548
69553,SPEEDWAY #2120,US-30,Oswego,IL,293,3.259,41.6964088,-88.2611548
69553,SPEEDWAY #2120,US-30,Oswego,IL,293,3.299,41.6964088,-88.2611548
69554,SPEEDWAY #8047,"I-70, EXIT 104 & SR-9",Greenfield,IN,375,3.599,39.8264214,-85.7708635
69558,CIRCLE K #2741070,FM-1560,San Antonio,TX,740,2.914,29.5043588,-98.3685474
69559,CASEYS #3424,"I-35, EXIT 26 & SR-30",Ellendale                               ,MN,433,3.499,43.8728443,-93.3010744
69560,LOVES TRAVEL STOP #614,"I-40, EXIT 149",Albuquerque,NM,580,3.52066666,35.0841034,-106.6509850
69561,SPEEDWAY #7156,"I-40/75, EXIT 374 & SR-131",Knoxville,TN,405,3.26566666,35.9984939,-83.8732473
69562,SPEEDWAY #8796,"I-496, EXIT 11",Lansing,MI,406,3.699,42.6823161,-84.5127556
69563,SPEEDWAY #9651,"I-75, EXIT 104",Lexington,KY,410,3.149,37.9637836,-84.3918660
69564,SPEEDWAY #7106,"I-40, EXIT 280 & SR-56",Baxter,TN,460,3.06566666,36.1392545,-85.6280695
69565,PILOT #1021,"I-196, EXIT 49",Holland,MI,406,3.999,42.7407949,-86.0698995
69565,PILOT #1021,"I-196, EXIT 49",Holland,MI,406,4.099,42.7407949,-86.0698995
69566,PILOT TRAVEL CENTER #1024,"I-80, EXIT 132B & SR-53",Joliet,IL,290,3.799,41.4799950,-88.0788915
69566,PILOT #1024,"I-80, EXIT 132B & SR-53",Joliet,IL,290,3.799,41.4799950,-88.0788915
69567,KWIK TRIP #166,"I-35, EXIT 214",Moose Lake,MN,334,3.319,46.4332081,-92.7554478
69568,KWIK TRIP #295,SR-26 & SR-59,Milton,WI,420,3.399,42.7827659,-88.9627942
69570,CENEX CONVENIENCE,SR-34 & CR-21,Detroit Lakes,MN,341,3.499,46.8171810,-95.8453250
69572,AC & T GARLAND GROH,I-81 EXIT 7B,Hagerstown,MD,70,3.559,39.6430455,-77.7191081
69573,AC & T Falling Waters,"I-81, EXIT 23",Falling Waters                          ,WV,70,3.849,39.5653290,-77.8864762
69574,LOVES TRAVEL STOP #622,"I-94, EXIT 45 & CR-B",Menomonie,WI,450,3.579,44.8765289,-91.9278716
69575,LOVES TRAVEL STOP #537,"I-68, EXIT 46 & US-220/SR-144",Cumberland,MD,14,4.249,39.6526498,-78.7623830
69576,PILOT #498,US-69/75 & SR-7,Atoka,OK,253,3.499,34.3644733,-96.1402587
69580,GORES TRAVEL PLAZA,US-270/SR-3,Seiling,OK,483,3.149,36.1480287,-98.9244672
69581,BYRNE DAIRY #22,"I-81, EXIT 15 & US-20",La Fayette                              ,NY,220,4.299,42.8925794,-76.1060197
69584,LOVES TRAVEL STOP #648,US-70,Valliant,OK,253,3.099,34.0023293,-95.0938386
69585,LOVES TRAVEL STOP #618,"I-75, EXIT 136 & SR-32",Sadieville,KY,300,3.139,38.3892392,-84.5374424
69586,FLYING J #853,TCH-17,Sault Ste Marie,ON,460,4.45390331,,
69586,FLYING J #853,TCH-17,Sault Ste Marie,ON,460,4.46211176,,
69586,FLYING J #853,TCH-17,Sault Ste Marie,ON,460,4.45193778,,
69586,FLYING J #853,TCH-17,Sault Ste Marie,ON,460,4.45292033,,
69586,FLYING J #853,TCH-17,Sault Ste Marie,ON,460,4.45521463,,
69586,FLYING J #853,TCH-17,Sault Ste Marie,ON,460,4.46276974,,
69587,LAMBOS #3,"I-57, EXIT 190A & SR-16",Mattoon,IL,280,3.399,39.4842821,-88.3773279
69588,FUEL CITY,"I-30, EXIT 52B & US-80",Mesquite,TX,630,2.96566666,32.7915542,-96.6567573
69589,LOVES TRAVEL STOP #604,I-35 EXIT 157 & SR-33,Guthrie,OK,483,3.319,35.8789231,-97.4252772
69590,LOVES TRAVEL STOP #654,US-81,Union City,OK,483,3.37566666,35.3917233,-97.9414364
69591,REBEL PLUS #841,"I-75, EXIT 116 & CR-865",Bonita Springs,FL,225,3.539,26.3398060,-81.7786972
69592,SPEEDWAY #6131,"I-465, EXIT 49",Indianapolis,IN,375,3.799,39.7344233,-86.0644662
69594,SPEEDWAY #8480,US-30 & CR-36,Plainfield,IL,293,3.279,41.5936709,-88.1863003
69594,SPEEDWAY #8480,US-30 & CR-36,Plainfield,IL,293,3.339,41.5936709,-88.1863003
69595,SPEEDWAY #7176,US-31/SR-6,Columbia,TN,460,3.359,35.6508426,-87.0118492
69596,SPEEDWAY #4250,SR-72,Des Plaines,IL,293,3.289,42.0088614,-87.9009057
69596,SPEEDWAY #4250,SR-72,Des Plaines,IL,293,3.499,42.0088614,-87.9009057
69597,SPEEDWAY #2918,US-119,Uniontown,PA,165,3.91566666,39.9020174,-79.7531542
69598,SPEEDWAY #8133,SR-237,Berea,OH,305,3.499,41.3889632,-81.8519894
69599,One9 SPEEDWAY #2917,SR-48 & SR-130,Monroeville,PA,165,3.99233333,40.4211798,-79.7881025
69601,LOVES TRAVEL STOP #638,US-54,Texhoma,OK,585,3.509,36.5049779,-101.7857480
69605,CASEYS #3305,SR-23 & SR-47,Ogilvie,MN,333,3.371,45.8321825,-93.4263416
69607,PANOLA PINES PLAZA,I-59,Carthage,TX,618,3.139,32.1570412,-94.3381140
69608,STRIPES,FM 1924,Mission,TX,639,3.099,31.9202654,-102.2923421
69611,CUBBYS #2104,CR-131,Shelby                                  ,NE,313,3.399,41.1938252,-97.4260225
69612,ROAD RANGER #272,"I-35, EXIT 39 & SR-44",Encinal,TX,693,3.539,28.0470114,-99.3486951
69614,RUTTERS #36,US-15 & SR-234,York Springs,PA,70,4.299,40.0089827,-77.1155359
69615,LOVES TRAVEL STOP #631,US-275/SR-64,Valley,NE,270,3.34566666,41.5595723,-98.9805484
69616,FLYING J #552,"I-71, EXIT 32 & SR-350",Lebanon,OH,407,3.399,39.4353373,-84.2029922
69618,LOVES TRAVEL STOP #656,US-50/400,Holcomb,KS,525,3.729,37.9859154,-100.9887562
69621,Circle K #2741096,"I-10/US-90, EXIT 591 & FM-1518",Converse                                ,TX,740,2.93566666,29.5336175,-98.3000653
69625,RUTTERS #34,US-30 & SR-23,Leola,PA,70,4.199,40.0878750,-76.1849534
69626,CASEYS #2860,US-160 & FM-6070,West Plains,MO,535,3.419,36.7281652,-91.8525756
69627,STRIPES #40601,US-83 & FM-2360,Rio Grande City,TX,639,2.99566666,26.3690020,-98.7944365
69629,SWANTON MOBIL,"I-89, EXIT 21 & SR-78",Swanton,VT,39,3.539,44.9181593,-73.1242364
69630,MANSFIELD TRAVEL PLAZA,SR-175 & SR-509,Mansfield,LA,745,3.019,32.0218301,-93.7143492
69632,Circle K #2709300,US-72/SR-2,Huntsville,AL,460,2.97733333,34.7194245,-86.5914050
69633,ONE9 EXPRESS FUEL,"I-10, EXIT 42 & FM-1110",Clint,TX,640,2.80233333,31.5900742,-106.2278710
69634,FLYING J #863,HWY 1 & HWY 46,Balgonie,SK,550,4.50861664,,
69634,FLYING J #863,HWY 1 & HWY 46,Balgonie,SK,550,4.5076218,,
69634,FLYING J #863,HWY 1 & HWY 46,Balgonie,SK,550,4.51792304,,
69634,FLYING J #863,HWY 1 & HWY 46,Balgonie,SK,550,4.50961192,,
69634,FLYING J #863,HWY 1 & HWY 46,Balgonie,SK,550,4.51093964,,
69634,FLYING J #863,HWY 1 & HWY 46,Balgonie,SK,550,4.51858925,,
69636,PETRO WILMINGTON,"I-55, EXIT 240",Wilmington,IL,290,3.399,41.3449912,-88.1972765
69636,PETRO WILMINGTON,"I-55, EXIT 240",Wilmington,IL,290,3.499,41.3449912,-88.1972765
69636,PETRO WILMINGTON,"I-55, EXIT 240",Wilmington,IL,290,3.449,41.3449912,-88.1972765
69636,PETRO WILMINGTON,"I-55, EXIT 240",Wilmington,IL,290,3.539,41.3449912,-88.1972765
69637,PILOT #1041,SR-64 & CR-23,Carol Stream,IL,290,3.759,41.9033437,-88.1229356
69637,PILOT TRAVEL CENTER #1041,SR-64 & CR-23,Carol Stream,IL,290,3.699,41.9035937,-88.1230249
69637,PILOT #1041,SR-64 & CR-23,Carol Stream,IL,290,3.799,41.9033437,-88.1229356
69637,PILOT TRAVEL CENTER #1041,SR-64 & CR-23,Carol Stream,IL,290,3.799,41.9035937,-88.1230249
69643,Tex-Best #524,SR-44 E,Alice,TX,625,2.899,27.7522487,-98.0697249
69646,Arco One9,"I-10, EXIT 19",Quartzsite,AZ,930,3.379,33.6669903,-114.2168100
69646,Arco dba One9 #1258,"I-10, EXIT 19",Quartzsite,AZ,930,3.359,33.6669903,-114.2168100
69647,SPEEDWAY #6207,SR-25,Batavia,IL,293,3.699,41.8545039,-88.2782118
69647,SPEEDWAY #6207,SR-25,Batavia,IL,293,3.599,41.8545039,-88.2782118
69648,BP-GIANT OIL #440,"I-71, EXIT 204 & SR-83",Burbank,OH,249,3.23233333,40.9886670,-81.9948684
69649,SPEEDWAY #2921,"I-80, EXIT 29 & SR-8",Harrisville,PA,573,3.434,41.2033440,-79.9753358
69651,LOVES TRAVEL STOP #074,SR-19 & SR-76,Lindsay,OK,483,3.09066666,34.8347959,-97.6025319
69652,LOVES TRAVEL STOP #633,US-30,Plymouth,IN,365,3.849,41.3436555,-86.3097278
69653,LOVES TRAVEL STOP #644,"I-70, EXIT 437 & US-385",Burlington,CO,800,3.889,39.3046827,-102.2680065
69654,LOVES TRAVEL STOP #636,US-169,Nowata,OK,500,3.399,36.7798848,-95.6226184
69657,JIFFY MART,US-7 & SR-22A,Ferrisburgh,VT,39,3.599,44.2008713,-73.2472641
69658,Missouri Travel,"I-29, EXIT 75 & US-30",Missouri Valley,IA,319,3.424,41.5564975,-95.8879438
69659,QUIKTRIP #1092,"I-77, EXIT 77 & US-21/SR-5",Rock Hill,SC,46,3.134,34.9124600,-80.9783007
69662,STRIPES 7FLEET #42472,US-377,Brownwood,TX,575,2.96233333,31.7070026,-98.9831022
69663,STRIPES #2484,SR-480 & FM-1021,Eagle Pass,TX,740,3.199,28.6705344,-100.4545796
69664,7-ELEVEN #40544,US-281,Lampasas,TX,765,2.91566666,31.1761363,-98.2405630
69666,7-ELEVEN #40587,SR-21 & FM-150,Maxwell,TX,595,3.15233333,33.0121243,-96.6015441
69668,LOVES TRAVEL STOP #643,"I-55/57, EXIT 66A & US-60",Sikeston,MO,490,3.549,36.8767190,-89.5878579
69669,LOVES TRAVEL STOP #623,"I-20/SR-349, EXIT 131",Midland,TX,710,3.55566666,31.8368800,-102.0103767
69670,LOVES TRAVEL STOP #611,"I-90, EXIT B3 & SR-22",Canaan,NY,12,3.989,42.4118426,-73.4496088
69670,LOVES TRAVEL STOP #611,"I-90, EXIT B3 & SR-22",Canaan,NY,12,3.979,42.4118426,-73.4496088
69671,LOVES TRAVEL STOP #655,US-83 & SR-96,Scott City,KS,525,3.63733333,38.4825192,-100.9070940
69672,STRIPES 7FLEET #42507,US-285,Pecos,TX,710,3.379,30.7857437,-102.8065415
69673,QUIKTRIP #1863,"SEC HWY 114, I-35",Roanoke,TX,630,2.97566666,33.0040126,-97.2258483
69674,WEIGLES #64,"I-75, EXIT 122 & SR-61",Clinton,TN,405,2.99566666,36.1034126,-84.1318632
69676,SPEEDWAY #8495,"US-19/SR-400, EXIT 12",Alpharetta,GA,18,3.349,34.1234942,-84.2243222
69679,LOVES TRAVEL STOP #627,US-27 & SR-54,Davenport,FL,140,3.55233333,28.1614046,-81.6017417
69680,PILOT #1042,I-55 EXIT 283,Bridgeview,IL,290,3.799,41.7540494,-87.7986311
69680,PILOT TRAVEL CENTER #1042,I-55 EXIT 283,Bridgeview,IL,290,3.799,41.7540494,-87.7986311
69681,PILOT #1549,"I-20, EXIT168 & SR-77",Lincoln,AL,615,3.199,33.5933804,-86.1212789
69681,PILOT TRAVEL CENTER #1549,"I-20, EXIT168 & SR-77",Lincoln,AL,615,3.109,33.5933804,-86.1212789
69682,PILOT #1577,"I-75, EXIT 141 & SR-63",Pioneer,TN,405,3.02566666,36.4175798,-84.3140995
69683,GOOD TO GO #88,"I-55, EXIT 283",Chicago,IL,291,3.619,41.8755616,-87.6244212
69684,KWIK TRIP #140,"SR-29, EXIT 177",Schofield,WI,395,3.424,44.9056162,-89.6058158
69686,CASEYS #3472,SR-125 & SR-78,Virginia,IL,368,3.759,39.9511595,-90.2123427
69686,CASEYS #3472,SR-125 & SR-78,Virginia,IL,368,3.659,39.9511595,-90.2123427
69686,CASEYS #3472,SR-125 & SR-78,Virginia,IL,368,3.799,39.9511595,-90.2123427
69687,CASEYS #3470,US-421 & SR-16,Monon,IN,375,3.779,40.8630369,-86.8793079
69688,CASEYS #3431,US-150 & SR-54,Farmer City,IL,368,3.339,40.2433676,-88.6425668
69693,MAVERIK COUNTRY STORE #527,"US-89, EXIT 405",Ogden,UT,835,3.439,41.2230048,-111.9738429
69694,MAVERIK COUNTRY STORE #533,US-91 & SR-101,Wellsville                              ,UT,835,3.444,41.6385432,-111.9338340
69695,MAVERIK COUNTRY STORE #488,"I-15/US-89, EXIT 288",Draper,UT,835,3.44566666,40.5247777,-111.8627989
69696,MAVERIK COUNTRY STORE #531,"I-80/15, EXIT 305D",Logan,UT,835,3.43066666,41.7313063,-111.8349140
69698,KUM & GO #0891,I-44 (EASTBOUND),Vinita,OK,560,3.059,36.6226564,-95.1474846
69699,CIRCLE K #2741552,"SR-969, SR-130, EXIT 444",Austin                                  ,TX,595,2.93233333,30.2252951,-97.7027994
69701,PUMP & PANTRY #48,US-30 & SR-25,Fremont,NE,486,3.319,41.4338363,-96.4960449
69702,SPEEDWAY #7159,"I-40/SR-66, EXIT 412",Dandridge,TN,405,3.259,36.0109348,-83.5325506
69703,CIRCLE K #2741831,"I-35, EXIT 8B & SR-20",Laredo,TX,693,2.90233333,27.4320294,-99.4785572
69707,SUPER S TRAVEL PLAZA,"I-49, EXIT 241",Ida,LA,745,3.059,33.0028525,-93.8929997
69708,TA Express #289,US-59,Nacogdoches,TX,618,3.139,31.6518143,-94.6789622
69709,LOVES TRAVEL STOP #626,US-287,Dumas,TX,585,3.41566666,35.8630199,-101.9663192
69710,LOVES TRAVEL STOP #625,"I-80, EXIT 59 & SR-17J",Sidney,NE,475,3.47233333,41.1448682,-102.9767382
69711,PILOT TRAVEL CENTER #1047,"I-295, EXIT 25",Jacksonville,FL,75,3.384,30.2840493,-81.9842339
69711,PILOT #1047,"I-295, EXIT 25",Jacksonville,FL,75,3.359,30.2981934,-81.4524765
69712,LOVES TRAVEL STOP #650,"I-84/US-30, EXIT 159",Boardman,OR,935,3.52233333,45.8398550,-119.7005830
69713,EAGLE #56,"I-45, Exit 189",Teague,TX,765,3.48233333,31.6271145,-96.2838621
69715,CASEYS #2712,SR-8/SR-14,Superior,NE,413,3.36233333,40.0208470,-98.0700440
69719,SHEETZ #033,"I-99/US-220, EXIT 41 & SR-865",Altoona,PA,14,3.529,40.4803019,-78.4031731
69720,PILOT #1046,US-27 & SR-80,South Bay,FL,176,3.799,26.6670119,-80.7163298
69720,PILOT TRAVEL CENTER #1046,US-27 & SR-80,South Bay,FL,176,3.799,26.6670119,-80.7163298
69721,MFA,US-36,Brookfield                              ,MO,276,3.249,39.7844687,-93.0735348
69723,SPEEDWAY #5036,I-90 & US-20,Hampshire,IL,293,3.369,42.1478135,-88.5100235
69727,PETRO-CARD 24 #910880,SR-6/13,Gallatin,MO,276,3.299,39.9148326,-93.9622221
69729,MFA OIL,US-63 & HWY E,Queen City,MO,494,3.249,40.4091966,-92.5676916
69731,PETRO-CARD 24 #910561,"I-49, EXIT 102A",Nevada                                  ,MO,277,3.349,37.8381108,-94.3596185
69732,PETRO-CARD 24 #911043,US-65,Sedalia                                 ,MO,392,3.249,38.7098314,-93.2295515
69735,PETRO-CARD 24 #910200,US-65 & BUS US-36,Chillicothe,MO,276,3.289,39.7948749,-93.5532779
69740,LOVES TRAVEL STOP #613,"I-81, EXIT 24 & SR-80",Meadowview,VA,185,3.599,36.7632845,-81.8744385
69741,LOVES TRAVEL STOP #659,"I-10, EXIT 133B",Tolleson,AZ,930,3.569,33.4500497,-112.2593090
69742,LOVES TRAVEL STOP #630,US-412/64,Enid,OK,337,3.78733333,36.3967623,-97.8791341
69743,LOVES TRAVEL STOP #647,US-81,Belleville,KS,523,3.81566666,39.8246673,-97.6325554
69744,LOVES TRAVEL STOP #632,US-54 & US-83,Liberal,KS,585,3.66566666,37.0430812,-100.9209990
69745,PILOT #1070,"I-40/US-54, EXIT 277 & US-84",Santa Rosa,NM,580,3.46233333,34.9469361,-104.6506580
69746,Maverik Country Store #5014,I-80 E EXIT 110 & HWY169,De Soto,IA,320,3.099,41.5318591,-94.0085214
69747,SUNOCO,I-69 & YS HWY 30,Fort Wayne,IN,370,3.604,41.1326320,-85.1981716
69748,SUNOCO,SR-930 E,Fort Wayne                              ,IN,370,3.59733333,41.1326320,-85.1981716
69750,CIRCLE K #2704041,"I-35, EXIT 183",New Braunfels,TX,740,2.859,29.6849534,-98.1253221
69751,MFA,CR-37,Purdy,MO,416,3.349,36.8172863,-93.9207600
69755,PILOT #1082,"I-526, EXIT 19",Charleston,SC,42,3.41566666,32.6668267,-80.2327619
69758,MAVERIK COUNTRY STORE #537,I-215 EXIT 21,Salt Lake City                          ,UT,835,3.38233333,40.7596198,-111.8867970
69764,MAVERIK COUNTRY STORE #538,I-15 & SR-99,Fillmore,UT,835,3.38733333,38.9688118,-112.3235870
69765,7-ELEVEN #40509,I-90/80 EB,Howe,IN,465,3.899,41.7213720,-85.4206528
69766,Marathon,"I-75, EXIT 99 & SR-119",Anna,OH,411,3.029,40.3948773,-84.1729332
69770,SASSYS TRUCK STOP,"I-86, EXIT 23 & US-219",Limestone,NY,240,3.159,42.0224930,-78.6352294
69772,CIRCLE K #2741825,"I-410, EXIT 2 & FM-2536",San Antonio                             ,TX,740,3.099,29.5043588,-98.3685474
69780,Bolingbrook Mart,"I-55, EXIT 269",Bolingbrook,IL,293,3.639,41.7003302,-88.0717708
69782,BYRNE DAIRY #14,SR-414 & SR-318,Waterloo,NY,190,3.999,42.9604525,-76.8470451
69783,SHEETZ #603,"I-78 US-22, EXIT 13 & SR-501",Bethel,PA,208,3.32733333,40.4751542,-76.2935675
69784,KWIK TRIP #158,US-10 & SR-23,Saint Cloud,MN,451,3.27733333,45.5672584,-94.1347385
69785,LOVES TRAVEL STOP #662,US-287 & SR-285,Quanah,TX,585,3.849,34.2937246,-99.7423674
69786,LOVES TRAVEL STOP #671,"I-55, EXIT 63 & US-61",Blytheville,AR,275,3.45566666,35.9288199,-89.9073557
69787,LOVES TRAVEL STOP #616,"I-49, EXIT 158",Harrisonville,MO,400,3.429,38.6551240,-94.3471072
69788,LOVES TRAVEL STOP #612,"SR-370, EXIT 9 & SR-141",Bridgeton,MO,540,3.12066666,38.7566055,-90.4235200
69789,LOVES TRAVEL STOP #620,US-301 & SR-20,Hawthorne,FL,140,3.789,29.5918856,-82.0869578
69790,LOVES TRAVEL STOP #641,I-155/US-412 EXIT 13 & SR-78,Dyersburg,TN,275,3.40233333,36.0346393,-89.3857496
69791,PILOT #1083,US-287 & US-54,Stratford,TX,585,3.499,36.3308102,-102.0734772
69792,FLYING J #1061,"I-44, EXIT 72",Springfield,MO,416,3.38233333,37.2145091,-93.3813106
69797,KWIK TRIP #149,US-10,Saint Cloud,MN,451,3.21066666,45.5670059,-94.1342457
69798,LOVES TRAVEL STOP #060,US-36 & US-283,Norton,KS,525,3.109,39.7944702,-99.9100033
69799,MAVERIK COUNTRY STORE #387,"I-40, EXIT 253",Winslow,AZ,930,3.23566666,35.0169190,-110.7257555
69800,MAVERIK COUNTRY STORE #502,US-385 & SR-2,Alliance,NE,795,3.259,42.0971897,-102.8707145
69801,MAVERIK COUNTRY STORE #409,"I-580, EXIT 41 & SR-531",Carson City,NV,966,3.589,39.1663259,-119.7670374
69803,THORNTONS #319,"I-55, EXIT 248 & US-6",Channahon,IL,399,3.249,41.4548913,-88.1993114
69803,THORNTONS #319,"I-55, EXIT 248 & US-6",Channahon,IL,399,3.299,41.4548913,-88.1993114
69804,KWIK TRIP #184,"I-94, EXIT 293",Pewaukee,WI,444,3.449,43.0484855,-88.2582895
69809,KWIK TRIP #162,"I-94, EXIT 202",Elk River,MN,451,3.29733333,45.3038538,-93.5671825
69811,Chisholm Corner #16,US-81 & SR-7,Marlow,OK,569,3.01566666,34.6477329,-97.9579447
69813,SHEETZ #608,"I-81, EXIT 24 & CR-696",Shippensburg,PA,70,3.28566666,40.0130602,-77.5342342
69814,Allsup's #2454,US-87 & SR-163,Sterling City                           ,TX,612,3.224,31.8384837,-100.9850761
69815,CENEX ZIP TRIP #75,"I-94/US-12, EXIT 138 & US-59",Miles City,MT,780,3.49733333,46.4070219,-105.8478430
69816,STRIPES #42503,"I-27, EXIT 1",Lubbock,TX,700,2.95066666,33.5284300,-101.8189128
69817,LOVES TRAVEL STOP #639,"I-20, EXIT 96",Lake,MS,705,3.16233333,32.3443601,-89.3259931
69818,LOVES TRAVEL STOP #675,US-75,Okmulgee,OK,560,3.21733333,35.6677078,-95.9690122
69819,FLYING J #1086,SR-18 & SR-5,Marion,IN,457,3.489,39.6929575,-86.1905326
69819,FLYING J TRAVEL PLAZA #1086,SR-18 & SR-5,Marion,IN,457,3.649,40.5583739,-85.6591442
69820,CUBBYS #304,SR-7,Manson                                  ,IA,319,3.299,42.5291439,-94.5341421
69821,FUEL CITY HALTOM CITY,"I-35W, EXIT 52B & TX-121",Haltom City,TX,630,2.96566666,32.7828060,-97.2736827
69823,LOVES TRAVEL STOP #664,US-41,Terre Haute,IN,375,3.949,39.4667025,-87.4139119
69824,LOVES TRAVEL STOP #663,US-190 & LA-103,Port Barre,LA,730,3.124,30.5601953,-91.9540055
69825,KWIK TRIP #154,MN-15,Sauk Rapids,MN,451,3.30233333,45.6103327,-94.1767131
69826,LOVES TRAVEL STOP #629,I-65 EXIT 108 & SR-76,White House,TN,460,3.159,36.4682439,-86.6536503
69827,KWIK TRIP #164,US-12/SR-29,Menomonie,WI,295,3.499,44.8804401,-91.9049977
69830,RUTTERS #69,"I-78/US-22, EXIT 29 & SR-61",Hamburg,PA,208,3.86566666,40.5553081,-75.9824083
69832,LOVES TRAVEL STOP #595,"I-10, EXIT 28 & SR-49",Gulfport,MS,733,3.144,30.3674198,-89.0928155
69833,LOVES TRAVEL STOP #658,US-412,Watts,OK,416,3.34733333,36.1092487,-94.5702202
69835,LOVES TRAVEL STOP #653,US-287   ,Eads,CO,800,3.47566666,38.4809954,-102.7817838
69837,LOVES TRAVEL STOP #606,"I-94, EXIT 73B & US-6",South Holland,IL,290,3.489,41.6008681,-87.6069894
69837,LOVES TRAVEL STOP #606,"I-94, EXIT 73B & US-6",South Holland,IL,290,3.449,41.6008681,-87.6069894
69837,LOVES TRAVEL STOP #606,"I-94, EXIT 73B & US-6",South Holland,IL,290,3.329,41.6008681,-87.6069894
69837,LOVES TRAVEL STOP #606,"I-94, EXIT 73B & US-6",South Holland,IL,290,3.549,41.6008681,-87.6069894
69840,KUM & GO #0370,"I-80, EXIT 439 & SR-370",Gretna,NE,486,2.92066666,41.1461037,-96.1615781
69842,KUM & GO #0863,"I-44, EXIT 215 & SR-97",Sapulpa,OK,560,3.23233333,36.0085105,-96.1109209
69845,Maverik Country Store #5013,US-40 & SR-13,Craig,CO,800,3.459,40.5152491,-107.5464541
69847,KWIK STAR #145,US-52,Guttenberg,IA,335,3.599,42.7858231,-91.0995735
69848,KWIK TRIP #173,SR-17,Rhinelander,WI,395,3.45233333,45.6556534,-89.3989533
69850,KUM & GO #0539,"I-80 E, & SR-415 EXIT 135",Des Moines,IA,320,3.07233333,41.5940153,-93.6344381
69851,SPEEDWAY #3995,I-90,Belvidere,IL,293,3.849,42.2397275,-88.8326447
69852,KWIK TRIP #141,SR-61,Two Harbors,MN,334,3.499,47.0249168,-91.6807766
69854,LOVES TRAVEL STOP #637,"I-39, EXIT 115 & CR-CS",Poynette,WI,420,3.789,43.3912031,-89.4028620
69855,LOVES TRAVEL STOP #670,US-18,Floyd,IA,433,3.649,43.0587894,-92.7830539
69856,LOVES TRAVEL STOP #657,"I-77, EXIT 5 & SR-48",Cayce,SC,46,3.39733333,33.9657091,-81.0739827
69858,TEX-BEST #528,US-181,Elmendorf                               ,TX,740,2.89233333,29.2654044,-98.3051524
69859,BIG BOSS TRAVEL PLAZA,I-12 EXIT 22,Livingston                              ,LA,600,3.16566666,30.4715082,-90.7502081
69861,HUCKS FOOD & FUEL #379,"I-57, EXIT 53",Marion,IL,340,3.549,38.6477381,-88.9232112
69861,HUCKS FOOD & FUEL #379,"I-57, EXIT 53",Marion,IL,340,2.929,38.6477381,-88.9232112
69861,HUCKS FOOD & FUEL #379,"I-57, EXIT 53",Marion,IL,340,2.999,38.6477381,-88.9232112
69862,CASEYS #3503,US-69/SR-52,Pleasanton,KS,400,3.199,38.1778054,-94.7113471
69863,GOLDEN GATE,I-80 EXIT 352A & US-93,Wells,NV,835,3.41566666,41.1107264,-114.9631440
69865,7-ELEVEN #40036,SR-33 & SR-632,Lanexa,VA,180,3.659,37.4826473,-76.9116861
69870,CIRCLE K #4705720,"I-280, EXIT 7 & SR-2",Oregon,OH,550,3.609,41.6363184,-83.4899539
69871,CIRCLE K #2741595,SR-71 & FM-1209,Bastrop,TX,595,2.954,30.1034496,-97.2858764
69873,KWIK TRIP #142,"US-10, EXIT 186 & SR-13",Marshfield,WI,395,3.479,44.6674928,-90.1725843
69874,LOVES TRAVEL STOP #687,"I-72, EXIT 64 & US-67",Jacksonville,IL,540,3.589,39.7343697,-90.2287820
69874,LOVES TRAVEL STOP #687,"I-72, EXIT 64 & US-67",Jacksonville,IL,540,3.489,39.7343697,-90.2287820
69875,LOVES TRAVEL STOP #680,US-81,Norfolk,NE,470,3.31566666,42.0283379,-97.4169964
69876,LOVES TRAVEL STOP #684,"I-35, EXIT 133 & SR-175",Ellsworth,IA,433,3.689,42.3120964,-93.5786963
69877,LOVES TRAVEL STOP #669,US-61 & SR-19,New London,MO,345,3.23566666,39.5853222,-91.4009835
69878,SPEEDWAY #7412,SR-83 & SR-19,Bensenville,IL,293,3.379,41.9605716,-87.9578278
69879,SPEEDWAY #3700,I-70 EXIT 77,Indianapolis,IN,375,3.319,39.7506160,-86.2243907
69880,Speedway #6809,"I-290, EXIT 13A",Franklin Park,IL,293,3.329,41.9353084,-87.8656180
69880,Speedway #6809,"I-290, EXIT 13A",Franklin Park,IL,293,3.379,41.9353084,-87.8656180
69881,KWIK TRIP #458,SR-55,Buffalo,MN,451,3.549,45.1550001,-93.8471574
69882,SPEEDWAY #7103,US-43,Lawrenceburg,TN,460,3.574,35.2619679,-87.3242177
69884,AKAL TRAVEL CENTER,"I-40, EXIT 267 & SR-379",Santa Rosa,NM,721,2.879,34.9386700,-104.6824890
69885,BELL STORES #146,SR-43 & SR-183,Malvern                                 ,OH,249,3.579,40.6917271,-81.1812148
69886,LOVES TRAVEL STOP #676,SR-50,Syracuse,NE,413,3.444,40.6572240,-96.1863980
69887,CIRCLE K #2701869,SR-21 & SR-307,Savannah,GA,195,3.11566666,32.0481834,-81.1645600
69888,OASIS STOP N GO #17,US-30,Twin Falls,ID,787,3.699,42.5558542,-114.4700684
69892,MAVERIK COUNTRY STORE #547,US-26,Casper,WY,790,3.18566666,42.8501191,-106.3251380
69893,DOMINO EXPRESS #24,US-412/US-270/US-183/SR-3 & SR-15,Woodward,OK,337,2.999,36.3744990,-99.2455382
69894,Circle K #2746446,US-2,Williston,ND,452,4.04233333,48.1409093,-103.6793569
69895,Shell,"I-80, EXIT 122",Minooka,IL,290,3.149,41.4642165,-88.2720223
69895,Shell,"I-80, EXIT 122",Minooka,IL,290,3.249,41.4642165,-88.2720223
69895,Shell,"I-80, EXIT 122",Minooka,IL,290,3.199,41.4642165,-88.2720223
69900,LOVES TRAVEL STOP #605,"I-70, EXIT 59 & SR-41",Springfield,OH,315,3.479,39.9234046,-83.8101380
69901,KWIK TRIP #638,SR-42,Two Rivers,WI,582,3.39066666,44.1532917,-87.5672203
69902,MAVERIK COUNTRY STORE #441,"I-182/US-12, EXIT 9",Pasco,WA,925,4.279,46.2306739,-119.0921000
69903,LOVES TRAVEL STOP #642,US-60 & US-385,Hereford,TX,585,3.41566666,34.8245521,-102.3987780
69904,LOVES TRAVEL STOP #695,US-54/400,Cunningham,KS,570,3.65733333,37.6439067,-98.4311883
69905,KWIK TRIP #105,"I-41, EXIT 157",De Pere,WI,582,3.35233333,44.4305681,-88.0563027
69906,LOVES TRAVEL STOP #692,US-169 & SR-39,Chanute,KS,570,3.27566666,37.6816841,-95.4517985
69907,STRIPES #41023,SR-358 & FM-665,Corpus Christi,TX,625,3.07066666,27.6182180,-97.2210072
69908,LOVES TRAVEL STOP #685,"I-74, EXIT 51",Knoxville,IL,270,3.889,40.9083715,-90.2848476
69912,AMPM,"I-10, EXIT 140",Phoenix,AZ,930,3.28233333,33.6831185,-112.1167395
69913,ROSS FUEL CENTER,US-60/US-67,Poplar Bluff,MO,275,3.49066666,36.7563166,-90.3944869
69914,PETRO COLUMBIA,"I-77, EXIT 5 & SR-48",Columbia,SC,46,3.41233333,34.0007540,-81.0352313
69915,PETES #16,"I-49/US-71, EXIT 120 & CR-B",Rich Hill,MO,277,3.149,38.0964191,-94.3610616
69921,LOVES TRAVEL STOP #688,"I-70, EXIT 119 & SR-130",Greenup,IL,510,3.389,39.2478159,-88.1633719
69921,LOVES TRAVEL STOP #688,"I-70, EXIT 119 & SR-130",Greenup,IL,510,3.449,39.2478159,-88.1633719
69921,LOVES TRAVEL STOP #688,"I-70, EXIT 119 & SR-130",Greenup,IL,510,3.489,39.2478159,-88.1633719
69921,LOVES TRAVEL STOP #688,"I-70, EXIT 119 & SR-130",Greenup,IL,510,3.349,39.2478159,-88.1633719
69921,LOVES TRAVEL STOP #688,"I-70, EXIT 119 & SR-130",Greenup,IL,510,3.289,39.2478159,-88.1633719
69922,LOVES TRAVEL STOP #686,"I-84/I-15, EXIT 363",Brigham City,UT,835,3.75566666,41.5092474,-112.0537895
69923,Circle K #2741821,FM 471 & SR 211,San Antonio                             ,TX,740,3.03233333,29.5043588,-98.3685474
69926,TONKAWA TRADING POST,"I-35, EXIT 214 & US-60",Tonkawa,OK,500,2.999,36.6783679,-97.3100442
69927,LOVES TRAVEL STOP #682,"I-81, EXIT 10A",Hagerstown,MD,22,3.949,39.6430455,-77.7191081
69928,KUM & GO #1837,SR-51,Broken Arrow,OK,560,3.05233333,36.0614832,-95.7790060
69929,PETES #14,US-69/SR 7,Fort Scott,KS,307,3.199,37.8399791,-94.7082882
69930,CONCORDE TRAVEL CENTER,"I-65, EXIT 219 & CR-42",Jemison                                 ,AL,720,3.299,32.9596424,-86.7452105
69931,SHELL,"I-565, EXIT 7 & CR-127",Madison,AL,615,3.349,34.6463282,-86.5661251
69932,CIRCLE K #2741847,SR-16,San Antonio,TX,740,3.07233333,29.5043588,-98.3685474
69933,Flyers #3202,"I-17, EXIT 201",Phoenix,AZ,930,3.369,33.4664672,-112.1038981
69934,KWIK TRIP #135,SR-35 N,Superior,WI,334,3.499,46.6984114,-92.0353658
69935,KWIK TRIP #586,"I-41, EXIT 45",Butler,WI,444,3.474,43.1058437,-88.0695338
69936,LOVES TRAVEL STOP #683,US-27,Moore Haven,FL,176,3.789,26.8331174,-81.0931234
69937,MAVERIK COUNTRY STORE #385,"I-15, EXIT 119",Idaho Falls,ID,825,3.42566666,43.4887907,-112.0362800
69938,MAVERIK COUNTRY STORE #388,US-60 & SR-77,Show Low                                ,AZ,930,3.229,34.2542084,-110.0298320
69939,MAVERIK COUNTRY STORE #377,"I-15, EXIT 244 & US-6",Santaquin,UT,835,3.40233333,39.9755101,-111.7852106
69940,SAPP BROS TRAVEL CENTER,"I-49, EXIT 157",Harrisonville,MO,400,3.40233333,38.6551240,-94.3471072
69941,QUIKTRIP #949,"I-20 E, EXIT 406",Weatherford,TX,630,2.91733333,32.7298080,-97.8202969
69943,ASAP GENERAL STORE #313,US-81,Duncan,OK,483,3.13233333,34.5023029,-97.9578129
69944,TRUCK WORLD,"I-76, EXIT 57",North Jackson,OH,573,3.259,41.1001272,-80.8571741
69945,BP,"I-465, EXIT 49",Indianapolis,IN,375,3.799,39.9128293,-86.1331841
69946,KUM & GO #0119,"I-35, EXIT 214 & SR-105",Northwood,IA,433,3.11566666,43.4441245,-93.2210371
69947,THORNTONS #607,I-24 EXIT 62 & SR-171,Antioch,TN,460,2.899,36.0600602,-86.6722192
69948,CIRCLE T,US-190/SR-21,Bryan,TX,670,3.459,30.6743643,-96.3699632
69949,THE CROSSING TRAVEL MARK,US-83 & SR-153,Winters,TX,575,3.04066666,31.9565343,-99.9623130
69952,HUTCH'S #120,"I-40, EXIT 25",Sayre,OK,483,2.984,35.2979543,-99.6399648
69954,Exxon,"I-80, EXIT 27A & US-46",Budd Lake,NJ,79,3.119,40.8923060,-74.7176128
69955,QUIKTRIP #1044,"I-85, EXIT 63 & SR-2180",Kannapolis,NC,46,3.154,35.4979605,-80.6240008
69957,LOVES TRAVE STOP #698,"I-75/SR-401, EXIT 153",Macon,GA,85,3.369,32.8406946,-83.6324022
69958,LOVES TRAVEL STOP #693,US-30/23 & SR-199,Upper Sandusky,OH,411,3.889,40.8272785,-83.2813089
69959,BISCUIT HILL TRAVEL PLAZA,"I-40, EXIT 192",Shawnee,OK,483,2.909,35.3272928,-96.9253004
69960,PILOT CENTER #1014- TOWN PUMP,"I-94, EXIT 213 & SR-16",Glendive,MT,807,3.419,47.1052900,-104.7124600
69962,LUFKIN TRAVEL PLAZA,US-59 & CR-819,Lufkin,TX,618,2.81566666,31.3386242,-94.7288558
69963,7 CLANS RED ROCK GASINO,US-177,Red Rock,OK,500,3.089,36.4592083,-97.1789322
69964,SHEETZ #621,"I-77 & US-70, Exit 49A",Statesville,NC,46,2.849,35.7682179,-80.8547548
69969,USA GAS,SR-47,Newfield,NJ,150,3.169,39.5465044,-75.0248964
69974,LOVES TRAVEL STOP #672,US-77BUS & FM-1945,Sinton,TX,625,3.149,28.0346850,-97.5085762
69975,LOVES TRAVEL STOP #703,US-50,South Hutchinson,KS,570,3.30066666,38.0280671,-97.9403303
69976,KWIK TRIP #583,"I-94, EXIT 89 & SR-23",Wisconsin Dells,WI,420,3.23733333,43.6240977,-89.7891457
69977,KWIK TRIP #855,US-12,Baraboo,WI,420,3.11566666,43.4743169,-89.7334739
69978,LOVES TRAVEL STOP #678,US-271,Paris,TX,630,3.36566666,33.6617962,-95.5555130
69979,LOVES TRAVEL STOP #681,"I-82/US-12, EXIT 80",Prosser,WA,925,4.589,46.2067583,-119.7691600
69980,RUTTERS #70,SR-896 & SR-741,Strasburg,PA,208,4.199,39.9831559,-76.1841226
69981,RANCHLAND GAS STATION,US-82,Benjamin                                ,TX,770,3.299,33.5844227,-99.7920916
69982,RUTTERS #68,US-422 & SR-934,Annville                                ,PA,70,4.299,40.3295901,-76.5152260
69983,MICKEY MART #57,US-250,Strasburg,OH,249,3.49233333,40.5947844,-81.5267864
69986,YESWAY #1061,US-180 & SR-137,Lamesa,TX,612,3.099,32.7340088,-101.9619585
69987,LOVES TRAVEL STOP #679,"I-90, EXIT 495 & SR-47   ",Hardin,MT,780,3.704,45.7324778,-107.6120310
69988,LOVES TRAVEL STOP #640,"I-43, EXIT 120 & CR-OK",Sheboygan,WI,444,3.289,43.7128967,-87.9370433
69989,LOVES TRAVEL STOP #677,US-45A,West Point,MS,615,3.259,33.6076186,-88.6503255
69990,LOVES TRAVEL STOP #691,US-50/93 & US-6,Ely,NV,910,3.649,39.2480588,-114.8917180
69991,WA SHE SHU TRAVEL PLAZA,US-395,Gardnerville,NV,966,3.699,38.9415062,-119.7493510
69992,KWIK TRIP #120,SR-15 & CR-4,Saint Cloud,MN,451,3.27733333,45.5861872,-94.2384777
69993,CEFCO #99,US-290,Giddings,TX,595,3.159,30.1830498,-96.9366112
69995,PILOT EXPRESS #1178,"I-10, EXIT 273",Tucson,AZ,980,3.219,32.0843477,-110.8036490
69996,YESWAY #1078,US-83 & SR-153,Winters,TX,575,2.999,31.9565343,-99.9623130
69998,CASEYS #3604,US-75,Hinton,IA,527,3.299,42.6267010,-96.2939254
69999,RUTTERS #71,"I-99, EXIT 28 & US-22",Duncansville,PA,14,4.099,40.4234058,-78.4339030
70001,LOVES TRAVEL STOP #690,US-23,Circleville,OH,315,3.789,39.6006180,-82.9460133
70002,LOVES TRAVEL STOP #699,US-49,Magee,MS,620,3.60733333,31.8724469,-89.7323162
70003,SPEEDWAY #2926,SR-837,Clairton,PA,165,3.92566666,40.2992824,-79.8751691
70004,SPEEDWAY #7775,US-23 & CR-192,Delaware,OH,315,3.619,40.3332272,-83.0745516
70007,FLYING J #1096,"I-95, EXIT 201 & CR-524",Cocoa,FL,143,3.699,28.3743596,-80.8021319
70007,FLYING J TRAVEL PLAZA #1096,"I-95, EXIT 201 & CR-524",Cocoa,FL,143,3.699,28.3556635,-80.7325345
70008,Amigo's,"I-10, EXIT 661 & FM-609",Flatonia,TX,610,3.08233333,29.6868046,-97.1071039
70009,KWIK TRIP #661,SR-69 & BUS-11,Monroe,WI,420,3.36233333,42.6041383,-89.6494446
70010,Kwik Star #567,US-65 & SR-3,Hampton,IA,565,3.504,43.0591309,-92.3135557
70011,KWIK TRIP #279,"US-63, EXIT 59",Rochester,MN,515,3.549,44.0587262,-92.5278462
70012,MAVERIK COUNTRY STORE #549,"I-70, EXIT 283",Aurora,CO,800,3.18566666,39.7405111,-104.8309940
70014,PETRO-CARD 24 #919141,SR-179,Jamestown                               ,MO,310,3.479,38.7655870,-92.4807447
70016,CASEYS #2743,SR-43/SR-2 & SR-66A,Palmyra,NE,413,3.199,40.7033771,-96.3900046
70017,PACIFIC PRIDE,I-79 & US-19,Morgantown                              ,WV,430,3.459,39.6296809,-79.9559437
70019,QUICKLEES #1,"I-390, EXIT 9 & SR-15",Avon                                    ,NY,190,3.999,42.9119925,-77.7454567
70022,SHEETZ #583,US-322 & SR-655,Reedsville,PA,14,3.41566666,40.6675835,-77.6076746
70024,KWIK TRIP #827,"I-41, EXIT 167",Green Bay,WI,582,3.499,44.5138809,-87.9061356
70025,SPEEDWAY #6245,SR-43,Carrollton,OH,249,3.559,40.5878406,-81.0914569
70026,SPEEDWAY #8883,I-80 EXIT 73,Peru,IL,293,3.149,41.3673517,-89.1536665
70026,SPEEDWAY #8883,I-80 EXIT 73,Peru,IL,293,3.199,41.3673517,-89.1536665
70027,SPEEDWAY #8851,SR-31,South Elgin,IL,293,3.659,42.0091887,-88.2898049
70027,SPEEDWAY #8851,SR-31,South Elgin,IL,293,3.559,42.0091887,-88.2898049
70028,LOVES TRAVEL STOP #697,"US-321, EXIT 37",Newton,NC,46,3.689,35.6630887,-81.2219363
70029,LOVES TRAVEL STOP #696,"I-10, EXIT 843",Beaumont,TX,610,3.294,30.0829344,-94.0984277
70030,SPEEDWAY #3991,"I-80 E, & I-94 E",Gary,IN,290,3.71233333,41.5599709,-87.3555364
70031,SPEEDWAY #8020,US-30,Upper Sandusky,OH,550,3.799,40.8331905,-83.2447544
70032,Kwik Star #569,US-20,Waterloo,IA,565,3.574,42.4557768,-92.3753402
70033,KWIK TRIP #111,SR-36 & CR-15,Stillwater,MN,448,3.54066666,45.0564041,-92.8134982
70034,SPEEDWAY #8799,I-55 EXIT 282A & SR-171,Bedford Park,IL,293,3.599,41.7687356,-87.8199877
70035,SPEEDWAY #8064,"I-55, EXIT 178 & SR-43",West Lafayette,IN,375,3.58233333,40.5020330,-86.8678047
70036,Speedway #3994,SR-38 & CR-21,West Chicago,IL,293,3.599,41.8775431,-88.2357149
70037,SPEEDWAY #8738,"I-70, EXIT 23 & SR-59",Brazil,IN,375,3.699,39.4521181,-87.1270267
70038,SPEEDWAY #1830,US-31,Grand Haven,MI,456,3.899,43.0308354,-86.2170325
70039,TEX-BEST #527,SR-162 & SR-16,Jourdanton                              ,TX,747,2.92066666,28.9180294,-98.5464069
70040,TEX BEST #503,"I-35, EXIT 215 & CR-210",Kyle                                    ,TX,595,2.80566666,30.0347950,-97.8445577
70041,LOVES TRAVEL STOP #705,"I-64/SR-33, EXIT 211 & SR-609",Providence Forge,VA,180,3.889,37.4424264,-77.0439583
70042,Kwik Star #103,US-65,Iowa Falls,IA,565,3.374,42.4974896,-92.4434200
70043,KWIK TRIP #571,"I-35, EXIT 235 & SR-210",Carlton,MN,515,3.319,46.7360577,-92.4661849
70044,Thorntons #325,"I-94, EXIT 73B & US-6",South Holland,IL,365,3.699,41.6002285,-87.5888854
70049,KWIK STAR #581,"I-380, EXIT 17",Cedar Rapids,IA,380,3.54066666,42.0346658,-91.6498254
70050,KWIK TRIP #124,US-51,De Forest,WI,420,3.23566666,45.1366302,-92.2596325
70053,KWIK TRIP #964,"US-12, EXIT 250 & CR-M",Middleton,WI,420,3.529,43.1127494,-89.4719211
70054,KWIK TRIP #976,CR-241 & CR-ZZ,Oak Creek,WI,444,3.579,42.9022193,-87.9263246
70058,KWIK TRIP #590,CR-4 & CR-22,Rochester,MN,515,3.624,44.0587262,-92.5278462
70059,KWIK TRIP #118,US-2 & LAKESHORE DRIVE,Ashland,WI,334,3.699,46.6038687,-90.8549651
70062,KWIK TRIP #970,SR-164 & SR-59,Waukesha,WI,444,3.53233333,42.9951640,-88.0874813
70063,QUICK FUEL #2206,US-41,Marietta,GA,18,3.519,33.9528472,-84.5496148
70066,KWIK TRIP #957,US-18 & CR-PD,Madison                                 ,WI,420,3.604,43.0858503,-89.2652196
70067,KWIK TRIP #240,"I-94, EXIT 115 & CR-A",Black River Falls,WI,395,3.31233333,44.2936900,-90.8305277
70068,LOVES TRAVEL STOP #712,"I-44, EXIT 107",Newcastle,OK,483,3.42566666,35.2472869,-97.5997600
70069,CASEYS #3486,"I-49, EXIT 159",Harrisonville,MO,400,3.229,38.6551240,-94.3471072
70074,CASEYS #3430,US-71 & US-136/SR-46,Maryville,MO,400,3.13733333,40.3460468,-94.8723858
70075,KWIK TRIP #815,US-63 & SR-48,Cumberland,WI,295,3.624,45.5327447,-92.0209749
70076,PETRO-CARD 24 #910681,SR-32,Salem                                   ,MO,392,3.099,37.6455993,-91.5359808
70078,KWIK TRIP #573,I-94 & CR-EE,Eau Claire,WI,295,3.399,44.8023563,-91.5043721
70079,PILOT #1118,US-60,Clovis,NM,593,4.079,34.3956797,-103.1530351
70080,FLYING J #1117,SR-25,Rochester,IN,370,3.859,41.0648846,-86.2159959
70080,FLYING J TRAVEL PLAZA #1117,SR-25,Rochester,IN,370,3.859,41.0648846,-86.2159959
70081,PILOT EXPRESS #1032,SR-7,Steubenville,OH,249,3.629,40.3600714,-80.6151034
70082,KWIK TRIP #588,US-51 & SR-70,Woodruff,WI,395,3.09566666,45.8590476,-89.6117528
70083,KWIK TRIP #596,US-14,Black Earth,WI,420,3.444,43.1430847,-89.7457817
70084,SPEEDWAY #4440,SR-131,Waukegan,IL,293,3.789,42.3496445,-87.8747390
70084,SPEEDWAY #4440,SR-131,Waukegan,IL,293,3.659,42.3496445,-87.8747390
70085,Pilot Travel Center #1114,SR-83,Bensenville,IL,290,3.559,41.9878822,-87.9605125
70085,Pilot #1114,SR-83,Bensenville,IL,290,3.389,41.9879778,-87.9599384
70085,Pilot Travel Center #1114,SR-83,Bensenville,IL,290,3.389,41.9878822,-87.9605125
70085,Pilot Travel Center #1114,SR-83,Bensenville,IL,290,3.659,41.9878822,-87.9605125
70085,Pilot #1114,SR-83,Bensenville,IL,290,3.599,41.9879778,-87.9599384
70087,PILOT EXPRESS  #1098,"I-95, EXIT 14",Newark,NJ,105,3.999,40.7356570,-74.1723667
70088,KWIK TRIP #138,SR-13,Park Falls,WI,395,3.14733333,45.9232982,-90.4502116
70090,SPEEDWAY #7111,"I-40, EXIT 143 & SR-13",Hurricane Mills,TN,460,3.03233333,35.8767068,-87.8027355
70091,SPEEDWAY #7503,I-70 & I-57 EXIT 159,Effingham,IL,293,3.199,39.1206993,-88.5582914
70091,SPEEDWAY #7503,I-70 & I-57 EXIT 159,Effingham,IL,293,3.299,39.1206993,-88.5582914
70093,LOVES TRAVEL STOP #694,US-45/SR-5 & SR-57,Ramer,TN,435,3.46233333,35.0695303,-88.6222720
70095,LOVES TRAVEL STOP #713,US-380 & FM-1304,Bridgeport,TX,630,2.949,33.2101155,-97.7547552
70096,LOVES TRAVEL STOP #661,US-65 & SR-81,Pine Bluff,AR,695,3.319,34.2228884,-92.0043340
70097,KWIK TRIP #112,SR-32 & SR-23,Sheboygan Falls,WI,444,3.29233333,43.7461350,-87.8210263
70098,KWIK TRIP #110,US-2,Ashland,WI,334,3.699,46.5823425,-90.9052916
70099,QUIKTRIP #1883,"I-35, EXIT 497 & US-82",Gainesville,TX,253,2.97566666,33.6391193,-97.1538439
70100,LOVES TRAVEL STOP #718,"I-65, EXIT 158",Hope Hull,AL,720,3.26566666,32.2698632,-86.3571916
70104,LOVES TRAVEL STOP #649,"I-76/US-6, EXIT 89",Brush,CO,800,4.089,40.2584914,-103.6234730
70105,LOVES TRAVEL STOP #708,"I-75, EXIT 314 & CR-48",Bushnell,FL,225,3.29566666,28.6644827,-82.1117399
70106,LOVES TRAVEL STOPS #719,"I-35, EXIT 308",Troy,TX,765,3.159,31.2046542,-97.3003176
70106,LOVES TRAVEL STOP #719,"I-35, EXIT 308",Troy,TX,765,3.167,31.2046542,-97.3003176
70107,LOVES TRAVEL STOP #711,"I-71, EXIT 165 & SR-97",Bellville,OH,315,3.709,40.6201798,-82.5112483
70108,RICKY ROCKETS FUEL CENTER,SR-50 & SR-83,Midlothian,IL,291,3.199,41.6253116,-87.7175491
70108,RICKY ROCKETS FUEL CENTER,SR-50 & SR-83,Midlothian,IL,291,3.099,41.6253116,-87.7175491
70111,KWIK TRIP #557,"I-39, EXIT 126 & CR-V",De Forest,WI,420,3.31066666,45.1366302,-92.2596325
70117,RUTTERS #72,"I-81, EXIT 16 & US-30",Saint Thomas,PA,70,4.399,39.9175908,-77.7977726
70118,SPEEDWAY #7118,US-41,Smyrna,TN,460,3.01566666,35.9480108,-86.4881310
70122,Circle K #2709301,SR-67,Decatur,AL,615,3.899,34.6060203,-86.9838165
70124,TA Express Lamar,US-50/385,Lamar,CO,525,3.439,38.0969979,-102.6178110
70125,SPEEDWAY #7391,I-76 EXIT 232,North Lima,OH,305,3.699,40.9613468,-80.6590881
70126,SPEEDWAY #3535,"I-71,EXIT 165 & SR-97",Bellville,OH,315,3.599,40.6477069,-82.5432477
70127,SPEEDWAY #2929,"US-22, US-119",New Alexandria,PA,165,3.97233333,40.3958866,-79.4428195
70128,CIRCLE K #4703913,"I-40 E, EXIT 87",Jackson,TN,460,3.349,35.6144446,-88.8177418
70130,SIDE TRACK,SR-57,Wrightsville,GA,85,3.31566666,32.7296740,-82.7193840
70131,THORNTONS #323,SR-64,Lombard,IL,290,3.349,41.8864687,-88.0201536
70131,THORNTONS #323,SR-64,Lombard,IL,290,3.299,41.8864687,-88.0201536
70131,THORNTONS #323,SR-64,Lombard,IL,290,3.349,41.8864687,-88.0201536
70131,THORNTONS #323,SR-64,Lombard,IL,290,3.299,41.8864687,-88.0201536
70131,THORNTONS #323,SR-64,Lombard,IL,290,3.299,41.8864687,-88.0201536
70131,THORNTONS #323,SR-64,Lombard,IL,290,3.299,41.8864687,-88.0201536
70135,KUM & GO #1455,"I-44, EXIT 130",Lebanon,MO,535,3.09233333,37.6858304,-92.6701544
70136,FUEL CITY SAGINAW,CR-156,Fort Worth,TX,630,2.96566666,32.7531770,-97.3327459
70137,RUTTERS #8,"I-83, EXIT 14 & SR-182",York,PA,70,4.199,39.9624930,-76.7276989
70140,CASEYS #3593,SR-7 & US-50,North Vernon,IN,375,3.59233333,39.0061650,-85.6235796
70142,ONVO TRAVEL PLAZA - AVIS,"US-220, EXIT 118",Avis,PA,138,3.539,41.1847939,-77.3138622
70143,KWIK TRIP #104,"I-94, HWY-24, EXIT 178",Clearwater,MN,448,3.27733333,45.4099486,-94.0601213
70144,LOVES TRAVEL STOP #635,"I-49, EXIT 24 & SR-282",Alma,AR,645,3.459,35.4778653,-94.2218752
70145,MAVERIK COUNTRY STORE #578,US-26 & US-91,Idaho Falls,ID,825,3.40233333,43.4887907,-112.0362800
70146,MAVERIK COUNTRY STORE #567,"I-90, EXIT 291A",Spokane,WA,970,3.969,47.6571934,-117.4235100
70146,MAVERIK COUNTRY STORE #567,"I-90, EXIT 291A",Spokane,WA,970,3.989,47.6571934,-117.4235100
70146,MAVERIK COUNTRY STORE #567,"I-90, EXIT 291A",Spokane,WA,970,3.979,47.6571934,-117.4235100
70146,MAVERIK COUNTRY STORE #567,"I-90, EXIT 291A",Spokane,WA,970,3.999,47.6571934,-117.4235100
70150,LOVES TRAVEL STOP #704,"I-29, EXIT 35B & US-34",Pacific Junction,IA,319,3.789,41.0186897,-95.8003095
70151,LOVES TRAVEL STOP #721,"I-45, EXIT 246 & FM-1183",Ennis,TX,630,3.03566666,32.3293111,-96.6252679
70154,Stinker,"US-34, CR-56",Kersey,CO,800,3.499,40.3874810,-104.5616250
70155,MARATHON,"US-24, I-96 EXIT 179",Redford,MI,549,4.999,42.3710976,-83.2688208
70156,MAVERIK COUNTRY STORE #348,"US-91, SR-130",Cedar City,UT,791,3.45233333,37.6774238,-113.0618270
70157,LOVES TRAVEL STOP #702,US-63,Waterloo,IA,565,3.769,42.4982750,-92.3328743
70158,FLYING J #1068,"I-26, EXIT 194 & SR-16",Summerville,SC,42,3.509,33.0186699,-80.1762704
70159,LOVES TRAVEL STOP #717,US-460 & SR-156,Disputanta,VA,180,3.56233333,37.1237095,-77.2241782
70160,COMMON CENTS #212,I-90 & SR-337,Sheridan,WY,836,3.56066666,44.8276174,-106.9599610
70161,FLYING J #839,HWY 75 & PR-305,Ste Agathe,MB,900,4.25704369,47.2430959,-68.3136517
70161,FLYING J #839,HWY 75 & PR-305,Ste Agathe,MB,900,4.26677228,47.2430959,-68.3136517
70161,FLYING J #839,HWY 75 & PR-305,Ste Agathe,MB,900,4.26740146,47.2430959,-68.3136517
70161,FLYING J #839,HWY 75 & PR-305,Ste Agathe,MB,900,4.25798323,47.2430959,-68.3136517
70161,FLYING J #839,HWY 75 & PR-305,Ste Agathe,MB,900,4.26017709,47.2430959,-68.3136517
70161,FLYING J #839,HWY 75 & PR-305,Ste Agathe,MB,900,4.25892318,47.2430959,-68.3136517
70162,PILOT #1049,US-58,Suffolk,VA,130,3.899,36.7143545,-76.6694201
70163,KWIK TRIP #598,SR-23,Paynesville,MN,451,3.399,45.3804687,-94.7118920
70164,ONVO TRAVEL PLAZA - BLAKESLEE,I-80 EXIT 284,Blakeslee,PA,200,3.56566666,41.0925860,-75.5926886
70168,KWIK TRIP #575,CR-75,Saint Joseph,MN,451,3.30233333,45.5639588,-94.2913007
70169,ROCKING Oil,SR-21,Caldwell,TX,670,3.099,29.8298971,-97.5959641
70170,LOVES TRAVEL STOP #716,SR-3005,Elizabethtown,KY,460,3.599,37.6939520,-85.8591285
70171,CITGO HERITAGE RIDGE,US-151 & SR-26,Waupun,WI,582,3.14733333,43.6332160,-88.7296352
70172,MACH 1 #3,I-57 & SR-14,Benton,IL,540,3.599,37.9967163,-88.9200685
70172,MACH 1 #3,I-57 & SR-14,Benton,IL,540,3.379,37.9967163,-88.9200685
70174,LOVES TRAVEL STOP #701,"I-69, EXIT 176",Capac,MI,342,3.949,43.0125274,-82.9279881
70176,MAVERIK COUNTRY STORE #565,I-84,Boise,ID,785,3.39566666,43.6166163,-116.2008860
70177,MAVERIK COUNTRY STORE #497,US-160 & SR-145,Cortez,CO,614,3.41566666,37.3494528,-108.5840730
70179,WORKMANS TRAVEL CENTER,"I-49, EXIT 78 & SR-264",Lowell,AR,645,3.40233333,36.2553543,-94.1307587
70180,Gulf,SR-83,Bensenville,IL,297,3.099,41.9794793,-87.9586924
70180,Gulf,SR-83,Bensenville,IL,297,3.059,41.9794793,-87.9586924
70181,CIRCLE K #2723778,US-501 & SR-78/CR-1303,Sanford,NC,177,3.049,35.4627938,-79.1501277
70182,SHELL,US-169,Blue Earth,MN,425,3.299,43.6570665,-94.0977420
70183,PILOT # 1134,US-285 & CR-652,Orla,TX,593,3.759,31.8259168,-103.9089178
70185,PILOT # 1147,SR-302,Kermit,TX,710,3.25566666,31.8435957,-103.1039238
70187,PILOT # 1146,I-20 & SR-17,Pecos,TX,710,3.46566666,31.4011775,-103.5205463
70188,KUM & GO #0890,I-44 (WESTBOUND),Vinita,OK,560,3.059,36.6226564,-95.1474846
70189,HUDSON IRVING 24,SR-3A,Hudson,NH,34,3.799,42.7655784,-71.4393423
70190,LOVES TRAVEL STOP #726,I-25 EXIT 191,Belen,NM,580,3.52233333,34.6627495,-106.7762000
70191,LOVES TRAVEL STOP #734,"I-44, EXIT 5 & US-70",Randlett,OK,770,3.12066666,34.1773143,-98.4636659
70192,LOVES TRAVEL STOP #720,"I-49, EXIT 94 & SR-1",Boyce,LA,730,3.174,31.3904558,-92.6693132
70207,PILOT TRAVEL CENTERS #1344,I-20 EXIT 425,Fort Worth,TX,630,2.909,32.7531770,-97.3327459
70208,GOLDEN GATE PETRO,SR-648,Sparks,NV,966,3.98566666,39.5404679,-119.7487235
70209,PUMP N PETES #42,"I-49, EXIT 66 & CR-K",Jasper,MO,416,3.199,37.1765150,-94.3103412
70210,CASEYS #3889,SR-29 & CR-1350,Henry,IL,368,3.349,41.3418549,-90.1177442
70214,RACETRAC #688,I-20 & SR-6,Lithia Springs,GA,18,2.97233333,33.7796495,-84.6506019
70216,PILOT TRAVEL CENTER #1110,I-25 & SR-105,Monument,CO,803,3.639,39.0558644,-104.8532387
70216,PILOT #1110,I-25 & SR-105,Monument,CO,803,3.579,39.0558644,-104.8532387
70217,MR GAS #20,I-84 EXIT 165,Jerome,ID,785,3.40733333,42.7022660,-114.2867040
70218,LOVES TRAVEL STOP #725,I-69 & SR-260,Hanson,KY,490,3.599,37.4172671,-87.4808336
70219,LOVES TRAVEL STOP #709,US-59 & SR-116,Lufkin,TX,610,3.649,31.3386242,-94.7288558
70220,LOVES TRAVEL STOP #497,"I-40, EXIT 154 & US-64",Statesville,NC,46,3.689,35.7826363,-80.8872959
70221,PILOT #1092,CR-70 E,Cedar Rapids,IA,380,3.779,41.8912493,-91.6667882
70221,PILOT TRAVEL CENTER #1092,CR-70 E,Cedar Rapids,IA,380,3.779,41.8910880,-91.6675466
70222,GOOD TO GO #45,"US-52 & SR-55, SR-18",Fowler,IN,375,3.699,40.6167044,-87.3208519
70223,SPEEDWAY #8749,"I-75, EXIT 116",Flint,MI,342,3.089,42.9729933,-83.7195015
70223,SPEEDWAY #8749,"I-75, EXIT 116",Flint,MI,342,3.289,42.9729933,-83.7195015
70223,SPEEDWAY #8749,"I-75, EXIT 116",Flint,MI,342,3.259,42.9729933,-83.7195015
70224,GOLDEN GATE PETROLEUM,I-70 EXIT 42,Palisade,CO,810,3.549,39.1102587,-108.3509190
70225,Union 76 Pilot,US-130,Riverton,NJ,105,3.999,40.0115009,-75.0148931
70227,LOVES TRAVEL STOP #724,"I-75, EXIT 414 & US-41",Lake City,FL,225,3.339,30.1894252,-82.6394803
70229,TA EXPRESS HENDERSON #969,I-11 EXIT 15A,Henderson,NV,910,3.639,35.9712130,-114.9114055
70232,RUTTERS #73,"I-81, EXIT 8 & CR-32   ",Inwood,WV,70,3.659,39.3521860,-78.0533933
70233,RUDS,SR-31 & I-94 EXIT 127,New Salem,ND,390,3.499,46.8452588,-101.4083588
70236,LOVES TRAVEL STOP #733,"I-25, EXIT 347",Las Vegas,NM,580,3.489,35.5939325,-105.2238960
70238,ROAD RANGER #275,"I-10, EXIT 400 & US-277",Sonora,TX,740,3.549,30.5807244,-100.6461856
70239,GOOD 2 GO #717,"I-25, EXIT 145",Colorado Springs,CO,803,3.479,38.8339578,-104.8253480
70240,MAVERIK COUNTRY STORE #370,"I-15, EXIT 10",Saint George,UT,910,3.5415,,
70241,MAVERIK COUNTRY STORE #460,SR-88,Minden,NV,966,3.52566666,38.9565145,-119.7700488
70242,ROAD RANGER #276,"I-35, EXIT 342A",Waco,TX,765,3.049,31.5491899,-97.1474628
70243,CASEYS #4415,US-68 & US-31W /SR-526,Bowling Green,KY,460,2.999,36.9903199,-86.4436018
70245,YESWAY #1168,US-287 & CR-368,Iowa Park,TX,770,2.889,33.9649092,-98.6724605
70246,7-Eleven #37565,SR-944 & SR-9,Miami,FL,95,3.249,25.7741728,-80.1936200
70247,EXXON DBA ONE9 #1416,I-20 EXIT 458,Dallas,TX,630,2.99233333,32.7762719,-96.7968559
70249,Caseys #4466,US-231 & SR-100,Scottsville,KY,460,3.31233333,36.7533781,-86.1905424
70251,Marathon,SR-42 & US-49,Hattiesburg,MS,620,3.03233333,31.3586993,-89.3495392
70254,LOVES TRAVEL STOP #732,I-70 & CR-829,Abilene,KS,523,3.76233333,38.9172520,-97.2137700
70255,J&H  FAMILY STORE #152,SR-55,Cadillac,MI,344,3.259,44.2519526,-85.4011619
70255,J&H  FAMILY STORE #152,SR-55,Cadillac,MI,344,3.559,44.2519526,-85.4011619
70256,PILOT TRAVEL CENTER #1128,SR-60,Bartow,FL,140,3.599,27.8963791,-81.8431567
70256,PILOT #1128,SR-60,Bartow,FL,140,3.599,27.9167590,-81.7189547
70257,LOVES TRAVEL STOP #739,I-2,Donna,TX,639,3.649,26.1702082,-98.0522376
70258,CASEYS #3677,US-59 & SR-30,Slayton,MN,530,3.299,43.9877420,-95.7558460
70262,ASAP GENERAL STORE #332,US-70 & US-377,Madill,OK,569,3.01566666,34.0902508,-96.7715618
70263,ENMARKET #769,US-301,Statesboro,GA,195,3.699,32.4394299,-81.7644765
70265,Speedee Mart # 2875,I-80 & CR-238,Milford,NE,413,3.43233333,40.7741920,-97.0518459
70266,PILOT #1161,I-20,Odessa,TX,710,3.56566666,31.7794410,-102.3672261
70267,LOVES TRAVEL STOP #728,"I-5, EXIT 238 & SR-164",Albany,OR,935,3.84733333,44.6365071,-123.1059324
70268,CASEYS #3396,SR-92 & SR-149,Sigourney,IA,380,3.36233333,41.3330944,-92.2049364
70269,CASEYS #3589,"I-29, EXIT 2",North Sioux City,SD,527,3.059,42.5246831,-96.4872384
70270,CASEYS #3685,US-50/US400  & SR-25,Lakin,KS,525,3.19233333,37.9405751,-101.2548920
70271,CASEYS #1160,US-20,Plainview,NE,470,3.229,42.3496180,-97.7934793
70273,SPEEDWAY #5457,"I-264 E, EXIT 14 & SR-864 N",Louisville,KY,415,3.029,38.1837938,-85.6987221
70274,Kwik Star #920,US-18 & US-69,Garner,IA,433,3.399,43.1062316,-93.6013103
70276,STAR EXPRESS #5,US-301 & SR-648,Petersburg,VA,180,3.049,37.2279280,-77.4019268
70277,KWIK TRIP #595,SR-46,Amery,WI,448,3.56066666,45.2963578,-92.3658728
70278,KWIK TRIP #923,"I-41, EXIT 146 & CR-N",Little Chute,WI,582,3.269,44.2910688,-88.3123041
70279,KWIK TRIP #926,SR-19 & SR-21,New Prague,MN,448,3.29066666,44.5445412,-93.5552989
70280,LOVES TRAVEL STOP #668,"I-25, EXIT 250 & SR-56",Berthoud,CO,800,3.39066666,40.3083174,-105.0810920
70281,LOVES TRAVEL STOP #645,"I-75, EXIT 18",Monroe,MI,325,3.339,41.9153358,-83.5135665
70281,LOVES TRAVEL STOP #645,"I-75, EXIT 18",Monroe,MI,325,3.239,41.9153358,-83.5135665
70281,LOVES TRAVEL STOP #645,"I-75, EXIT 18",Monroe,MI,325,3.429,41.9153358,-83.5135665
70281,LOVES TRAVEL STOP #645,"I-75, EXIT 18",Monroe,MI,325,3.489,41.9153358,-83.5135665
70281,LOVES TRAVEL STOP #645,"I-75, EXIT 18",Monroe,MI,325,3.549,41.9153358,-83.5135665
70281,LOVES TRAVEL STOP #645,"I-75, EXIT 18",Monroe,MI,325,3.389,41.9153358,-83.5135665
70282,PLEASANT SPRINGS TRAVEL,"I-39, EXIT 147 & CR-N",Cottage Grove,WI,420,3.39066666,43.0704473,-89.1980154
70283,SPEEDWAY #3996,US-12 & SR-120,Round Lake,IL,293,3.399,42.3533550,-88.0934145
70283,SPEEDWAY #3996,US-12 & SR-120,Round Lake,IL,293,3.479,42.3533550,-88.0934145
70283,SPEEDWAY #3996,US-12 & SR-120,Round Lake,IL,293,3.449,42.3533550,-88.0934145
70284,ROBINSON CORINTH IRVING,"I-395 N, EXIT 3",Corinth,ME,170,3.93233333,45.0037427,-69.0234445
70285,IRVING MAINWAY,SR-16 E,Dover Foxcroft,ME,170,3.86566666,45.1834890,-69.2276000
70286,ROBINSONS IRVING,SR-7,Corinna,ME,170,3.93233333,44.9215430,-69.2619320
70287,LOVES TRAVEL STOP #710,US-31 & SR 28,Tipton,IN,457,3.84733333,40.2899154,-86.0584420
70290,FLYING J #868,TCH 1,Medicine Hat,AB,50,4.62000927,30.5463830,-97.9089338
70290,FLYING J #868,TCH 1,Medicine Hat,AB,50,4.61898985,30.5463830,-97.9089338
70290,FLYING J #868,TCH 1,Medicine Hat,AB,50,4.63022827,30.5463830,-97.9089338
70290,FLYING J #868,TCH 1,Medicine Hat,AB,50,4.6295456,30.5463830,-97.9089338
70290,FLYING J #868,TCH 1,Medicine Hat,AB,50,4.62238967,30.5463830,-97.9089338
70290,FLYING J #868,TCH 1,Medicine Hat,AB,50,4.62102914,30.5463830,-97.9089338
70291,LOVES TRAVEL STOP #723,"I-80, EXIT 310 & CR-322",Laramie,WY,795,3.61566666,41.3087527,-105.6151839
70292,FLYING J #1171,I-15,Mesquite,NV,910,3.70566666,36.7830824,-114.1399354
70293,KWIK TRIP #922,US-8,Cameron,WI,295,3.664,45.4071926,-91.7342382
70295,SPEEDWAY #8080,I-69 & US-20,Angola,IN,465,3.599,41.6343838,-85.0446571
70296,MAVERIK COUNTRY STORE #573,SR-68 & SR-154,Riverton,UT,835,3.13566666,40.5179761,-111.9393701
70297,KWIK STAR #509,SR-169 & BUS-20,Fort Dodge,IA,433,3.20233333,42.5044017,-94.1910044
70298,LOVES TRAVEL STOP #740,"I-95, EXIT 38 & SR-68",Yemassee,SC,42,3.419,32.6901781,-80.8506626
70299,Mr Fuel dba Pilot Express #1149,"I-295, EXIT 41 & SR-105",Jacksonville,FL,75,3.239,30.3321838,-81.6556510
70299,PILOT EXPRESS #1149,"I-295, EXIT 41 & SR-105",Jacksonville,FL,75,3.239,30.3321838,-81.6556510
70299,Mr Fuel Travel Center dba Pilot Express #1149,"I-295, EXIT 41 & SR-105",Jacksonville,FL,75,3.239,30.3321838,-81.6556510
70300,PILOT #1194,I-10 & US-60,Phoenix,AZ,930,6.039,33.4144646,-111.9960475
70300,PILOT DEALER #1194,I-10 & US-60,Phoenix,AZ,930,6.039,33.4484367,-112.0741410
70301,GOLDEN GATE TRUCKSTOP,I-80 & SR-535,Elko,NV,787,3.599,41.1958128,-115.3272864
70302,KWIK TRIP #117,CR-9 & CR-4,Duluth,MN,334,3.499,46.7997897,-92.1326467
70303,Kwik Star #1004,US-63,Waterloo,IA,565,3.574,42.5282933,-92.3369256
70304,Rusty Lantern,"I-95, EXIT 109A & SR-202",Augusta,ME,170,3.88733333,44.3322403,-69.7605763
70305,LOVES TRAVEL STOP #737,I-40/US-270,El Reno,OK,483,3.344,35.5321980,-97.9550578
70306,KWIK STAR #1001,US-6,Newton,IA,320,3.249,41.6995681,-93.0275687
70307,KWIK TRIP #592,"I-35, EXIT 159 & CR-1",Rush City,MN,451,3.37733333,45.6847672,-92.9819566
70308,KWIK TRIP #946,SR-32,Pulaski,WI,582,3.45733333,44.6661469,-88.2292796
70309,PILOT #1165,SR-18 & SR-128,Jal,NM,593,3.36566666,32.1207220,-103.1882940
70310,LANCASTER CONVENIENCE,US-2 & US-70,Lancaster,MA,34,3.70566666,42.4569773,-71.6731246
70311,RACING MART,SR-8,Adams,MA,215,3.699,42.6209431,-73.1204129
70313,Flyer's #3207,"SR-143, EXIT 2",Phoenix,AZ,930,3.389,33.4484367,-112.0741410
70314,CASEYS #2721,US-34,Lincoln,NE,413,3.3365,40.8088861,-96.7077751
70318,LOVES TRAVEL STOP #738,"I-30/US-67, EXIT 122 & SR-19/SR-11",Sulphur Springs,TX,723,3.309,33.1384886,-95.6010143
70319,SPEEDWAY #3650,"I-76, EXIT 11 & SR-261",Wadsworth,OH,305,3.699,41.0455619,-81.6904407
70320,SPEEDWAY #7177,"I-24, EXIT 158 & SR-27",Jasper,TN,285,3.014,35.0336207,-85.5830406
70321,PILOT TRAVEL CENTER #1132,SR-171 & SR-78,Brawley,CA,900,4.759,32.9778591,-115.5035040
70321,PILOT TRAVEL CENTER #1132,SR-171 & SR-78,Brawley,CA,900,4.799,32.9778591,-115.5035040
70321,PILOT #1132,SR-171 & SR-78,Brawley,CA,900,4.859,32.9778591,-115.5035040
70321,PILOT #1132,SR-171 & SR-78,Brawley,CA,900,4.899,32.9778591,-115.5035040
70322,INDIAN HILL IRVING,SR 6,Greenville,ME,170,3.86566666,45.4589550,-69.5916835
70323,LOVES TRAVEL STOP #750,I-74 EXIT 206,Oakwood,IL,280,3.589,40.1161471,-87.7783592
70323,LOVES TRAVEL STOP #750,I-74 EXIT 206,Oakwood,IL,280,3.389,40.1161471,-87.7783592
70323,LOVES TRAVEL STOP #750,I-74 EXIT 206,Oakwood,IL,280,3.489,40.1161471,-87.7783592
70324,LOVES TRAVEL STOP #729,CR-17 & US-20,Goshen,IN,465,3.72233333,41.5850394,-85.8344491
70325,KWIK STAR #927,US-169 & US-169 BUS/US-20 BUS,Fort Dodge,IA,433,3.20233333,42.5044017,-94.1910044
70326,PILOT #1207,"I-20, EXIT 79 & SR-464",Monahans,TX,710,3.46566666,31.6142770,-102.8115985
70328,Thorntons #7,US-12 & US-45,Franklin Park,IL,290,3.329,41.9353084,-87.8656180
70328,Thorntons #7,US-12 & US-45,Franklin Park,IL,290,3.379,41.9353084,-87.8656180
70328,Thorntons #7,US-12 & US-45,Franklin Park,IL,290,3.679,41.9353084,-87.8656180
70329,1 STOP TRAVEL PLAZA,US-14 & US-83,Pierre,SD,571,3.38233333,44.3683644,-100.3511360
70331,LOVES TRAVEL STOP #707,"I-64, EXIT 21",Covington,VA,185,3.649,37.7934528,-79.9939484
70332,FLYING J #1201,HWY 10 & HWY 9,Inglewood,ON,720,4.20135966,31.2299069,-92.4212467
70332,FLYING J #1201,HWY 10 & HWY 9,Inglewood,ON,720,4.20228691,31.2299069,-92.4212467
70332,FLYING J #1201,HWY 10 & HWY 9,Inglewood,ON,720,4.20445208,31.2299069,-92.4212467
70333,KWIK STAR #932,"I-80, EXIT 143 & CR-S14",Altoona,IA,320,2.959,41.6626450,-93.4638467
70334,KWIK TRIP #1021,SR-11 & CR-E,Brodhead,WI,420,3.41566666,42.6093369,-89.3774238
70335,PILOT #1200,HWY 43,Valleyview,AB,80,4.62238967,39.9648763,-83.0729177
70336,SPEEDWAY #3962,"I-39,  EXIT 3 & SR-9",Roscoe,IL,293,3.469,42.4554361,-89.0008972
70337,LOVES TRAVEL STOP #700,I-10 EXIT 404 & SR-467,Sonora,TX,710,3.64733333,30.5667344,-100.6428590
70338,LOVES TRAVEL STOP #747,"I-75, EXIT 90",Sidney,OH,411,3.34566666,40.2842410,-84.1555267
70339,FLYING J #1197,HWY 3,Jaffray,BC,50,4.78709821,40.5794534,-73.9428630
70339,FLYING J #1197,HWY 3,Jaffray,BC,50,4.79697943,40.5794534,-73.9428630
70339,FLYING J #1197,HWY 3,Jaffray,BC,50,4.78815497,40.5794534,-73.9428630
70339,FLYING J #1197,HWY 3,Jaffray,BC,50,4.7895647,40.5794534,-73.9428630
70339,FLYING J #1197,HWY 3,Jaffray,BC,50,4.79768679,40.5794534,-73.9428630
70339,FLYING J #1197,HWY 3,Jaffray,BC,50,4.78604192,40.5794534,-73.9428630
70340,PIT STOP,SR-53 & SR-74,Joliet,IL,399,3.499,41.5263603,-88.0840212
70341,LOVES TRAVEL STOP #741,US-29,Reidsville,NC,65,3.999,36.3548586,-79.6644748
70342,AF TRUCK CENTER,"I-294, EXIT 33 & SR-64",Melrose Park,IL,293,3.459,41.9002990,-87.8569745
70343,PILOT TRAVEL CENTER #1103,"I-5, EXIT 208 & SR-530",Arlington,WA,962,4.559,48.1870863,-122.1958126
70344,KWIK TRIP #928,US-169,Princeton,MN,451,3.399,45.5558074,-93.5849441
70345,LOVES TRAVEL STOP #742,"I-196, EXIT 52",Holland,MI,406,4.089,42.7876022,-86.1090828
70346,Kwik Star #924,SR-17 & US-20 EXIT 140,Webster City,IA,433,3.20233333,42.4695666,-93.8183858
70349,WEIGELS #90,SR-139 & SR-66,Kodak,TN,405,3.199,35.9745323,-83.6268396
70350,CIRCLE K #2741859,CR-802,Brownsville,TX,665,3.029,25.9442148,-97.5443588
70351,MAVERIK COUNTRY STORE #606,US-91,Franklin,ID,825,3.579,42.1093652,-111.8203389
70352,KWIK TRIP #1019,CR-5 & SR-65,Isanti,MN,448,3.474,45.4934669,-93.2409050
70353,ASAP General Store #314,"US-62, US-81, SR-9",Chickasha,OK,483,3.13233333,35.0512159,-97.9370036
70357,Certified Oil #400489,"I-71, EXIT 104",Columbus,OH,315,3.409,39.9253975,-82.9646935
70358,FOOD N FUEL #25,SR-15 & US-12,Milbank,SD,248,3.369,45.2191310,-96.6356170
70359,PILOT # 1185,"I-15, EXIT 9   3",Littlefield,AZ,910,3.689,36.8972232,-113.9101721
70359,PILOT DEALER #1185,"I-15, EXIT 9   3",Littlefield,AZ,910,3.709,36.8871992,-113.9296876
70360,MAVERIK COUNTRY STORE #595,"I-84, EXIT 28",Caldwell,ID,785,3.369,43.6678736,-116.6894150
70361,MAVERIK COUNTRY STORE #599,US-89 & CR-122,Thayne,WY,825,3.669,42.9208143,-111.0024690
70366,FAST STOP,US-41,Escanaba,MI,360,3.399,45.7455707,-87.0647434
70371,KENT KWIK #440,US-277,Haskell,TX,575,3.539,33.1542164,-99.7199972
70373,KWIK TRIP #791,US-45 & SR-54,New London,WI,582,3.484,44.3807645,-88.7319253
70374,LOVES TRAVEL STOP #746,I-72 & SR-121,Decatur,IL,280,3.449,39.8454163,-88.9524151
70374,LOVES TRAVEL STOP #746,I-72 & SR-121,Decatur,IL,280,3.489,39.8454163,-88.9524151
70375,QUIKTRIP #1853,US-81,Decatur,TX,630,2.899,33.2276929,-97.5916740
70376,QUIKTRIP #1935,SR-183,Dallas,TX,630,2.97566666,32.9084887,-96.5547416
70377,WEIGELS #81,I-81 & SR-32,Morristown,TN,405,3.259,36.2139814,-83.2948923
70379,SPEEDWAY #7209,US-411 & SR-20,Cartersville,GA,18,3.11566666,34.2076399,-84.7997411
70380,LOVES TRAVEL STOP #714,"I-85, EXIT 29",Charlotte,NC,46,3.52233333,35.2272086,-80.8430827
70383,SPEEDWAY #4400,I-10 & SR-59,Loxley,AL,715,3.28233333,30.6557729,-87.7598719
70385,LONGHORN EXPRESS,US-70,Ardmore,OK,253,3.009,34.1729273,-97.1309119
70388,PILOT #1205,"I-20, EXIT 80",Monahans,TX,710,3.46566666,31.6142770,-102.8115985
70389,PILOT #1145,SR-191,Midland,TX,710,3.56566666,31.9277861,-102.2158665
70390,FLYING J #1206,SR-302 & CR-313,Kermit,TX,710,3.25566666,31.8531426,-103.0676169
70391,MACH 1 #12,I-57 EXIT 65,West Frankfort,IL,510,3.299,37.8978275,-88.9314583
70391,MACH 1 #12,I-57 EXIT 65,West Frankfort,IL,510,3.199,37.8978275,-88.9314583
70403,MAVERIK COUNTRY STORE #607,"I-90, EXIT 1",Post Falls,ID,970,3.37566666,47.7110106,-116.9480877
70404,MAVERIK COUNTRY STORE #602,"I-25 EXIT, 138",Colorado Springs,CO,803,3.289,38.8339578,-104.8253480
70405,LOVES TRAVEL STOP #760,SR-18 & SR-234,Eunice,NM,593,3.329,32.4388224,-103.1590020
70406,LOVES TRAVEL STOP #754,SR-251,Rochelle,IL,520,3.749,41.9239178,-89.0687074
70406,LOVES TRAVEL STOP #754,SR-251,Rochelle,IL,520,3.849,41.9239178,-89.0687074
70407,BOLLA MARKET,"I-495, EXIT 57",Islandia,NY,83,3.639,40.8042649,-73.1690019
70407,BOLLA MARKET,"I-495, EXIT 57",Islandia,NY,83,3.539,40.8042649,-73.1690019
70407,BOLLA MARKET,"I-495, EXIT 57",Islandia,NY,83,3.599,40.8042649,-73.1690019
70408,BOLLA MARKET,"I-495, EXIT 64",Medford,NY,83,4.039,40.8228192,-72.9887443
70408,BOLLA MARKET,"I-495, EXIT 64",Medford,NY,83,3.639,40.8228192,-72.9887443
70408,BOLLA MARKET,"I-495, EXIT 64",Medford,NY,83,3.539,40.8228192,-72.9887443
70409,SPEEDWAY #6512,"I-196, EXIT 49 & SR-40",Holland,MI,456,3.899,42.7397828,-86.0686923
70410,SPEEDWAY #4107,I-285 & US-78,Stone Mountain,GA,18,3.529,33.8513273,-84.0447677
70411,MARATHON,SR-72,Elberton,GA,16,3.899,34.1112226,-82.8670839
70413,CASEYS #3782,US-169 & SR-2,Mount Ayr,IA,320,3.164,40.7145873,-94.2381367
70415,GARDEN TRUCK STOP,SR-55 /EXIT 35,Vineland,NJ,150,3.999,39.5224592,-75.0631742
70416,ALLSUPS CONVENIENCE STORE #2361,US-54 & US-287,Stratford,TX,585,2.95733333,36.3361403,-102.0721190
70417,CASEYS #3434,US-63,Denver,IA,565,3.499,42.6713752,-92.3372158
70419,FUEL AMERICA TRAVEL CENTER,I-35 EXIT 24,Laredo,TX,693,3.099,27.5075005,-99.5069922
70420,Circle K #2709302,SR-67,Decatur,AL,615,3.50733333,34.6060203,-86.9838165
70421,CASEYS #3581,US-62/US-67,Corning,AR,695,3.28233333,36.4083989,-90.5859698
70422,CIRCLE K #2741675,"I-10, EXIT 134",Tolleson,AZ,930,3.519,33.4647871,-112.2388875
70423,LOVES TRAVEL STOP #763,I-90 & US-20,Hampshire,IL,290,3.649,42.0978028,-88.5303643
70423,LOVES TRAVEL STOP #763,I-90 & US-20,Hampshire,IL,290,3.449,42.0978028,-88.5303643
70423,LOVES TRAVEL STOP #763,I-90 & US-20,Hampshire,IL,290,3.459,42.0978028,-88.5303643
70423,LOVES TRAVEL STOP #763,I-90 & US-20,Hampshire,IL,290,3.549,42.0978028,-88.5303643
70423,LOVES TRAVEL STOP #763,I-90 & US-20,Hampshire,IL,290,3.489,42.0978028,-88.5303643
70424,LOVES TRAVEL STOP #743,"I-75, EXIT 144A",Bridgeport,MI,260,3.589,43.3594696,-83.8816364
70424,LOVES TRAVEL STOP #743,"I-75, EXIT 144A",Bridgeport,MI,260,3.289,43.3594696,-83.8816364
70424,LOVES TRAVEL STOP #743,"I-75, EXIT 144A",Bridgeport,MI,260,3.479,43.3594696,-83.8816364
70424,LOVES TRAVEL STOP #743,"I-75, EXIT 144A",Bridgeport,MI,260,3.279,43.3594696,-83.8816364
70424,LOVES TRAVEL STOP #743,"I-75, EXIT 144A",Bridgeport,MI,260,3.389,43.3594696,-83.8816364
70425,LOVES TRAVEL STOP #731,"I-79, EXIT 105 & SR-108",Slippery Rock,PA,165,4.249,41.0640395,-80.0564928
70426,BISHOPS TRAVEL CENTER,US-27,Attapulgus,GA,20,3.699,30.7495931,-84.4838714
70427,PARKERS #64 (DISCOUNT AVAILABLE),SR-307,Savannah,GA,195,3.03233333,32.0790074,-81.0921335
70428,PARKERS #63 (DISCOUNT AVAILABLE),US-301,Jesup,GA,195,3.11566666,31.6074365,-81.8853924
70429,BP,SR-76,Adel,GA,10,2.969,31.1371489,-83.4403358
70430,SPRINT FOODS #715,I-520 & SR-56,Augusta,GA,135,3.19233333,33.4090661,-82.0264532
70431,TA EXPRESS HOLSTEIN #941,I-20 E,Holstein,IA,527,3.559,42.4893597,-95.5446387
70432,GAS N WASH,SR-43,Frankfort,IL,365,3.499,41.5369488,-87.7911293
70432,GAS N WASH,SR-43,Frankfort,IL,365,3.599,41.5369488,-87.7911293
70433,GAS N WASH,SR-126,Plainfield,IL,290,3.599,41.5648514,-88.2733937
70434,HUCKS FOOD & FUEL #371,SR-148 & SR-142,Mount Vernon,IL,340,3.099,38.3172715,-88.9031201
70436,CASEYS #3492,US-36,Marysville,KS,413,3.299,39.8417300,-96.6480642
70437,Thorntons #155,"SR-1020 N, & SR1065 E",Louisville,KY,415,2.90566666,38.1275330,-85.7484345
70438,BREAU BRIDGE TRUCKSTOP AND CASINO,SR-94,Breaux Bridge,LA,730,3.229,30.2735323,-91.8992837
70439,CHEVRON,I-20 & SR-151,Arcadia,LA,590,3.189,32.5551415,-92.9365660
70440,MOUND MINI MART,I-696,Warren,MI,325,3.699,42.4984171,-83.0472288
70441,BREAK TIME #3165,US-50 & SR-13,Warrensburg,MO,400,3.29233333,38.7545064,-93.7357303
70442,GOLDEN GATE PETRO,I-580 & US-50,Carson City,NV,966,3.599,39.1663259,-119.7670374
70443,GLUCKSTADT FLEETWAY,"I-55, EXIT 112",Madison,MS,760,3.199,32.6308318,-90.0040817
70445,CASEYS #3514,SR-1,Oakes,ND,341,3.38233333,46.1385790,-98.0903790
70446,ALLSUPS CONVENIENCE STORE #2220,US-285,Loving,NM,640,3.599,32.2862317,-104.0957730
70447,84 QUIK STOP,"I-84, EXIT 3 & US-6",New Hampton,NY,120,3.699,41.4109272,-74.4071001
70447,84 QUIK STOP,"I-84, EXIT 3 & US-6",New Hampton,NY,120,3.459,41.4109272,-74.4071001
70448,CIRCLE K #4707623,"I-81, EXIT 31",Brewerton,NY,220,4.089,43.2333059,-76.1327581
70450,QUEENSBURY,SR-149,Queensbury,NY,12,3.789,43.3772932,-73.6131714
70452,LOVES TRAVEL STOP #749,SR-78,Westmorland,CA,900,4.849,33.0372674,-115.6213810
70452,LOVES TRAVEL STOP #749,SR-78,Westmorland,CA,900,4.789,33.0372674,-115.6213810
70452,LOVES TRAVEL STOP #749,SR-78,Westmorland,CA,900,4.779,33.0372674,-115.6213810
70452,LOVES TRAVEL STOP #749,SR-78,Westmorland,CA,900,4.889,33.0372674,-115.6213810
70453,MARIETTA PETROLEUM,"I-35, EXIT 15 & SR-32",Marietta,OK,253,2.92233333,33.9370450,-97.1166788
70454,DANDY MINI MART #36,US-220,Monroeton,PA,200,4.03233333,41.7125751,-76.4746649
70455,RUTTERS #37,US-332/US-22 & SR-75,Mifflintown,PA,70,4.099,40.5697996,-77.3969339
70456,RUTTERS #67,SR-16 & SR-75,Mercersburg,PA,70,4.399,39.8282214,-77.9037226
70457,RUTTERS #15,"I-83, EXIT 22 & SR-4009",York,PA,70,4.199,39.9624930,-76.7276989
70458,STOP-A MINIT,US-25 & SR-418,Pelzer,SC,30,2.899,34.6272087,-82.3917586
70459,GET N GO #22,I-90 & SR-115,Sioux Falls,SD,530,2.939,43.5410709,-96.7306495
70460,ALLSUPS CONVENIENCE STORE #2371,US-87,San Angelo,TX,612,3.20566666,31.4649685,-100.4405094
70461,CIRCLE K #2741074,I-35 & FM-1103,New Braunfels,TX,740,2.844,29.6849534,-98.1253221
70463,CIRCLE K #2741496,US-290,Chappell Hill,TX,670,2.999,30.1415290,-96.2567185
70464,GOLDEN GATE PETEROLEUM 24 RD,US-6,Grand Junction,CO,810,3.539,39.0672568,-108.5644800
70466,Circle K #2741925,SR-19,Trinity,TX,670,2.899,31.0834452,-95.1219348
70467,QUIKTRIP #598,"I-80, EXIT 439, SR-370",Omaha,NE,486,2.92733333,41.2644376,-96.0997667
70468,CIRCLE K #2741325,I-14 & SR-121,Belton,TX,765,2.88566666,31.0560132,-97.4644530
70469,TA EXPRESS #286,I-30 & SR-423,Mount Vernon,TX,637,3.299,33.1890841,-95.2214564
70472,SHELL/ONE9 #1304,I-820 & CR-156,Fort Worth,TX,630,2.89233333,32.7531770,-97.3327459
70474,EXXON,"I-30, EXIT 42A",Dallas,TX,630,3.499,32.6484279,-96.7819520
70476,KWIK TRIP #1037,SR-65/23,Mora,MN,451,3.394,45.8769031,-93.2938352
70478,TA Express Salina,"I-70, EXIT 56",Salina,UT,835,3.649,38.9300204,-111.8541764
70479,CROSSROADS MARKET,US-60 & SR-657,Gladstone,VA,185,3.439,37.5468094,-78.8494619
70480,BIG B TRUCK STOP,"I-90, EXIT 321",Sprague,WA,962,3.899,47.2089651,-118.2268567
70481,GOHL POST BP,"I-39, EXIT 100",Endeavor,WI,420,3.17566666,43.7158123,-89.4662326
70482,BIG D OIL #19,SR-259 & SR-387,Midwest,WY,790,3.459,43.4113910,-106.2800750
70483,BOLLA MARKET,SR-27 & CR-47,Copiague,NY,83,3.439,40.6728425,-73.3947639
70483,BOLLA MARKET,SR-27 & CR-47,Copiague,NY,83,3.399,40.6728425,-73.3947639
70484,ALLSUPS CONVENIENCE STORE #2117,SR-18 & CR-97,Lovington,NM,700,3.104,32.9440685,-103.3487454
70485,ALLSUPS CONVENIENCE STORE #2145,SR-132,Hobbs,NM,593,3.38233333,32.7076670,-103.1311314
70488,ALLSUPS CONVENIENCE STORE #2365,US-380 & SR-214,Plains,TX,700,3.369,33.1892387,-102.8272740
70491,MFA OIL PETRO CARD 24,US-36,Hamilton,MO,276,3.24066666,39.7436184,-93.9982743
70492,KWIK TRIP #1033,US-51 EXIT 191B,Wausau,WI,395,3.454,44.9135620,-89.6479533
70493,LOVES TRAVEL STOP #759,US-63/SR-11,Hazen,AR,695,3.22566666,34.7813665,-91.5789815
70494,7-ELEVEN #37570,I-76/US-6,Commerce City,CO,800,3.639,39.8019312,-104.9038940
70495,LOVES TRAVEL STOP #689,US-65 & US-82,Lake Village,AR,695,3.269,33.3294799,-91.2850584
70496,KWIK TRIP #1015,"I-43, EXIT 171",Denmark,WI,582,3.36233333,44.3454280,-87.8429476
70498,KWIK TRIP #939,"SR-29, EXIT 101",Stanley,WI,295,3.469,44.9591870,-90.9368083
70500,STRIPES 7FLEET #42526,SR-289,Lubbock,TX,700,3.05566666,33.5855677,-101.8470215
70501,STRIPES 7FLEET #42527,SR-191 & US-349,Midland,TX,710,3.47233333,31.8368800,-102.0103767
70502,STRIPES 7FLEET #42532,SR-302 & FM-1936,Odessa,TX,710,3.099,31.8457149,-102.3676870
70503,STRIPES 7FLEET #42491,US-67 & SR-137,Big Lake,TX,710,3.549,31.1954739,-101.4592746
70505,STRIPES #42593,LOOP 289 & MLK BLVD,Lubbock,TX,700,2.96566666,33.5640482,-101.8438522
70507,ALLSUPS CONVENIENCE STORE #2154,SR-206 / US-283,Coleman,TX,575,3.159,31.7766863,-99.4461098
70508,7-ELEVEN #34715,I-294 EXIT 20,Schiller Park,IL,290,4.579,41.9495194,-87.8705950
70509,ALLSUPS CONVENIENCE STORE #2108,US-377 & US-183,Early,TX,575,2.93233333,31.7420960,-98.9456052
70510,ALLSUPS CONVENIENCE STORE #2147,SR-6 & CR-454,De Leon,TX,630,3.159,32.1104362,-98.5371496
70516,STRIPES 7FLEET #42528,"I-20, EXIT 217 & SR-139",Colorado City,TX,575,2.899,32.3930337,-100.8635100
70527,THORNTONS #164,I-65 EXIT 16 & US-31,Memphis,IN,415,3.62566666,38.4880129,-85.7704673
70530,LOVES TRAVEL STOP #767,FM-511 & SR-48,Brownsville,TX,625,3.15566666,25.9024289,-97.4981698
70538,SPEEDWAY #9329,"I-64 EXIT 43, SR 395 & 2823",Waddy,KY,410,3.149,38.1518675,-85.0713276
70539,PILOT #1174,"I-70/SR-1, EXIT 147",Marshall,IL,510,3.299,39.4191233,-87.6954442
70539,PILOT TRAVEL CENTER #1174,"I-70/SR-1, EXIT 147",Marshall,IL,510,3.499,39.4191233,-87.6954442
70539,PILOT TRAVEL CENTER #1174,"I-70/SR-1, EXIT 147",Marshall,IL,510,3.359,39.4191233,-87.6954442
70539,PILOT #1174,"I-70/SR-1, EXIT 147",Marshall,IL,510,3.499,39.4191233,-87.6954442
70539,PILOT TRAVEL CENTER #1174,"I-70/SR-1, EXIT 147",Marshall,IL,510,3.299,39.4191233,-87.6954442
70540,LOVES TRAVEL STOP #674,US-27 & SR-60,Lake Wales,FL,140,3.55233333,27.9014133,-81.5859099
70541,Kwik Star#1012,US-71 & SR-9,Spirit Lake,IA,440,3.299,43.4224868,-95.1024729
70543,ALLSUPS CONVENIENCE STORE #2078,US-60,White Deer,TX,585,2.969,35.4309215,-101.1747620
70544,ALLSUPS CONVENIENCE STORE #2100,US-87,Odonnell,TX,700,3.099,,
70545,ALLSUPS CONVENIENCE STORE #2205,SR-83,Denver City,TX,700,3.36566666,32.9679571,-102.8293851
70546,ALLSUPS CONVENIENCE STORE #2370,US-287 & SR-70,Clarendon,TX,585,2.929,34.9359346,-100.8905829
70547,ALLSUPS CONVENIENCE STORE #2140,SR-114,Bridgeport,TX,630,2.899,33.2101155,-97.7547552
70548,ALLSUPS CONVENIENCE STORE #2114,US-84,Muleshoe,TX,700,3.19066666,34.2264860,-102.7239208
70549,ALLSUPS CONVENIENCE STORE #2194,214 PLAINS HIGHWAY,Denver City,TX,700,3.38233333,32.9679571,-102.8293851
70550,TEXACO #379545,US-290,Giddings,TX,595,3.399,30.1846314,-96.9549594
70551,KWIK TRIP #1047,SR-100 & SR-59,Milwaukee,WI,444,3.54066666,42.8709598,-87.9330239
70552,KWIK TRIP #941,US-2,Duluth,MN,334,3.499,46.7607881,-92.1317561
70553,KWIK TRIP #1028,US-59,Worthington,MN,425,3.16566666,43.6205056,-95.5956434
70554,HORSESHOE CONVENIENCE,SR 302 & IC 200,Mentone,TX,710,3.10733333,31.7055219,-103.5986245
70555,THORNTONS #615,I-40 EXIT 188,Kingston Springs,TN,460,2.98233333,36.0852908,-87.0987629
70556,ZIP ZONE EXPRESS,US-23,Catlettsburg,KY,255,3.699,38.4048042,-82.6004369
70557,LOVES TRAVEL STOP #727,"I-44, EXIT 283 & US-69",Big Cabin,OK,560,3.41233333,36.5378651,-95.2213580
70558,LOVES TRAVEL STOP #752,"I-43, EXIT 25 & SR-67",Elkhorn,WI,520,3.24066666,42.6719206,-88.5434940
70559,KWIK TRIP #1026,"HWY-23/ HWY-169, EXIT 23",Milaca,MN,453,3.369,45.7557990,-93.6544079
70560,PILOT DEALER #1235,"I-8, EXIT 42",Tacna,AZ,900,3.599,32.7001490,-113.9618740
70560,PILOT #1235,"I-8, EXIT 42",Tacna,AZ,900,3.659,32.7001490,-113.9618740
70561,PILOT #1143,I-20 & SR-302,Odessa,TX,710,3.599,31.7794410,-102.3672261
70562,SPEEDWAY #7161,I-65 & US-31,Portland,TN,460,3.024,36.6277192,-86.5664984
70563,PILOT DEALER #1234,US-93 & CR-145,Willow Beach,AZ,910,3.839,35.8697801,-114.6600654
70563,PILOT #1234,US-93 & CR-145,Willow Beach,AZ,910,3.899,35.8697801,-114.6600654
70564,SPEEDWAY #7236,"I-90/SR-2, EXIT 151",Avon,OH,305,3.659,41.4638026,-82.0578355
70565,Kwik Star #1025,SR-9/SR-4,Estherville,IA,425,3.33233333,43.4026638,-94.8363599
70567,LEDGEWOOD BP,I-80/SR-46,Ledgewood,NJ,115,3.299,40.8732930,-74.6513116
70571,LOVES TRAVEL STOP #748,"I-90, I-80 & SR-49",Edon,OH,550,3.88733333,41.5563670,-84.7690441
70572,LOVES TRAVEL STOP #745,I-94,Saint Clair,MI,342,3.949,42.9426715,-82.6283554
70573,KWIK TRIP #1038,US-12,Prairie Du Sac,WI,420,3.484,43.2935866,-89.7582161
70574,SPEEDWAY #3961,"I-55, EXIT 109",Williamsville,IL,318,3.299,39.9623095,-89.5619631
70575,SPEEDWAY #6721,SR 51,Mc Kees Rocks,PA,165,3.899,40.4726096,-80.0604859
70576,KWIK TRIP #593,"I-94, EXIT 41 & SR-25",Menomonie,WI,295,3.574,44.8716093,-91.9301811
70577,SPEEDWAY #3715,US-30,Crest Hill,IL,293,3.299,41.5730397,-88.1210636
70577,SPEEDWAY #3715,US-30,Crest Hill,IL,293,3.359,41.5730397,-88.1210636
70578,COMMON CENTS #125,"I-90/US-14, EXIT 61",Rapid City,SD,506,3.20733333,44.1032123,-103.1525499
70579,Exxon/One9 #1338,I-35 & CR-372,Jarrell,TX,765,2.88566666,30.8249094,-97.6044540
70580,LOVES TRAVEL STOP #753,I-90 EXIT 96 & SR-474,Missoula,MT,820,3.674,46.8701049,-113.9952670
70581,LOVES TRAVEL STOP #773,"SR-14 & I-59/20, EXIT 40",Eutaw,AL,615,3.13733333,32.8406848,-87.8875144
70582,Kwik Star #1039,I-80 EXIT 301,Bettendorf,IA,270,3.649,41.5567365,-90.4824003
70583,LOVES TRAVEL STOP #783,US-60 & US-63,Willow Springs,MO,535,3.419,36.9922768,-91.9698742
70584,PILOT TRAVEL CENTER #1209,"I-20, EXIT 136 & SR-349",Midland,TX,710,3.56566666,31.9680871,-102.0734610
70585,PILOT TRAVEL CENTER #1211,US-385 & CR-1910,Andrews,TX,710,3.639,32.3070503,-102.5420041
70586,MAVERIK COUNTRY STORE #610,I-80,Winnemucca,NV,966,3.389,40.9724295,-117.7348020
70587,MAVERIK COUNTRY STORE #623,US-89,Gunnison,UT,835,3.419,39.1552391,-111.8182580
70588,SPEEDWAY #7217,I-70 EXIT 49,Smithton,PA,165,3.91566666,40.1714986,-79.7336037
70590,CIRCLE K #2722291,US-1 & SR-206,Saint Augustine,FL,75,3.379,30.0164268,-81.3944458
70591,SPEEDWAY #6465,"I-77, EXIT 101",Canton,OH,249,3.60733333,40.7511827,-81.4008527
70592,LOVES TRAVEL STOP #751,"I-20, EXIT 87",Elgin,SC,135,3.42566666,34.1709826,-80.7942520
70593,LOVES TRAVEL STOP #735,I-75/SR-401,Calhoun,GA,285,3.279,31.5311784,-84.6143280
70595,SPEEDWAY #6509,"I-74, EXIT 206",Oakwood,IL,280,3.199,40.1226316,-87.7779887
70595,SPEEDWAY #6509,"I-74, EXIT 206",Oakwood,IL,280,3.349,40.1226316,-87.7779887
70595,SPEEDWAY #6509,"I-74, EXIT 206",Oakwood,IL,280,3.299,40.1226316,-87.7779887
70596,SPEEDWAY #7208,I-85 EXIT 137,Jefferson,GA,16,3.119,34.1510758,-83.6406817
70597,SPEEDWAY #9394,SR-4 & US-25,Lexington,KY,410,3.129,38.0758286,-84.5068454
70598,SPEEDWAY #7175,US-78 & SR-175,Memphis,TN,435,3.199,35.0209295,-89.9199411
70599,Jet Food Store,US-278,Warrenton,GA,85,3.41566666,33.4070837,-82.6620781
70600,KWIK STAR #1027,US-65,Mason City,IA,433,3.264,43.1487903,-93.2217625
70601,24/7 TRAVEL STORE,I-70 EXIT 275,Abilene,KS,523,2.994,38.9386799,-97.2145563
70603,ROAD RANGER #277,"I-30, EXIT 201 & SR-8",New Boston,TX,766,3.08066666,33.4773071,-94.4108505
70604,KWIK STAR #940,US-69 & SR-9,Forest City,IA,433,3.449,43.2626747,-93.6376741
70605,SPEEDWAY #1042,"I-55 & SR-50, EXIT 286",Cicero,IL,291,3.599,41.8341439,-87.7441328
70605,SPEEDWAY #1042,"I-55 & SR-50, EXIT 286",Cicero,IL,291,3.569,41.8341439,-87.7441328
70606,SPEEDWAY #7179,"I-65 & SR-101, EXIT 38",Smiths Grove,KY,415,3.06566666,37.0440796,-86.2089798
70607,SPEEDWAY #8544,"I-55 & US-6, EXIT 24B",Channahon,IL,291,3.249,41.4572814,-88.1932387
70607,SPEEDWAY #8544,"I-55 & US-6, EXIT 24B",Channahon,IL,291,3.299,41.4572814,-88.1932387
70608,KWIK TRIP #1017,US-10/SR-47,Anoka,MN,451,3.624,45.2072124,-93.3790776
70609,JP TRAVEL PLAZA,"I-75, EXIT 205 & SR-16",Jackson,GA,18,3.159,34.1282559,-83.5753386
70611,Shell,US-6 & SR-3,Kendallville,IN,370,3.499,41.4414385,-85.2649754
70612,SHREES TRUCK STOP #2,I-90 EXIT 101,Thorp,WA,920,3.839,47.0680145,-120.6726870
70612,SHREES TRUCK STOP #2,I-90 EXIT 101,Thorp,WA,920,3.809,47.0680145,-120.6726870
70612,SHREES TRUCK STOP #2,I-90 EXIT 101,Thorp,WA,920,3.859,47.0680145,-120.6726870
70615,THORNTONS #0334,I-57 EXIT 350 & SR-83,Posen,IL,365,3.399,41.6230590,-87.6758363
70617,QUIKTRIP #224,"I-435, EXIT 57",Kansas City,MO,400,3.099,39.0337363,-94.3869579
70618,LOVES TRAVEL STOP #744,"I-270 N, EXIT 49",Lockbourne,OH,315,3.45566666,39.8092301,-82.9724040
70619,KWIK TRIP #1049,US-212 & CR-68,Glencoe,MN,448,3.524,44.7698573,-94.1275180
70620,LOVES TRAVEL STOP #779,I-30 EXIT 97,Malvern,AR,635,3.499,34.3625823,-92.8092694
70621,FRIENDLY GUS STORE #24,I-16 EXIT 53 & SR-19,Dublin,GA,85,3.399,32.5404447,-82.9037540
70622,SPEEDWAY #6781,US-422,Douglassville,PA,208,3.799,40.2635446,-75.7408930
70623,SPEEDWAY #1127,"I-55, EXIT 267 & SR-53",Bolingbrook,IL,293,3.589,41.6808697,-88.0681865
70623,SPEEDWAY #1127,"I-55, EXIT 267 & SR-53",Bolingbrook,IL,293,3.299,41.6808697,-88.0681865
70624,KWIK STAR #929,I-74 EXIT 2,Bettendorf,IA,270,3.599,41.5919813,-90.4600100
70625,BROWNVILLE IRVING,SR-11,Brownville,ME,170,3.93233333,45.3507218,-69.0517895
70626,GOLDEN GATE PETROLEUM,"I-70, EXIT 97",Silt,CO,810,3.459,39.5485917,-107.6561700
70628,PILOT #1195,"I-90, EXIT 106",Ellensburg,WA,977,3.959,47.0056284,-120.5872167
70628,PILOT #1195,"I-90, EXIT 106",Ellensburg,WA,977,3.859,47.0056284,-120.5872167
70628,PILOT #1195,"I-90, EXIT 106",Ellensburg,WA,977,3.839,47.0056284,-120.5872167
70628,PILOT #1195,"I-90, EXIT 106",Ellensburg,WA,977,3.899,47.0056284,-120.5872167
70629,KWIK TRIP #930,"I-35, EXIT 147 & SR-95",North Branch,MN,448,3.40233333,45.5110672,-92.9692114
70630,SPEEDWAY #3632,"I-76, EXIT 33 & SR-43",Kent,OH,249,3.53233333,41.1057085,-81.3475495
70632,CIRCLE K #4706705,SR-394,Crete,IL,365,3.499,41.4694853,-87.5783171
70634,CORNER MARKET #101,US-83 & SR-96,Scott City,KS,525,3.359,38.4825192,-100.9070940
70635,CIRCLE K #4705706,US-224 & SR-99,Willard,OH,249,3.599,41.0531134,-82.7262958
70637,CIRCLE K #2704111,I-2/US-83 & CR-493,Donna,TX,639,3.009,26.1808079,-98.0416555
70638,LOVES TRAVEL STOP #769,"I-70, EXIT 358A & US-75",Topeka,KS,570,3.284,39.0490110,-95.6775560
70640,LOVES TRAVEL STOP #794,SR-3/SR-33,Watonga,OK,483,3.37566666,35.8483867,-98.4133205
70641,LOVES TRAVEL STOP #706,"I-81/I-64, EXIT 213 ",Staunton,VA,185,3.649,38.1495947,-79.0725570
70642,LOVES TRAVEL STOP #776,"I-20, EXIT 15",Vicksburg,MS,760,3.549,32.3528055,-90.8777342
70643,LOVES TRAVEL STOP #774,US-431/CR-248,Smiths Station,AL,720,3.194,32.5401394,-85.0985474
70644,KWIK TRIP #1031,I-494 EXIT 20,Delano,MN,451,3.524,45.0419073,-93.7891331
70645,QUIKTRIP #4048,"I-410, EXIT164B",San Antonio,TX,740,2.96566666,29.5512026,-98.3553619
70646,KWIK TRIP #1051,I-43 & CR-N,Green Bay,WI,582,3.44066666,44.4849960,-87.9183535
70647,PILOT #1227,I-20 EXIT 66,Pyote,TX,710,3.46566666,31.5278625,-103.1198260
70648,BARRINGTON APPLEGREEN,SR-125 & SR-9,Barrington,NH,178,3.899,43.2231910,-71.0472110
70649,KWIK TRIP #931,SR-95,North Branch,MN,448,3.42733333,45.5107560,-92.9692264
70650,MAVERIK COUNTRY STORE #581,"I-15 N, EXIT 334 & SR-193",Clearfield,UT,835,3.33566666,41.1135837,-112.0244841
70651,WALBURG TRAVEL CENTER,"I-35, EXIT 266",Georgetown,TX,595,2.83233333,30.7106028,-97.6473331
70652,ROADYS MACH 1 #14,I-57 EXIT 94,Mount Vernon,IL,574,3.099,38.3172715,-88.9031201
70652,ROADYS MACH 1 #14,I-57 EXIT 94,Mount Vernon,IL,574,3.199,38.3172715,-88.9031201
70652,ROADYS MACH 1 #14,I-57 EXIT 94,Mount Vernon,IL,574,3.299,38.3172715,-88.9031201
70653,MACH 1 #24,I-74 EXIT 215A & SR-1,Tilton,IL,280,3.199,40.0953144,-87.6475213
70653,MACH 1 #24,I-74 EXIT 215A & SR-1,Tilton,IL,280,3.299,40.0953144,-87.6475213
70654,PILOT #1269,I-10 EXIT 378,San Simon,AZ,980,3.309,32.2665117,-109.2270613
70654,PILOT DEALER #1269,I-10 EXIT 378,San Simon,AZ,980,3.334,32.2665117,-109.2270613
70655,GOLDEN GATE PETROLEUM,US-6,Grand Junction,CO,810,3.499,39.0672568,-108.5644800
70656,LOVES TRAVEL STOP #757,"US-23, EXIT 25",Milan,MI,325,3.579,42.0848616,-83.6830279
70656,LOVES TRAVEL STOP #757,"US-23, EXIT 25",Milan,MI,325,3.649,42.0848616,-83.6830279
70656,LOVES TRAVEL STOP #757,"US-23, EXIT 25",Milan,MI,325,3.489,42.0848616,-83.6830279
70656,LOVES TRAVEL STOP #757,"US-23, EXIT 25",Milan,MI,325,3.569,42.0848616,-83.6830279
70657,INTERFUEL,I-96 EXIT 167,Springfield,VA,60,3.899,38.7749935,-77.1803819
70658,CASEYS #3708,SR-235,New Carlisle,OH,411,3.259,39.9361699,-84.0254913
70660,CASEYS #3852,"I-35, EXIT 33 & US-34",Creston,IA,320,3.349,41.0585878,-94.3613970
70661,CASEYS #3238,US-52 EXIT 64 & CR-12,Oronoco,MN,451,3.51566666,44.1642851,-92.5350748
70662,GETGO #3202,I-79 EXIT 183A,Erie,PA,240,3.899,42.0592253,-80.0934833
70663,LENNYS GAS N WASH BOURBONNAIS,US-45/US-52,Bourbonnais,IL,296,3.399,41.1639309,-87.8839693
70663,LENNYS GAS N WASH BOURBONNAIS,US-45/US-52,Bourbonnais,IL,296,3.299,41.1639309,-87.8839693
70665,POCO LOCO MARKET,I-35 EXIT 219,Buda,TX,595,2.89233333,30.0824750,-97.8417144
70666,Thorntons #322,"I-55, EXIT 288",Chicago,IL,290,3.599,41.8306482,-87.6953763
70667,EZ TRIP #1226,"I-84, EXIT 104 & US-97",Wasco,OR,935,3.239,45.0430227,-121.2154207
70668,LOVES TRAVEL STOP #784,US-30 & CR-9,Schuyler,NE,486,3.28233333,41.4473547,-97.0572541
70669,TA EXPRESS BIGGS,"I-84, EXIT 104 & US-97",Wasco,OR,935,3.199,45.0430227,-121.2154207
70670,MAVERIK COUNTRY STORE #625,"I-215, EXIT 27 & CR-68",North Salt Lake,UT,835,3.44233333,40.8485564,-111.9068820
70673,PAC PRIDE,SR-202,Mesa,AZ,930,4.024,33.4151005,-111.8314550
70674,ALLTOWN FRESH #769,SR-111,Ayer,MA,34,3.649,42.5495054,-71.5710559
70676,PAC PRIDE,"I-10, EXIT 138",Phoenix,AZ,930,4.0365,33.4484367,-112.0741410
70677,PAC PRIDE,US-60,Glendale,AZ,930,4.024,33.5386858,-112.1859940
70679,PAC PRIDE,"I-10, EXIT 151",Phoenix,AZ,930,4.024,33.4484367,-112.0741410
70680,PAC PRIDE,"I-17, EXIT 215B",Phoenix,AZ,930,4.024,33.4484367,-112.0741410
70681,PETRO STOP,US-60,Mesa,AZ,930,4.01566666,33.4151005,-111.8314550
70682,LOVES TRAVEL STOP #758,"I-255/US-50, EXIT 15",East Saint Louis,IL,540,3.589,38.6268666,-90.1597070
70682,LOVES TRAVEL STOP #758,"I-255/US-50, EXIT 15",East Saint Louis,IL,540,3.489,38.6268666,-90.1597070
70682,LOVES TRAVEL STOP #758,"I-255/US-50, EXIT 15",East Saint Louis,IL,540,3.379,38.6268666,-90.1597070
70682,LOVES TRAVEL STOP #758,"I-255/US-50, EXIT 15",East Saint Louis,IL,540,3.689,38.6268666,-90.1597070
70686,HOLIDAY STATIONSTORE #2746471,US-12,Hudson,WI,448,3.539,44.9750953,-92.7554671
70687,RUTTERS #87,"I-99, EXIT 78B & SR-150",Bellefonte,PA,70,4.01566666,40.9134862,-77.7737471
70691,QUIKTRIP #4049,"I-10/US-90, EXIT 583",San Antonio,TX,740,2.96566666,29.5512026,-98.3553619
70692,RUTLAND ROUTE 7 IRVING,US-4 & US-7,Rutland,VT,170,3.699,43.6084792,-72.9724768
70693,MAPCO #3507,US-76 & SR-71,Dalton,GA,285,3.119,34.7952424,-84.9970362
70695,ALLSUPS CONVENIENCE STORE #2132,US-54 & US-380,Carrizozo,NM,580,3.28233333,33.6451866,-105.8775111
70696,DK #11822,I-20 EXIT 131,Midland,TX,612,2.85733333,31.9458781,-102.1427168
70698,ALLSUPS CONVENIENCE STORE #2038,US-54,Logan,NM,585,3.199,35.3665221,-103.4107155
70699,QUIK STOP,US-79,Paris,TN,490,2.959,36.3019461,-88.3258578
70700,PATRIOT FUELING CENTER,US-231/SR-9,Wetumpka,AL,720,3.199,32.5378668,-86.2045442
70704,KUM & GO #0702,"I-44, EXIT 6 & SR-86",Joplin,MO,535,3.009,37.0504019,-94.4788331
70705,CASEYS #3464,SR-48 & CR-10,Morrisonville,IL,280,3.759,39.4200501,-89.4556486
70705,CASEYS #3464,SR-48 & CR-10,Morrisonville,IL,280,3.999,39.4200501,-89.4556486
70705,CASEYS #3464,SR-48 & CR-10,Morrisonville,IL,280,3.959,39.4200501,-89.4556486
70706,BIG APPLE TRAVEL CENTER,I-44/US-71,Joplin,MO,416,3.21233333,37.0841838,-94.5133385
70707,TA Express West Point #283,"I-85/SR-403, EXIT 2 & SR-18",West Point,GA,720,3.66566666,32.8772531,-85.1837280
70708,LOVES TRAVEL STOP #785,"I-96, EXIT 90",Grand Ledge,MI,406,3.949,42.7524401,-84.7463572
70709,VP Racing Fuels,SR-19,Center,MO,540,3.16566666,39.5080980,-91.5287660
70710,LOVES TRAVEL STOP #799,US-72 & SR-15,Walnut,MS,655,3.559,34.9485431,-88.9020767
70711,LOVES TRAVEL STOP #762,FM-1472,Laredo,TX,693,3.25566666,27.5075005,-99.5069922
70714,PILOT TRAVEL CENTER #1281,US-89,Page,AZ,910,3.999,36.9148305,-111.4572940
70714,PILOT DEALER #1281,US-89,Page,AZ,910,3.999,36.9148305,-111.4572940
70717,Certified Oil #400491,I-270 EXIT 52,Columbus,OH,315,3.20233333,39.9253975,-82.9646935
70718,ROAD RANGER #278,"I-40, EXIT 216 & US-49",Brinkley,AR,695,3.199,34.9130779,-91.1940007
70719,FAST LANE #31,"I-70, EXIT 183",Jonesburg,MO,540,3.299,38.8533773,-91.3059895
70720,SPEEDWAY #4453,SR-23,Sauk Rapids,MN,451,3.189,45.5694578,-94.1422815
70722,SPEEDWAY #9935,I-90 EXIT 35 & SR-298,Syracuse,NY,190,4.099,43.0886469,-76.0928230
70723,SPEEDWAY #9932,I-99 EXIT 8 & SR-417,Painted Post,NY,190,4.099,42.1099300,-77.1553675
70724,LOVES TRAVEL STOP #790,"I-95, EXIT108",Summerton,SC,135,3.509,33.6082323,-80.3512600
70725,LOVES TRAVEL STOP #782,"I-24 & US-41, EXIT 86",Oak Grove,KY,415,3.14233333,36.6650471,-87.4427878
70726,CASEYS #1195,US-36,Belleville,KS,336,3.339,39.8246673,-97.6325554
70727,CASEYS #2998,US-75 & SR-23,Pipestone,MN,530,3.449,44.0270012,-96.2566582
70728,CASEYS #3245,US-81,Freeman,SD,530,3.299,43.3524870,-97.4372860
70729,CASEYS #3785,US-14,Fort Pierre,SD,571,3.399,44.3535200,-100.3738240
70730,CASEYS #3855,US-81,Yankton,SD,572,3.139,42.8712938,-97.3967011
70731,PILOT TRAVEL CENTERS #1181,IL-38 E,Rochelle,IL,520,3.759,41.9239178,-89.0687074
70731,PILOT #1181,IL-38 E,Rochelle,IL,520,3.759,41.9355593,-89.0175598
70732,MAVERIK COUNTRY STORE #627,I-15 EXIT 303,Salt Lake City,UT,835,3.44233333,40.7596198,-111.8867970
70733,CASEYS #1607,US-63,Macon,MO,392,3.29066666,39.8416253,-92.5675118
70735,CASEYS #1778,SR-267/SR-111,Brighton,IL,574,3.279,39.0397730,-90.1410023
70735,CASEYS #1778,SR-267/SR-111,Brighton,IL,574,3.299,39.0397730,-90.1410023
70735,CASEYS #1778,SR-267/SR-111,Brighton,IL,574,3.239,39.0397730,-90.1410023
70735,CASEYS #1778,SR-267/SR-111,Brighton,IL,574,3.279,39.0397730,-90.1410023
70735,CASEYS #1778,SR-267/SR-111,Brighton,IL,574,3.239,39.0397730,-90.1410023
70736,CASEYS #1941,"I-35, EXIT 90 & SR-160",Ankeny,IA,320,3.139,41.7320796,-93.6050920
70737,CASEYS #2272,I-80/US-6 EXIT 155 & SR-117,Colfax,IA,320,3.099,41.6777241,-93.2452335
70738,QUIKTRIP #7061,I-49 EXIT 39A,Joplin,MO,413,3.02233333,37.0841838,-94.5133385
70739,CASEYS #2602,US-36/SR-5 & SR-11,Brookfield,MO,276,3.249,39.7844687,-93.0735348
70740,JACK FLASH,"I-70, EXIT 82 & SR 128",Altamont,IL,574,3.099,39.0461639,-88.7488950
70740,JACK FLASH,"I-70, EXIT 82 & SR 128",Altamont,IL,574,3.199,39.0461639,-88.7488950
70741,CASEYS #3590,US-27,Geneva,IN,465,3.594,40.5924473,-84.9612944
70742,CASEYS #3653,SR-14,Greene,IA,433,3.599,42.0182893,-94.4005864
70743,CASEYS #3659,US-10 & SR-115,Randall,MN,250,3.48566666,46.0910771,-94.5036199
70744,CASEYS #3686,I-80 EXIT 81,Utica,IL,296,2.969,41.3405897,-89.0100810
70744,CASEYS #3686,I-80 EXIT 81,Utica,IL,296,2.999,41.3405897,-89.0100810
70744,CASEYS #3686,I-80 EXIT 81,Utica,IL,296,3.159,41.3405897,-89.0100810
70745,CASEYS #3752,",",Mountain Lake,MN,425,3.40233333,43.9323943,-94.9388903
70746,CASEYS #3085,US-34 & SR-14,Aurora,NE,330,3.099,40.8668880,-98.0045080
70747,CASEYS #3702,US-377/SR-99 & SR-9,Seminole,OK,560,3.02566666,35.1705939,-96.6263487
70748,CASEYS #3717,US-218,Vinton,IA,380,3.199,42.1679131,-92.0239504
70749,CASEYS #3719,US-160,Ulysses,KS,525,3.409,37.5814095,-101.3551690
70750,CASEYS #3787,"I-35, EXIT 222",Blackwell,OK,483,2.999,36.8018163,-97.2861191
70751,CASEYS #3795,"I-43, EXIT 96",Saukville,WI,444,3.289,43.3811281,-87.9404718
70752,CASEYS #3755,SR-7/SR-27,Russellville,AR,645,3.419,35.2784173,-93.1337856
70753,CASEYS #3798,"I-44, EXIT 211",Drumright,OK,560,3.119,35.9884013,-96.6011294
70754,CASEYS #3758,US-77,Douglass,KS,570,3.264,37.5194642,-97.0128147
70755,CASEYS #3809,US-56 & SR-51,Hugoton,KS,525,3.39233333,37.1753025,-101.3496020
70756,CASEYS #3780,US-40,Tonganoxie,KS,400,3.159,39.1097240,-95.0877465
70757,CASEYS #3811,US-69,McAlester,OK,560,3.22566666,34.9334981,-95.7697934
70759,CASEYS #3832,"I-35, EXIT 40A & US-14",Janesville,MN,425,3.58233333,44.1160780,-93.7080044
70760,CASEYS #2730,US-34 & SR-15,Seward,NE,413,3.369,40.8695533,-97.1706676
70761,CASEYS #3841,"US-61, EXIT 5",Kieler,WI,335,3.489,42.5823073,-90.6018357
70763,CASEYS #3854,"US-20, EXIT 275 & SR-13",Manchester,IA,380,3.54566666,42.4840907,-91.4555379
70764,CASEYS #3856,"I-51, EXIT 48 & SR-251",Tonica,IL,520,3.199,41.2158684,-89.0667489
70764,CASEYS #3856,"I-51, EXIT 48 & SR-251",Tonica,IL,520,3.099,41.2158684,-89.0667489
70764,CASEYS #3856,"I-51, EXIT 48 & SR-251",Tonica,IL,520,3.069,41.2158684,-89.0667489
70765,CEFCO #103,SR-36,Temple,TX,765,2.96566666,31.1389243,-97.3314906
70767,CASEYS #3493,SR-72,Shannon,IL,520,3.699,42.1547457,-89.7398389
70768,CASEYS #3497,SR-29,South Pekin,IL,368,3.699,40.4944838,-89.6517711
70768,CASEYS #3497,SR-29,South Pekin,IL,368,3.619,40.4944838,-89.6517711
70768,CASEYS #3497,SR-29,South Pekin,IL,368,3.679,40.4944838,-89.6517711
70769,CASEYS #3527,US-169 & US-60,Nowata,OK,307,3.18233333,36.7798848,-95.6226184
70770,CASEYS #3528,SR-92,Washington,IA,380,3.271,41.3160082,-91.7340327
70771,CASEYS #3545,US-14/CR-27,Sleepy Eye,MN,425,3.33233333,44.2971692,-94.7242040
70772,CASEYS #3554,"I-70, EXIT 52",Mulberry Grove,IL,368,3.489,38.9250460,-89.2689626
70773,CASEYS #3575,US-36,Seneca,KS,413,3.159,39.8341650,-96.0641680
70774,CASEYS #3079,"US-20, EXIT 71 & US-71",Early,IA,440,3.299,42.4613432,-95.1523131
70775,CASEYS #3576,US-56,Overbrook,KS,400,3.19566666,38.7805607,-95.5572026
70776,CASEYS #3579,US-36,Smith Center,KS,330,3.179,39.7791790,-98.7850750
70778,CASEYS #3588,"I-75 N, EXIT 69",Tipp City,OH,411,3.099,39.9613250,-84.1700609
70779,CASEYS #3204,"I-80, EXIT 29 & I-880, EXIT 29A",Minden,IA,319,3.159,41.4667146,-95.5426220
70780,CASEYS #3306,SR-15 & CR-47/CR-136,Saint Cloud,MN,522,3.249,45.5616075,-94.1642004
70782,CASEYS #3465,"I-80, EXIT 285 & US-30",Gibbon,NE,330,3.049,40.7490690,-98.8456530
70783,ENMARKET #820,"I-95/SR-405, EXIT 109 & SR-21",Port Wentworth,GA,195,3.09066666,32.1892086,-81.1932202
70784,CIRCLE K #2723046,"I-95, EXIT 41 & SR-59/CR2252",Hope Mills,NC,63,2.909,34.9355645,-78.9215538
70785,CIRCLE K #2705347,"I-77, EXIT 5 & SR-48",Columbia,SC,135,3.204,33.9815090,-80.9646781
70786,CIRCLE K #2741502,"I-37, EXIT 9",Corpus Christi,TX,625,3.06066666,27.7429602,-97.4409080
70787,LOVES TRAVEL STOP #778,"I-16, EXIT 143 & US-280",Ellabell,GA,135,3.29566666,32.1235368,-81.4856673
70788,SPEEDWAY #1031,"I-480 & I-271, EXIT 26",Bedford,OH,305,3.649,41.4236492,-81.5039279
70789,7FLEET #46080,"I-41 & US-41, EXIT 133",Neenah,WI,360,3.449,44.1858193,-88.4626090
70790,LOVES TRAVEL STOP #788,"I-70, EXIT 175",New Florence,MO,540,3.12233333,38.9103198,-91.4482167
70791,LOVES TRAVEL STOP #791,"I-40, EXIT 126",Holladay,TN,460,3.12233333,35.8706190,-88.1458719
70792,ANEW TRAVEL CENTER,US-6/34 & CR-410,Cambridge,NE,475,3.364,40.2852758,-100.1521047
70793,LOVES TRAVEL STOPS #119,"I-70, EXIT 160",Green River,UT,835,3.299,40.3978520,-109.2811867
70793,LOVES TRAVEL STOP #119,"I-70, EXIT 160",Green River,UT,835,3.391,40.3978520,-109.2811867
70794,CASEYS #3747,SR-103 & CR-96,Carey,OH,411,3.17566666,40.9525551,-83.3824238
70796,QUICK FUEL #3177,"I-35W, EXIT 56",Fort Worth,TX,637,3.03233333,32.6794889,-97.2397027
70797,QUICK FUEL #3176,"I-35E, EXIT 442",Carrollton,TX,637,3.01566666,32.9537349,-96.8902816
70798,QUICK FUEL #1926,"I-90, EXIT 171B & US-14",Janesville,WI,420,3.399,42.6829765,-89.0226793
70831,FLYERS #768,"I-80, EXIT 19 & SR-659",Sparks,NV,966,4.05233333,39.5287836,-119.7568685
70832,FLYERS #766,SR-648,Sparks,NV,966,4.059,39.5287836,-119.7568685
70833,FLYERS #764,SR-667,Reno,NV,966,4.05233333,39.5261206,-119.8126581
70845,FLYERS #759,"I-80, EXIT 19",Sparks,NV,966,4.05066666,39.5287836,-119.7568685
70855,FLYERS #761,"I-580, EXIT 5",Carson City,NV,966,3.699,39.1748862,-119.7671790
70858,SPEEDWAY #1012,"I-65, EXIT 158 & CR-6",Hope Hull,AL,720,3.05233333,32.1956444,-86.4201695
70859,FLYERS #732,I-580 & US-50,Carson City,NV,966,3.699,39.1748862,-119.7671790
70860,FLYERS #726,"I-80, EXIT 303",Elko,NV,966,3.629,40.8542321,-115.7470610
70864,FLYERS #747,"I-580/US-395, EXIT 29 & SR-659",Reno,NV,966,4.054,39.5261206,-119.8126581
70870,ESSENTIAL FUELS,US-26,Scottsbluff,NE,795,3.599,41.8602913,-103.6318412
70871,ALLTOWN MARKETS #835,"I-95, EXIT 62",Madison,CT,100,4.239,41.2794282,-72.5983151
70873,TA LAKE CITY #288,"I-75, EXIT 414",Lake City,FL,225,3.299,30.1894252,-82.6394803
70874,CIRCLE T,SR-6 & SR-515,Navasota,TX,670,3.43233333,30.3885033,-96.0880028
70875,FUEL MAXX #57,SR-105 & SR-146,Liberty,TX,610,3.13233333,30.0856736,-94.7856262
70876,JIFFY MART,SR-123/SR-12,Walpole,NH,12,3.68566666,43.1129508,-72.4288245
70877,LOVES TRAVEL STOP #770,"US-41, EXIT 1A",Wadsworth,IL,444,3.819,42.4286788,-87.9067248
70877,LOVES TRAVEL STOP #770,"US-41, EXIT 1A",Wadsworth,IL,444,3.759,42.4286788,-87.9067248
70878,MAVERIK COUNTRY STORE #630,I-15 EXIT 13,Malad City,ID,825,3.394,42.1915872,-112.2507980
70879,MAVERIK COUNTRY STORE #611,I-40 EXIT 154,Albuquerque,NM,580,3.194,35.0841034,-106.6509850
70880,RUTTERS #81,SR-61 & SR-73,Leesport,PA,208,3.89733333,40.4470377,-75.9663222
70881,RUTTERS #79,"I-99/US-220, EXIT 28 US-22/SR-764",Duncansville,PA,14,4.099,40.4234058,-78.4339030
70882,RUTTERS #77,US-11/US-15 & US-22,Duncannon,PA,70,4.294,40.3931433,-77.0325751
70883,RUTTERS #41,US-422,Lebanon,PA,70,3.799,40.3757130,-76.4626118
70884,RUTTERS #75,SR-194 & SR-550,Walkersville,MD,70,3.93233333,39.4817659,-77.3507698
70885,KWIK TRIP #1061,CR-CE & CR-HH,Combined Locks,WI,582,3.549,44.2564064,-88.2941359
70887,LOVES TRAVEL STOP #781,"I-20, EXIT 113 & SR-83",Madison,GA,16,3.849,34.1307533,-83.1817407
70888,HUTCHS #125,US-283,Altus,OK,483,2.999,34.6381255,-99.3339754
70889,TRUCK WORLD,I-90 EXIT 241 & SR-7,Conneaut,OH,305,3.359,41.9137601,-80.5673514
70890,PILOT #1299,US-287 & SR-148,Henrietta,TX,770,3.12566666,33.8011860,-98.1957259
70891,QUARLES #4908,I-64 EXIT 297,Chesapeake,VA,130,3.52566666,36.7168315,-76.2494453
70892,QUARLES #4001,I-95 EXIT 133,Fredericksburg,VA,60,3.759,38.1947874,-77.5035160
70893,QUARLES #4002,"I-95 EXIT 130A, SR-2",Fredericksburg,VA,60,3.759,38.1947874,-77.5035160
70894,QUARLES #4009,US-301,Waldorf,MD,60,3.759,38.6023935,-76.9274072
70895,QUARLES #4011/SHELL,I-95 EXIT 118,Woodford,VA,180,2.899,38.1131886,-77.4088708
70896,QUARLES #4200,US-522,Front Royal,VA,60,3.699,38.9178538,-78.1917718
70897,QUARLES #4302,SR-801 & SR-42,Broadway,VA,60,3.459,38.6133035,-78.7993257
70898,QUARLES #4303,"I-81 EXIT 243, US-11",Harrisonburg,VA,60,2.899,38.4025166,-78.9103371
70899,QUARLES #4304,"I-64 EXIT 96, SR-624",Waynesboro,VA,180,3.799,38.0686668,-78.8893999
70900,QUARLES #4306,I-81 EXIT 150A,Roanoke,VA,185,3.559,37.2709730,-79.9414313
70901,QUARLES #4307,"I-81 EXIT 137, US-11/460",Salem,VA,185,3.559,37.2931980,-80.0556773
70902,QUARLES #4309,US-460/29,Lynchburg,VA,185,3.774,37.3786513,-79.1538797
70903,QUARLES #4310,US-11,Roanoke,VA,185,3.559,37.2709730,-79.9414313
70904,QUARLES #4400,I-95 EXIT 166A,Lorton,VA,60,4.059,38.6946355,-77.2199931
70905,QUARLES #4401,US-29,Fairfax,VA,60,4.059,38.7992176,-77.1765207
70906,QUARLES #4403,"I-95 EXIT 29A, US-1",Beltsville,MD,22,3.899,39.0413382,-76.9046655
70907,QUARLES #4404,I-95 EXIT 43A,Elkridge,MD,22,3.499,39.1938631,-76.7420903
70908,QUARLES #4407,I-495 EXIT 11A,Upper Marlboro,MD,60,3.899,38.8162451,-76.7517080
70909,QUARLES #4408,SR-201,Bladensburg,MD,60,3.699,38.9392997,-76.9337983
70910,QUARLES #4409,I-95 EXIT 50B,Baltimore,MD,22,3.499,39.2921587,-76.6294054
70912,QUARLES #4411,"I-695 EXIT 1, SR-173",Curtis Bay,MD,22,3.499,39.2252188,-76.5900312
70913,QUARLES #4412,I-270 EXIT 8,Rockville,MD,60,3.759,39.0817985,-77.1516844
70914,QUARLES #4413,I-495 EXIT 15A,Capitol Heights,MD,60,3.899,38.8849913,-76.9134765
70915,QUARLES #4414,I-95 EXIT 60,Baltimore,MD,22,3.449,39.2921587,-76.6294054
70916,TA Express White Hills,US-93,Willow Beach,AZ,910,3.779,35.8697801,-114.6600654
70917,QUARLES #4416,US-13,Salisbury,MD,194,3.659,38.3660270,-75.6009964
70918,QUARLES #4417,I-895 EXIT 8B,Curtis Bay,MD,22,3.499,39.2252188,-76.5900312
70919,QUARLES #4422,US-13,New Castle,DE,243,3.699,39.6159851,-75.6629560
70920,QUARLES #4423,SR-100 EXIT 11,Glen Burnie,MD,22,3.699,39.1595266,-76.6695944
70921,QUARLES #4424,SR-5,Clinton,MD,60,3.899,38.7833625,-76.8898159
70922,QUARLES #4425,US-50 EXIT 5,Hyattsville,MD,60,3.899,38.9529442,-76.9408647
70923,QUARLES #4426,SR-124,Gaithersburg,MD,60,3.759,39.1399187,-77.1929215
70924,QUARLES #4427,I-276 EXIT 351,Levittown,PA,153,3.84566666,40.1575560,-74.8321288
70925,QUARLES #4430,US-13,Sharon Hill,PA,160,3.869,39.9063027,-75.2721402
70926,QUARLES #4431,US-22,Allentown,PA,90,3.989,40.6254535,-75.4469051
70927,QUARLES #4434,SR-617,Springfield,VA,60,4.059,38.7992176,-77.1765207
70928,QUARLES #4435,"I-95 EXIT 41, US-1",Jessup,MD,22,3.499,39.1470015,-76.7699177
70929,QUARLES #4503,US-11,Martinsburg,WV,60,3.959,39.4427823,-77.9814370
70930,QUARLES #4504,I-81 EXIT 313A,Winchester,VA,60,3.799,39.1722836,-78.1674559
70931,QUARLES #4505,SR-65,Hagerstown,MD,60,3.899,39.6430455,-77.7191081
70933,QUARLES #4507,US-11,Winchester,VA,60,3.799,39.1722836,-78.1674559
70934,QUARLES #4509,I-270 EXIT 31B,Frederick,MD,60,3.599,39.4157790,-77.4127562
70935,QUARLES #4511,I-70 EXIT 55,Frederick,MD,60,3.599,39.4157790,-77.4127562
70937,QUARLES #4603,US-29/211,Warrenton,VA,60,3.799,38.6304348,-77.8003008
70938,QUARLES #4605,SR-606,Sterling,VA,60,3.659,39.0036850,-77.4083096
70939,QUARLES #4606,SR-234,Manassas,VA,60,3.859,38.7861465,-77.5581929
70940,QUARLES #4607,SR-28,Manassas,VA,60,3.859,38.7861465,-77.5581929
70941,QUARLES #4934,US-60,Sandston,VA,180,3.259,37.5107225,-77.3115564
70942,QUARLES #4608,SR-657,Chantilly,VA,60,3.659,38.8852190,-77.4486772
70943,QUARLES #4700,US-15BUS/29BUS,Culpeper,VA,60,3.799,38.4912207,-77.9618216
70944,QUARLES #4701,US-15 BUS & US-522,Culpeper,VA,60,3.799,38.4912207,-77.9618216
70945,QUARLES #4944,US-17,Bealeton,VA,60,3.759,38.5850050,-77.7756440
70946,QUARLES #4703,US-29 & SR-616,Ruckersville,VA,180,3.699,38.2299885,-78.3776146
70947,QUARLES #4946,"I-95, EXIT 130A, SR-3",Fredericksburg,VA,60,3.759,38.1947874,-77.5035160
70948,QUARLES #4804,I-40 EXIT 211,Greensboro,NC,65,3.649,36.0726355,-79.7919754
70949,QUARLES #4805,US-1 EXIT 95,Apex,NC,177,3.999,35.7325352,-78.8505516
70950,QUARLES #4807,I-40 EXIT 203,Kernersville,NC,65,3.199,36.1198589,-80.0736533
70951,QUARLES #4947,SR-7,Leesburg,VA,60,3.659,39.1154506,-77.5645607
70952,QUARLES #4810,I-540 EXIT 4A,Raleigh,NC,177,3.709,35.7238405,-78.6431580
70953,QUARLES #4948,"I-95, EXIT 126, US-1",Fredericksburg,VA,60,3.759,38.1947874,-77.5035160
70954,QUARLES #4811,SR-50/US-70,Garner,NC,177,3.599,35.7133153,-78.6263125
70955,QUARLES #4949,"I-95, EXIT 136, US-1",Fredericksburg,VA,60,3.759,38.1947874,-77.5035160
70956,QUARLES #4813,SR-133,Wilmington,NC,245,3.779,34.2257282,-77.9447107
70957,QUARLES #4950,"I-95, EXIT 126A, US-1",Fredericksburg,VA,60,3.759,38.1947874,-77.5035160
70958,QUARLES #4951,SR-3,Fredericksburg,VA,60,3.759,38.1947874,-77.5035160
70959,QUARLES #4814,US-117,Wilmington,NC,245,3.799,34.2257282,-77.9447107
70960,QUARLES #4962,"I-81, EXIT 222, US-250",Staunton,VA,185,2.899,38.1495947,-79.0725570
70961,QUARLES #4815,"I-140, EXIT 14",Wilmington,NC,245,3.799,34.2257282,-77.9447107
70962,QUARLES #4965,"I-295, EXIT 37A, US-360",Warsaw,VA,180,3.759,37.9587465,-76.7580211
70963,QUARLES #4817,"US-70, EXIT 333",Selma,NC,205,3.799,35.5521409,-78.2990110
70964,SEALSTON DELI,"I-95, EXIT 130A, SR-3",King George,VA,180,3.499,38.2786312,-77.1753560
70965,QUARLES #4822,US-401,Raleigh,NC,177,3.709,35.7238405,-78.6431580
70966,QUARLES #4927,SR-10 & SR-145,Chesterfield,VA,180,3.699,37.3859982,-77.5785090
70967,QUARLES #4823,I-95,Fayetteville,NC,63,3.799,35.0525759,-78.8782920
70968,QUARLES #4928,"I-95, EXIT 86A & SR-656",Ashland,VA,180,3.674,37.7683271,-77.4664880
70969,QUARLES #4824,I-40 EXIT 210,Greensboro,NC,65,3.699,36.0726355,-79.7919754
70970,QUARLES #4931,US-60 & SR-603,Powhatan,VA,180,3.699,37.5531622,-77.9112655
70971,QUARLES #4932,"I-64, EXIT 173 & SR-623",Rockville,VA,180,3.699,37.6971730,-77.6609761
70973,QUARLES #4826,US HWY 29/70,High Point,NC,65,3.66566666,35.9556924,-80.0053176
70974,QUARLES #4933,US-60,Richmond,VA,180,3.699,37.5744378,-77.4666125
70975,QUARLES #4935,"I-95, EXIT 64 & SR-613",Richmond,VA,180,3.699,37.5744378,-77.4666125
70976,QUARLES #4827,I-40 EXIT 203,Kernersville,NC,65,3.199,36.1198589,-80.0736533
70977,QUARLES #4828,I-440 EXIT 13B,Raleigh,NC,177,3.709,35.7238405,-78.6431580
70978,QUARLES #4829,I-40 EXIT 298A,Raleigh,NC,177,3.599,35.7238405,-78.6431580
70979,QUARLES #4830,I-540 EXIT 3,Raleigh,NC,177,3.719,35.7238405,-78.6431580
70980,QUARLES #4938,"I-64, EXIT 159 & SR-522",Gum Spring,VA,180,3.699,37.7755963,-77.8966487
70982,EXXON/QUARLES #4942,"I-64/33, EXIT 205 & SR-249",Quinton,VA,180,3.509,37.5327893,-77.1154448
70983,QUARLES #4943,"I-295, EXIT 22A & SR-5",Henrico,VA,180,3.699,37.5131191,-77.3465081
70984,QUARLES #4831,US-64 EXIT 470,Rocky Mount,NC,205,3.409,35.9423833,-77.7956949
70985,QUARLES #4832,I-40 EXIT 189,Winston Salem,NC,65,3.57233333,36.0998131,-80.2440518
70986,QUARLES #4833,US-1,Youngsville,NC,177,3.699,36.0247769,-78.4767034
70987,QUARLES #4902,US-250/33,Richmond,VA,180,3.699,37.5744378,-77.4666125
70988,QUARLES #4909,I-664 EXIT 3,Hampton,VA,244,3.42566666,37.0264414,-76.3442846
70989,QUARLES #4911,I-264 EXIT 19B,Virginia Beach,VA,130,3.57233333,36.8496579,-75.9760751
70990,QUARLES #4915,I-664 EXIT 2,Hampton,VA,244,3.42566666,37.0264414,-76.3442846
70991,QUARLES #4917,I-64 EXIT 255,Newport News,VA,130,3.41066666,36.9775016,-76.4297700
70992,QUARLES #4904,I-64 EXIT 197B,Sandston,VA,180,3.259,37.5107225,-77.3115564
70993,QUARLES #4905,I-95 EXIT 89,Ashland,VA,180,3.699,37.7683271,-77.4664880
70994,QUARLES #4906,I-95 EXIT 73,Richmond,VA,180,3.699,37.5744378,-77.4666125
70995,QUARLES #4910,I-95 EXIT 61B,Chester,VA,180,3.799,37.3562229,-77.4460583
70996,QUARLES #4912,I-64 EXIT 136,Troy,VA,180,3.899,37.9509737,-78.2463934
70997,QUARLES #4913,SR-76,Midlothian,VA,180,3.699,37.4868060,-77.6473195
70998,QUARLES #4916,I-246 EXIT 6,Portsmouth,VA,130,3.46566666,36.8320081,-76.2976990
71001,QUARLES #4921,I-95 EXIT 83B,Richmond,VA,180,3.699,37.5744378,-77.4666125
71002,QUARLES #4922,US-250,Charlottesville,VA,180,3.899,38.0386132,-78.4563683
71003,QUARLES #4923,I-95 EXIT 73,Richmond,VA,180,3.699,37.5744378,-77.4666125
71004,QUARLES #4924,US-1 & SR-688,Doswell,VA,180,3.699,37.8601402,-77.4641492
71005,QUARLES #4925,I-95 EXIT 78,Richmond,VA,180,3.699,37.5744378,-77.4666125
71006,QUARLES #4926,I-95 EXIT 79,Richmond,VA,180,3.699,37.5744378,-77.4666125
71007,HAYDEN TRAVEL CENTER,"I-65, EXIT 284 & SR-160",Warrior,AL,615,3.129,33.8142682,-86.8094394
71009,WEIGELS #80,"I-40, EXIT 435 & US-321",Newport,TN,405,3.11566666,35.9670412,-83.1876578
71010,KEYSTOPS,"I-64, EXIT 17",Louisville,KY,415,3.19566666,38.2542376,-85.7594070
71011,Global,"I-84 E, EXIT 2 & US-6 E",Danbury,CT,100,3.459,41.4150811,-73.4094330
71012,ALLTOWN MARKETS #838,"I-95 N, EXIT 12",Darien,CT,100,3.83233333,41.0787079,-73.4692873
71013,ALLTOWN MARKETS #647,SR-3 EXIT 5,Plymouth,MA,175,3.959,41.9426657,-70.7618592
71014,Global,"I-95, EXIT 43 & US-1",Elkridge,MD,22,3.099,39.1938631,-76.7420903
71018,KWIK STAR #1076,US-218,Vinton,IA,565,3.199,42.1679131,-92.0239504
71019,KWIK TRIP #489,SR-3,Northfield,MN,448,3.524,44.4544476,-93.1671431
71020,Fast Trac 21,SR-21 & CR-50,Caldwell,TX,670,3.299,29.8298971,-97.5959641
71021,Amoco,"I-39 & HWY 23, EXIT 54",Oglesby,IL,290,3.199,41.2953127,-89.0595266
71021,Amoco,"I-39 & HWY 23, EXIT 54",Oglesby,IL,290,3.249,41.2953127,-89.0595266
71022,TEX BEST #530,"I-10, EXIT 628 & SR-80",Luling,TX,595,3.009,29.6803140,-97.6473265
71023,LOVES TRAVEL STOP #853,SR-302 & CR-313,Kermit,TX,710,3.25066666,31.8578999,-103.0932149
71024,LOVES TRAVEL STOP #804,US-34/US-67,Monmouth,IL,270,3.449,40.9127103,-90.6472477
71024,LOVES TRAVEL STOP #804,US-34/US-67,Monmouth,IL,270,3.389,40.9127103,-90.6472477
71024,LOVES TRAVEL STOP #804,US-34/US-67,Monmouth,IL,270,3.349,40.9127103,-90.6472477
71025,KWIK TRIP #644,SR-57 & SR-32,New Holstein,WI,582,3.39066666,43.9499924,-88.0842643
71027,Kwik Star #1068,I-35,Story City,IA,320,2.959,42.1872062,-93.5957713
71029,CASEYS #6445,I-355 EXIT 27 & SR-64,Lombard,IL,293,3.349,41.8864687,-88.0201536
71030,QUIKTRIP #1469,"I-10, EXIT 248 & SR-77",Marana,AZ,980,3.06233333,32.3385988,-111.0718391
71032,MAVERIK COUNTRY STORE #416,US-50 & US-95,Fallon,NV,966,3.52566666,39.4745166,-118.7778950
71033,MAVERIK COUNTRY STORE #560,I-580 & US-50,Carson City,NV,966,3.589,39.1663259,-119.7670374
71034,MAVERIK COUNTRY STORE #635,I-15 EXIT 57,Cedar City,UT,791,3.44233333,37.6774238,-113.0618270
71036,GOLDEN GATE PETRO,US-550,Montrose,CO,810,3.43566666,38.4375391,-108.2403855
71037,SUNOCO,US-220 EXIT 111,Lock Haven,PA,138,3.599,41.1301704,-77.4358392
71039,TURNPIKE MARKET EXPRESS,SR-5,Newton Falls,OH,573,3.259,41.1883900,-80.9781470
71042,SINCLAIR,I-580/US-395 EXIT 6,Carson City,NV,966,3.599,39.1908288,-119.7569191
71046,SPEEDWAY #9336,US-27/SR-126,Cincinnati,OH,300,3.699,39.2620368,-84.6032611
71047,LOVES TRAVEL STOP #722,"I-17, EXIT 262 & SR-69",Mayer,AZ,930,3.68066666,34.3978054,-112.2362730
71050,GILL MART CORNER STORE,US-131 & SR-216,Three Rivers,MI,465,3.699,41.9442722,-85.6346222
71051,SHEETZ #683,I-83 EXIT 28,York,PA,70,3.259,40.0799727,-76.7654784
71053,ROAD RANGER #279,"I-57, EXIT 45 & SR-148",Marion,IL,275,3.699,38.6477381,-88.9232112
71053,ROAD RANGER #279,"I-57, EXIT 45 & SR-148",Marion,IL,275,3.379,38.6477381,-88.9232112
71055,LOVES TRAVEL STOP #793,"I-840, EXIT 67 & COUCHVILLE PIKE",Mount Juliet,TN,460,3.25233333,36.2000550,-86.5186054
71056,SPEEDWAY #1044,US-72 & SR-20,Decatur,AL,615,3.42566666,34.6191592,-87.0526984
71057,LOVES TRAVEL STOP #795,US-97/US-26 & HALL RD,Madras,OR,935,3.689,44.6334544,-121.1294870
71058,KWIK TRIP #1090,SR-19 & SR-21,New Prague,MN,448,3.349,44.5445412,-93.5552989
71059,CIRCLE K #2706781,US-17 & SR-200,Yulee,FL,75,3.34233333,30.6296437,-81.5605375
71060,CIRCLE K #2701537,"I-77, EXIT 100 & SR-89",Mount Airy,NC,65,2.859,36.4854185,-80.7451537
71061,CIRCLE K #2702344,US-78 & SR-39,Williston,SC,135,3.799,33.4015555,-81.4255090
71062,MAVERIK COUNTRY STORE #637,"I-70, EXIT 56 & US-89",SALINA,UT,835,3.44233333,38.9577420,-111.8599840
71063,MAVERIK COUNTRY STORE #639,"I-40, EXIT 153",Albuquerque,NM,580,3.19733333,35.0841034,-106.6509850
71064,LOVES TRAVEL STOP #798,I-57 EXIT 212,Tuscola,IL,280,3.289,39.7998585,-88.2884552
71064,LOVES TRAVEL STOP #798,I-57 EXIT 212,Tuscola,IL,280,3.389,39.7998585,-88.2884552
71064,LOVES TRAVEL STOP #798,I-57 EXIT 212,Tuscola,IL,280,3.489,39.7998585,-88.2884552
71065,MAVERIK COUNTRY STORE #429,US-40 & SR-121,Roosevelt,UT,835,3.439,40.2994030,-109.9887605
71066,Circle K #2745067,"I-75, EXIT 155",Macon,GA,85,3.089,32.9274216,-83.7333998
71067,7-ELEVEN #41219,I-385 EXIT 9,Laurens,SC,30,3.099,34.5561694,-82.0067430
71071,KWIK TRIP #1074,SR-35,Somerset,WI,448,3.524,45.1263512,-92.6686456
71072,LOVES TRAVEL STOP #801,I-75 EXIT 102,Cordele,GA,10,3.309,31.9691606,-83.7827180
71073,LOVES TRAVEL STOP #803,I-57 EXIT 54B,Marion,IL,540,3.739,38.6477381,-88.9232112
71073,LOVES TRAVEL STOP #803,I-57 EXIT 54B,Marion,IL,540,3.749,38.6477381,-88.9232112
71074,Speedway #7764,SR-72 & SR-25,Dundee,IL,293,3.279,42.1399022,-88.0333663
71075,TEXAS TRAVEL CENTER,"I-35, EXIT 277",Jarrell,TX,595,2.83233333,30.8249094,-97.6044540
71076,Kwik Star #589,US-151,Marion,IA,380,3.524,42.0376538,-91.5494598
71077,COMMUNITY CO OPS LAKE PARK,US-10,Lake Park,MN,341,3.509,46.8855616,-96.0957328
71079,DK,SR-375,El Paso,TX,640,2.699,31.9035335,-106.4211880
71080,BIG INDIAN SMOKE SHOP,I-90 & US-20,Irving,NY,38,2.929,42.5731625,-79.0851397
71080,BIG INDIAN SMOKE SHOP,I-90 & US-20,Irving,NY,38,3.029,42.5731625,-79.0851397
71083,SPRINT FOOD #701,US-78,Augusta,GA,195,3.22566666,33.4709714,-81.9748429
71084,FIESTA MART #42,US-75,Tulsa,OK,560,3.16566666,36.1563122,-95.9927516
71085,Sunoco,SR-49,Greenville,OH,317,3.599,40.0985288,-84.6168455
71086,THORNTONS #318,SR-59 & SR-38,West Chicago,IL,290,3.649,41.8633292,-88.1953511
71086,THORNTONS #318,SR-59 & SR-38,West Chicago,IL,290,3.699,41.8633292,-88.1953511
71087,HALF SUN TRAVEL PLAZA,"I-90, EXIT 176",Moses Lake,WA,920,4.029,47.0987383,-119.3171027
71087,HALF SUN TRAVEL PLAZA,"I-90, EXIT 176",Moses Lake,WA,920,3.569,47.0987383,-119.3171027
71088,KARDES,US-151,Monticello,IA,335,3.399,42.2382752,-91.1869428
71090,CEFCO #2076,US-60 & SR-207,Panhandle,TX,585,2.94566666,35.3380870,-101.3824171
71091,BREAK TIME #3163,US-63 & CR-M,Moberly,MO,310,3.46233333,39.4201137,-92.4364298
71094,BP,US-63 & SR-137,Eddyville,IA,320,3.379,41.1538369,-92.6271273
71095,HOBO PANTRY #29,US-84/SR-12 & SR-95,Gordon,AL,20,3.659,31.1412918,-85.0965965
71096,GAS N WASH,US-30 & SR-394,Chicago Heights,IL,365,3.499,41.5062834,-87.6357079
71097,THORNTONS #329,"I-55, EXIT 267 & SR-53",Romeoville,IL,290,3.309,41.6407797,-88.0809977
71097,THORNTONS #329,"I-55, EXIT 267 & SR-53",Romeoville,IL,290,3.359,41.6407797,-88.0809977
71098,DANDY MINI MART #74,US-6 & SR-187,Wysox,PA,32,3.999,41.7745124,-76.3993140
71099,THORNTONS #336,"I-57, EXIT 335 & SR-50",Monee,IL,365,3.399,41.4272259,-87.7647616
71099,THORNTONS #336,"I-57, EXIT 335 & SR-50",Monee,IL,365,3.349,41.4272259,-87.7647616
71099,THORNTONS #336,"I-57, EXIT 335 & SR-50",Monee,IL,365,3.459,41.4272259,-87.7647616
71099,THORNTONS #336,"I-57, EXIT 335 & SR-50",Monee,IL,365,3.409,41.4272259,-87.7647616
71101,FOOD N FUEL,"I-55, EXIT 244 & SR-53",Elwood,IL,365,3.499,41.4039201,-88.1117242
71101,FOOD N FUEL,"I-55, EXIT 244 & SR-53",Elwood,IL,365,3.599,41.4039201,-88.1117242
71102,365 Food and Fuel,"I-35W/US-287, EXIT 54A & SR-183",Fort Worth,TX,637,2.97566666,32.7531770,-97.3327459
71103,FAT DOGS NORTH PLATTE SOUTH,"I-80, EXIT 177 & US-83",North Platte,NE,475,3.074,41.1219648,-100.7620240
71104,SPINX #364,"I-26, EXIT 194",Summerville,SC,475,3.399,33.0471302,-80.1094863
71105,SHEPHERD 700,US-64 & CR-450,Alva,OK,337,3.219,36.7984877,-98.6375336
71106,SECURITY OIL,"I-135, EXIT 10B & SR-96",Wichita,KS,570,3.299,37.6922361,-97.3375448
71107,SPARKYS ONE STOP,"US-20, EXIT 96 & SR-4",Rockwell City,IA,343,3.21566666,42.3952576,-94.6338671
71108,Stuckeyâ€™s Travel Center West,"I-10, EXIT 819 & FM-1663",Anahuac,TX,610,2.80733333,29.7713308,-94.6785092
71109,KWIK TRIP #1067,"SR-13, BETWEEN FAIRWAY & TRINITY DR",Phillips,WI,295,3.31566666,45.7065277,-90.4171968
71110,KWIK TRIP #1121,"I-94 & SR-26, EXIT 267",Watertown,WI,420,3.289,43.1701778,-88.7315470
71111,MAPCO #5167,"I-59, EXIT 21B & SR-35",Fort Payne,AL,285,3.479,34.4510049,-85.6858653
71112,BERKSHIRE ENERGY,"I-91, EXIT 8 & SR-80",New Haven,CT,100,3.549,41.3082138,-72.9250518
71113,PLATEU TRAVEL PLAZA,"I-95, EXIT 39A & US-1",Madras,OR,935,3.359,44.6334544,-121.1294870
71114,SHEETZ #672,"I-95, EXIT 11B & SR-606",Woodford,VA,180,2.899,38.1327160,-77.5093688
71115,FASTBREAK #6,US-50/US-151 & US-41,Vincennes,IN,510,4.039,38.6941450,-87.4966440
71116,CEFCO #101,US-59 & SR-49,Jefferson,TX,766,2.899,29.8347720,-94.1704496
71117,AM-PM TRUCK STOP,"I-520/SR-415, EXIT 9 & SR-56",Augusta,GA,135,3.359,33.4709714,-81.9748429
71118,THORNTONS #0331,"I-35/US-51, EXIT 3 & CR-9",Roscoe,IL,520,3.469,42.4575964,-88.9987083
71118,THORNTONS #0331,"I-35/US-51, EXIT 3 & CR-9",Roscoe,IL,520,3.419,42.4575964,-88.9987083
71119,PARKER'S #69 (DISCOUNT AVAILABLE),"I-95/SR-405, EXIT 102 & US-80",Pooler,GA,195,3.12233333,32.1158983,-81.2495131
71120,GAS PRO TRAVEL CENTER,US-25 & SR-56,Waynesboro,GA,135,3.799,33.0898731,-82.0156736
71121,HAT CREEK TRAVEL,"I-10/US-70, EXIT 82A & US-180",Deming,NM,640,2.919,32.2627416,-107.7581979
71123,ONE9 XPRESS FUEL #1264,"I-10, EXIT 203",Eloy,AZ,930,3.139,32.7551703,-111.5534930
71123,XPRESS FUEL DBA ONE9 #1264,"I-10, EXIT 203",Eloy,AZ,930,3.139,32.7551703,-111.5534930
71124,LOVES TRAVEL STOP #761,"I-10, EXIT 343 & US-301",Jacksonville,FL,75,3.849,30.3321838,-81.6556510
71126,QUIKTRIP #1177,I-77 & US-21,Blythewood,SC,46,3.07566666,34.2143159,-80.9739770
71127,QUIKTRIP #4044,"I-10, EXIT 609",Seguin,TX,740,2.94566666,29.6002080,-97.9641896
71129,Queens Market,"I-85, EXIT 41 & SR-2480",Charlotte,NC,46,3.499,35.2272086,-80.8430827
71131,7-ELEVEN #38816,"I-85, EXIT 66 & US-29",Spartanburg,SC,210,3.30566666,34.9498007,-81.9320157
71132,CEFCO #104,US-259 & SR-315,Mount Enterprise,TX,618,2.959,31.9179473,-94.6810439
71133,AMIGOS TRAVEL CENTER,"I-35, EXIT 85 & FM-117",Dilley,TX,740,3.399,28.6695971,-99.1672017
71134,ALLSUPS CONVENIENCE STORE #2376,US-54/US-285 & US-60,Vaughn,NM,580,3.499,34.6017226,-105.2083190
71136,CIRCLE K #2706788,"I-795, EXIT 22 & US-70, EXIT 356",Goldsboro,NC,205,3.39233333,35.4202299,-77.9814257
71138,LUMMI BAY MARKET,"I-5, EXIT 260",Bellingham,WA,850,3.759,48.8152761,-122.5556248
71139,GAS N WASH,SR-47 & CR-9,Yorkville,IL,290,3.599,41.6990486,-88.4473237
71140,BP,"I-94, EXIT 267 & SR-26, EXIT 30",Jefferson,WI,420,3.209,43.1833435,-88.9929968
71141,CASEYS #3901,"I-55, EXIT 178 & CR-23",Lexington,IL,368,3.339,40.6414237,-88.7834001
71141,CASEYS #3901,"I-55, EXIT 178 & CR-23",Lexington,IL,368,3.359,40.6414237,-88.7834001
71142,LOVES TRAVEL STOP #775,US-20 & SR-2,Rockford,IL,520,3.349,42.2713945,-89.0939660
71142,LOVES TRAVEL STOP #775,US-20 & SR-2,Rockford,IL,520,3.289,42.2713945,-89.0939660
71142,LOVES TRAVEL STOP #775,US-20 & SR-2,Rockford,IL,520,3.229,42.2713945,-89.0939660
71142,LOVES TRAVEL STOP #775,US-20 & SR-2,Rockford,IL,520,3.269,42.2713945,-89.0939660
71143,CASEYS #3904,SR-141,Manning,IA,319,3.209,41.9092293,-95.0650571
71144,CASEYS #3675,US-12 & US-75,Ortonville,MN,250,3.379,45.3046870,-96.4447790
71145,CASEYS #3905,I-74/US-421 EXIT 113,Shelbyville,IN,372,3.599,39.5214373,-85.7769238
71146,CASEYS #2968,US-34,Eagle,NE,413,3.239,40.8166290,-96.4304931
71147,CASEYS #3910,US-177 & SR-33,Perkins,OK,560,3.01566666,35.9740886,-97.0337692
71148,CASEYS #1892,US-65,Sheffield,IA,433,3.15233333,42.8933721,-93.2154756
71149,KOUNTRY KORNER,SR-20,Mount Pleasant,MI,260,3.619,43.5968945,-84.9069518
71150,LOVES TRAVEL STOP #812,"I-84, EXIT 141",Bliss,ID,785,3.78566666,42.9267744,-114.9492739
71151,LOVES TRAVEL STOP #880,US-50 & SR-130,Olney,IL,510,3.289,38.7296538,-88.0846891
71151,LOVES TRAVEL STOP #880,US-50 & SR-130,Olney,IL,510,3.189,38.7296538,-88.0846891
71151,LOVES TRAVEL STOP #880,US-50 & SR-130,Olney,IL,510,3.189,38.7296538,-88.0846891
71151,LOVES TRAVEL STOP #880,US-50 & SR-130,Olney,IL,510,3.389,38.7296538,-88.0846891
71151,LOVES TRAVEL STOP #880,US-50 & SR-130,Olney,IL,510,3.339,38.7296538,-88.0846891
71151,LOVES TRAVEL STOP #880,US-50 & SR-130,Olney,IL,510,3.289,38.7296538,-88.0846891
71152,LOVES TRAVEL STOP #841,"US-24, EXIT 41",Napoleon,OH,550,3.705,41.3922726,-84.1252243
71152,LOVES TRAVEL STOPS #841,"US-24, EXIT 41",Napoleon,OH,550,3.689,41.3922726,-84.1252243
71153,KWIK TRIP #1083,SR-35,Osceola,WI,451,3.499,45.3136987,-92.7037073
71154,KWIK TRIP #489,CR-3,DUNDAS,MN,448,3.499,44.4275556,-93.1982770
71155,KWIK TRIP #1124,"SR-16, EXIT 184",Sussex,WI,444,3.37733333,43.1339001,-88.2220372
71158,CIRCLE K #2707533,"SR-570, EXIT 3 & SR-572",Lakeland,FL,225,3.53233333,27.9971571,-82.0178602
71160,CIRCLE K #4706316,"I-96, EXIT 46  & SR-6, EXIT 15",Caledonia,MI,371,3.699,42.8398546,-85.5316541
71160,CIRCLE K #4706316,"I-96, EXIT 46  & SR-6, EXIT 15",Caledonia,MI,371,3.639,42.8398546,-85.5316541
71161,CIRCLE K #2720931,"I-95, EXIT 107 & US-301",Kenly,NC,205,3.149,35.5959363,-78.1240031
71162,CIRCLE K #4705694,US-20 & CR-245,Norwalk,OH,305,3.614,41.2424219,-82.6155745
71163,DANDY MINI MART #68,"I-86/SR-17, EXIT 51A & CR-64",Elmira,NY,32,3.899,42.1586017,-76.8640096
71164,DANDY MINI MART #59,SR-287,Middlebury Center,PA,138,3.999,41.8436841,-77.2744202
71165,PALMETTO EXPRESS #115,"I-26, EXIT 125 & US-176",Gaston,SC,135,3.199,33.8170974,-81.1009286
71166,MAVERIK COUNTRY STORE #616,US-50,Montrose,CO,810,3.39566666,38.4375391,-108.2403855
71167,LOVES TRAVEL STOP #768,"I-55, EXIT 247",Channahon,IL,290,3.489,41.4294753,-88.2286735
71167,LOVES TRAVEL STOP #768,"I-55, EXIT 247",Channahon,IL,290,3.349,41.4294753,-88.2286735
71167,LOVES TRAVEL STOP #768,"I-55, EXIT 247",Channahon,IL,290,3.449,41.4294753,-88.2286735
71167,LOVES TRAVEL STOP #768,"I-55, EXIT 247",Channahon,IL,290,3.389,41.4294753,-88.2286735
71167,LOVES TRAVEL STOP #768,"I-55, EXIT 247",Channahon,IL,290,3.549,41.4294753,-88.2286735
71168,LOVES TRAVEL STOP #797,"I-80, EXIT 176",Winnemucca,NV,966,3.744,40.9724295,-117.7348020
71169,LOVES TRAVEL STOP #879,"I-69 EXIT,286 & US-24 & SR-9",Huntington,IN,370,3.50066666,40.8008286,-85.5018494
71170,LOVES TRAVEL STOP #849,"I-94, EXIT 292 & CR-21",Valley City,ND,390,3.969,46.9233130,-98.0031550
71171,TEXSTAR TRAVEL CENTER,I-35 EXIT 302,Temple,TX,765,2.91233333,31.0982070,-97.3427847
71172,ZIPPY JS #18,CR-577 & CR-80,Brenham,TX,670,3.199,30.1668828,-96.3977442
71173,ENMARKET #828,"I-95/SR-405, EXIT 102 & US-80",Pooler,GA,195,3.08233333,32.0877019,-81.2767737
71176,QUIKTRIP #1710,US-23/SR-365,Gainesville,GA,16,3.34566666,34.3500691,-83.7604806
71177,COMO TRAVEL CENTER,"I-55, EXIT 257 & SR-310",Como,MS,435,3.079,34.5112588,-89.9399403
71179,7-ELEVEN #41332,"I-26, EXIT 76 & SR-219",Newberry,SC,210,3.33233333,34.2921752,-81.5470614
71181,7-ELEVEN #38637,"I-85, EXIT 72 & I-585/US-176",Spartanburg,SC,210,3.11566666,34.9498007,-81.9320157
71185,SHEETZ #698,"I-78/US-22, EXIT 45 & SR-863",Kutztown,PA,90,3.329,40.5822381,-75.7088643
71186,7-ELEVEN #36837,US-29 & SR-904,Anderson,SC,30,3.089,34.5258335,-82.6529620
71187,KWIK TRIP #1041,SR-11 & CR-H,Sturtevant,WI,444,3.794,42.6987034,-87.9156106
71188,QUIKTRIP #1722,"I-75, EXIT 153",Macon,GA,85,3.089,32.7159718,-83.7247729
71189,QUIKTRIP #1198,"I-20, EXIT 55",Lexington,SC,135,3.129,33.9605415,-81.2300942
71190,LOVES TRAVEL STOPS #888,"I-80/US-30, EXIT 85 & SR-374",Green River,WY,835,3.589,41.5290933,-109.4664730
71190,LOVES TRAVEL STOP #888,"I-80/US-30, EXIT 85 & SR-374",Green River,WY,835,3.707,41.5290933,-109.4664730
71191,MAVERIK COUNTRY STORE #631,I-80/5600 WEST,Salt Lake City,UT,835,3.459,40.7596198,-111.8867970
71193,ASAP GENERAL STORE #308,US-60 & SR-123,Bartlesville,OK,560,3.191,36.7421089,-95.9528877
71194,ASAP GENERAL STORE #104,"I-40, EXIT 84 & US-54",Weatherford,OK,483,3.13233333,35.5261633,-98.7075744
71195,ASAP GENERAL STORE #301,"I-40, EXIT 108 & US-281/SR-8",Geary,OK,483,3.13233333,35.6302132,-98.3184548
71196,ASAP GENERAL STORE #302,SR-33 & SR 54,Thomas,OK,483,3.13233333,35.7442157,-98.7475840
71197,ASAP GENERAL STORE #304,US-60/SR-51 & US-283,Arnett,OK,483,3.23233333,36.1349641,-99.7710699
71198,LOVES TRAVEL STOP #844,"I-90, EXIT 233 & SR-74",Saint Charles,MN,515,3.569,43.9693607,-92.0659824
71199,LOVES TRAVEL STOP #814,"I-22, EXIT 14 & CR-35",Hamilton,AL,576,3.55566666,34.1420861,-87.9890206
71200,LOVES TRAVEL STOP #730,"I-80, EXIT 440 & SR-50",Omaha,NE,319,3.28066666,41.2587459,-95.9383758
71201,PRIDE TRAVEL CENTER,I-91 EXIT 33,Hartford,CT,100,3.509,41.7645820,-72.6908547
71202,QUIKTRIP #1181,"I-26, EXIT 154B & US-301",Orangeburg,SC,42,3.23566666,33.4918203,-80.8556476
71206,JACKSONS FOOD STORES #138,US-95/SR-339 & SR-208,Yerington,NV,966,3.679,38.9855429,-119.1629890
71207,GAS N WASH,"I-80, EXIT 148B & SR-43",Tinley Park,IL,365,3.679,41.5438622,-87.8318823
71207,GAS N WASH,"I-80, EXIT 148B & SR-43",Tinley Park,IL,365,3.499,41.5438622,-87.8318823
71207,GAS N WASH,"I-80, EXIT 148B & SR-43",Tinley Park,IL,365,3.599,41.5438622,-87.8318823
71208,RACEWAY #6789,US-301 & SR-150,Richmond                                ,VA,180,3.429,37.6024247,-77.4489714
71209,RACETRAC #2529,"I-75, EXIT 285 & SR-52",San Antonio,FL,225,3.31566666,28.3361142,-82.2745308
71210,RACETRAC #2515,I-820 & BUS-287,Fort Worth,TX,630,2.87733333,32.7525155,-97.1719446
71211,KUM & GO #0138,US-67,Jacksonville,AR,695,3.099,34.8673942,-92.1257767
71212,KUM & GO #0426,BUS-71,Springdale,AR,735,3.149,36.1951341,-94.1387046
71213,KUM & GO #0429,US-62,Rogers,AR,735,3.009,36.3126909,-94.1436529
71214,MAVERIK #5317,"I-76, EXIT 22",Brighton,CO,800,3.234,39.9717964,-104.7486955
71215,MAVERIK #5319,SR-392 & SR-257,Windsor,CO,800,3.159,40.5222077,-104.9534392
71216,Maverik Country Store #5337,"I-35, EXIT 102 & SR-210",Huxley,IA,320,3.09233333,41.8946126,-93.6065898
71217,KUM & GO #0185,US-65,Bondurant,IA,320,3.095,41.6740157,-93.4808087
71218,KUM & GO #1435,US-65,Fair Grove,MO,535,3.15566666,37.3857820,-93.1571755
71219,KUM & GO #1568,"I-44, EXIT 156",Waynesville,MO,535,3.099,37.8072535,-92.2220642
71221,LOVES TRAVEL STOP #786,I-435 EXIT 55,Kansas City,MO,400,3.389,39.1001050,-94.5781416
71223,SCOOBA JUNCTION,US-45 & SR-16,Scooba                                  ,MS,705,3.21566666,32.8290581,-88.4767398
71227,TEX BEST #529,SR-16 & SR-1604,Von Ormy,TX,740,3.049,29.2777312,-98.6676197
71228,SHELL,"I-80, EXIT 279 & SR-10",Gibbon                                  ,NE,330,3.299,40.7490690,-98.8456530
71229,THE PRIDE OF PALATINE,"I-90, EXIT 65 & SR-62",Palatine,IL,290,3.399,42.1105779,-88.0336888
71230,THE PRIDE OF LAKE COUNTY,US-12 & SR-53,Lake Zurich,IL,290,3.349,42.1969689,-88.0934108
71232,GATEWAY TRAVEL CENTER,US-16 & US-85,Newcastle,WY,822,3.324,43.8547459,-104.2051256
71233,Fuel America Travel Center #2,"I-35, EXIT 32",Encinal,TX,693,3.049,28.0406329,-99.3552096
71234,CHEVRON #352305,I-610 & SR-47,Chalmette,LA,725,3.139,29.9706182,-89.9492603
71239,CASEYS #3926,"I-29, EXIT 84 & SR-118",Mound City,MO,400,3.15733333,40.1311066,-95.2316428
71240,LOVES TRAVEL STOP #764,I-24 EXIT 117 ,Hillsboro,TN,285,3.32566666,35.4123109,-85.9715393
71241,WEIGLES #58,"I-40, Exit 356A & SR-58",Kingston                                ,TN,405,3.169,35.8713147,-84.5160916
71242,LAST STOP TRAVEL CENTER,US-93,Willow Beach,AZ,910,3.49566666,35.8697801,-114.6600654
71244,MAVERIK COUNTRY STORE #644,"I-84/I-15, EXIT 344 & SR-39",Ogden,UT,835,3.37233333,41.2230048,-111.9738429
71245,MAVERIK COUNTRY STORE #651,"I-15, EXIT 67 & US-30",Pocatello,ID,825,3.40233333,42.8620287,-112.4506270
71246,TOOT N TOTUM #99,I-40 EXIT 75,Amarillo,TX,585,3.04566666,35.1639301,-101.8491722
71247,LOVES TRAVEL STOP #848,"I-59, Exit 104",Sandersville,MS,705,3.16233333,31.7865478,-89.0322762
71248,RACETRAC #2560,"I-4, EXIT-55",Davenport,FL,140,3.289,28.2452880,-81.6561086
71249,RACETRAC #2589,"I-20, EXIT 185",Oxford,AL,587,2.999,33.6025434,-85.8320144
71250,NAVAJO BLUE TRAVEL CENTER,I-40 EXIT 219,Flagstaff,AZ,930,3.609,35.1987522,-111.6518220
71251,RUTTERS #91,US-30 & SR-772,Gap,PA,208,4.199,39.9894770,-76.0173511
71252,QUIKTRIP #1178,"I-26, EXIT 54 & SR-72",Clinton,SC,210,3.099,34.4957789,-81.8468026
71253,QUIKTRIP #4066,"I-35, EXIT 122 & SR-173",Devine,TX,740,2.96566666,29.1399633,-98.9053060
71255,Fuel N Treat,"I-70/US-40, EXIT 84 & CR-J",Nelson                                  ,MO,401,3.284,38.9946924,-93.0324980
71256,SIGNAL FOOD STORE #120,US-60,Seymour                                 ,MO,535,3.02566666,37.1464398,-92.7687819
71257,FARMERS UNION SOUTHERN VALLEY,US-75 & SR-210,Wahpeton                                ,ND,341,3.499,46.2658790,-96.6088630
71259,LOVES TRAVEL STOP #846,I-10 EXIT 10,Irvington,AL,715,3.16566666,34.6398137,-86.9291728
71260,LOVES TRAVEL STOP #881,US HWY 224 & OH 225,Diamond,OH,573,3.45233333,41.0989463,-81.0228710
71261,Una Travel Center,I-94 EXIT 228,Roseville,MI,325,3.899,42.4972583,-82.9371409
71262,LOVES TRAVEL STOP #892,"I-70, EXIT 118 & SR-310",Etna,OH,315,3.46066666,39.9575620,-82.6819548
71263,Loves Travel Stop # 660,"I-25, Exit 49",Walsenburg,CO,796,4.249,37.6235234,-104.7809950
71264,MAVERIK COUNTRY STORE #649,I-25/US-85 EXIT 220 & SR-500,Albuquerque,NM,580,3.20566666,35.0841034,-106.6509850
71265,U SAVE FOOD STORES 1,SR-39/SR-55,Richwood,WV,44,3.599,38.2248367,-80.5331411
71266,LOVES TRAVEL STOP #787,"I-81, EXIT 30 & SR-70 ",Mosheim,TN,405,3.55566666,36.1895439,-82.9584902
71267,LOVES TRAVEL STOP #878,"US-131/SR-43, EXIT 44",Kalamazoo,MI,431,3.649,42.2917070,-85.5872286
71267,LOVES TRAVEL STOP #878,"US-131/SR-43, EXIT 44",Kalamazoo,MI,431,3.589,42.2917070,-85.5872286
71267,LOVES TRAVEL STOP #878,"US-131/SR-43, EXIT 44",Kalamazoo,MI,431,3.689,42.2917070,-85.5872286
71268,MAVERIK COUNTRY STORE #650,SR 85 & W 900 S,West Jordan,UT,835,3.43233333,40.6061337,-111.9395211
71269,Maverik Country Store #652,I-84 & SR 79,Jerome,ID,787,3.394,42.7022660,-114.2867040
71270,QUIKTRIP #7904,I-20 EXIT 285 ,Abilene,TX,575,2.87566666,32.4892449,-99.7458827
71271,MAVERIK COUNTRY STORE #672,SR-69,Dewey                                   ,AZ,930,3.219,34.5297551,-112.2421149
71275,ALLSUPS CONVENIENCE STORE #2272,US-67/US-84,Bangs,TX,575,2.93233333,31.7170958,-99.1325529
71276,Circle K #2706617,I-4 EXIT 28,Lakeland,FL,225,3.25066666,27.9971571,-82.0178602
71277,CIRCLE K #2706619,I-75 EXIT 354,Ocala,FL,140,3.45733333,29.1479108,-82.1880375
71278,Kwik Trip #1506,SR-26,Fort Atkinson,WI,420,3.57733333,42.9414960,-88.8624498
71281,Pride (One9 Fuel Network) #1213,"I-40, Exit 25",Yucca,AZ,910,3.559,34.8726671,-114.1498580
71281,Pride Travel Center dba One9 #1213,"I-40, Exit 25",Yucca,AZ,910,3.559,34.8726671,-114.1498580
71282,QuikTrip #4128,SR-71,Bastrop,TX,595,2.96566666,30.1038540,-97.3063800
71283,QUIKTRIP #7135,US-17 ,Hardeeville,SC,195,2.999,32.2702609,-81.0791572
71284,Loves Travel Stop #889,"I-22, Exit 30",Holly Springs,MS,435,3.31566666,34.7680100,-89.4478784
71285,Shrees Truck Stop Seattle,SR-509,Seattle,WA,962,3.799,47.6038321,-122.3300620
71286,RACETRAC #2323,I-75 EXIT 128,Fort Myers,FL,225,3.299,26.6213447,-81.7503115
71287,RACETRAC #482,I-310 EXIT 2A,Saint Rose                              ,LA,725,3.12566666,29.9468716,-90.3231349
71288,SHEETZ #700,"I-270, EXIT 49 & SR-317",Groveport,OH,315,3.059,39.8529958,-82.9374423
71289,7-ELEVEN #38835,I-75 EXIT 139,Fort Myers,FL,225,3.599,26.6530857,-81.8127503
71290,LOVES TRAVEL STOP #808,"US-19/SR-3, EXIT 3 & US-82",Albany,GA,10,3.789,31.5782062,-84.1556809
71291,HUCKS FOOD & FUEL #351 DBA ONE9 #1286,"I-57, Exit 116",Salem                                   ,IL,574,3.239,38.6269929,-88.9456158
71291,HUCKS FOOD & FUEL #351 DBA ONE9 #1286,"I-57, Exit 116",Salem                                   ,IL,574,3.139,38.6269929,-88.9456158
71291,HUCKS FOOD & FUEL #351,"I-57, Exit 116",Salem                                   ,IL,574,3.139,38.6269929,-88.9456158
71291,HUCKS FOOD & FUEL #351,"I-57, Exit 116",Salem                                   ,IL,574,3.099,38.6269929,-88.9456158
71295,MOUNTAINEER MART #33,US-33/119,Buckhannon,WV,44,3.899,38.9939426,-80.2322698
71298,QUIKTRIP #1923,"I-45, EXIT 229",Corsicana,TX,641,2.849,32.0759977,-96.4475564
71299,QUIKTRIP #7903,"I-35, EXIT 331",Waco,TX,765,2.95566666,31.5102008,-97.1449136
71300,SPEEDWAY #1407,"I-94, EXIT 145",Jackson,MI,385,3.599,42.2575855,-84.3585805
71300,SPEEDWAY #1407,"I-94, EXIT 145",Jackson,MI,385,3.549,42.2575855,-84.3585805
71301,Atlanta IL Visitors Center,I-55 EXIT 140,Atlanta,IL,280,3.399,40.2596504,-89.2332466
71302,KWIK STAR #1107,I-380 EXIT 18 ,Cedar Rapids,IA,380,3.574,41.8919592,-91.6736715
71303,KWIK TRIP #1132,SR-21 ,Omro,WI,582,3.37733333,44.0319120,-88.5857699
71305,AMIGO'S COUNTRY STORE,"I-35, EXIT 122 & SR-173",Devine,TX,740,3.099,29.1399633,-98.9053060
71307,Speedway #1221,"I-24/69, EXIT 27 & US-62",Calvert City,KY,415,3.449,37.0021901,-88.3203644
71308,QUIKTRIP #7145,"I-40, EXIT 239A",Lebanon,TN,460,2.91566666,36.2079779,-86.2910945
71309,SUGAR CROSSING CONVENIENCE,US-33 & CR-63,Lancaster,OH,315,3.38233333,39.7136754,-82.5993294
71310,CIRCLE K #2722120,US-441/27,Summerfield,FL,140,3.52566666,30.5336285,-87.3136013
71311,CIRCLE K #708,"I-85, EXIT 64 & US-29",Opelika,AL,50,3.26566666,32.6440732,-85.3489186
71313,LOVES TRAVEL STOP  #821,"US-70, Exit W Main St",Durant,OK,253,3.489,33.9919761,-96.3776762
71314,Loves Travel Stop  #806,I-20 Exit 124,Monroe,LA,760,3.16733333,32.5025471,-92.1162190
71315,KWIK TRIP #1062,SR-33 ,West Bend                               ,WI,444,3.55566666,43.3989713,-88.1886613
71316,KWIK TRIP #1084,SR-97,Marshfield,WI,395,3.47566666,44.6672924,-90.1719448
71318,LOVES TRAVEL STOP  #800,SR-83 ,Elk Grove Village,IL,290,3.449,42.0087978,-87.9414608
71318,LOVES TRAVEL STOP  #800,SR-83 ,Elk Grove Village,IL,290,3.379,42.0087978,-87.9414608
71318,LOVES TRAVEL STOP  #800,SR-83 ,Elk Grove Village,IL,290,3.489,42.0087978,-87.9414608
71318,LOVES TRAVEL STOP  #800,SR-83 ,Elk Grove Village,IL,290,3.549,42.0087978,-87.9414608
71318,LOVES TRAVEL STOP  #800,SR-83 ,Elk Grove Village,IL,290,3.649,42.0087978,-87.9414608
71318,LOVES TRAVEL STOP  #800,SR-83 ,Elk Grove Village,IL,290,3.589,42.0087978,-87.9414608
71319,LOVES TRAVEL STOP #868,"I-95, EXIT 223 ",Mims,FL,143,3.689,28.6832930,-80.8457402
71320,TA EXPRESS EDGERTON #284,I-35 EXIT 205 ,Edgerton,KS,400,3.699,38.7641402,-94.9627824
71321,Kwik Star #1119,US-18 ,Emmetsburg                              ,IA,433,3.449,43.1108076,-94.6781897
71322,KWIK TRIP #1101,US-141,Crivitz,WI,582,3.304,45.2227173,-87.9961403
71323,MAVERIK COUNTRY STORE #517,SR-114 & E MILL RD,Orem,UT,835,3.44066666,40.2981599,-111.6944313
71324,7-ELEVEN #38992,"I-85/US-29, EXIT 40 & I-185, EXIT 12",Piedmont,SC,30,3.499,34.7105655,-82.4576119
71325,QUIKTRIP #7223,"I-20, EXIT 23 & SR-782-2",Bossier City,LA,745,2.89233333,32.5158870,-93.7336536
71326,CIRCLE K #4705730,"I-480 & SR-82, EXIT 36",Twinsburg,OH,249,3.989,41.3388114,-81.4753740
71327,MAVERIK COUNTRY STORE #668,"I-80, EXIT 313",Laramie,WY,795,3.24566666,41.3116442,-105.5917876
71328,IRVING,US-1  ,Norwood,MA,170,3.694,42.2098617,-71.1846467
71329,SPEEDWAY #1439,I-20 Exit 100,Mc Calla,AL,615,2.90233333,40.8333582,-80.5455322
71330,JORDAN MINI MART,SR- 31 & CR-59,Jordan,NY,220,3.799,43.0653441,-76.4729927
71330,JORDAN MINI MART,SR- 31 & CR-59,Jordan,NY,220,3.859,43.0653441,-76.4729927
71331,KWIK TRIP #1106,SR-13 & SR-64,Medford,WI,395,3.42233333,45.1354954,-90.3326182
71332,ALLSUPS CONVENIENCE STORE #2308,SR-128 & SR-18,Jal,NM,710,3.129,32.1121250,-103.1934615
71333,ALLSUPS CONVENIENCE STORE #2105,"I-20, EXIT 332 & US-183",Cisco,TX,575,2.929,32.3828077,-98.9797165
71334,ALLSUPS CONVENIENCE STORE #2278,SR-302 & SR-18,Kermit,TX,710,3.089,31.8578999,-103.0932149
71335,ALLSUPS CONVENIENCE STORE #2367,"I-27/US-87, EXIT 49B & US-70",Plainview,TX,585,2.909,34.1847936,-101.7068410
71336,ALLSUPS CONVENIENCE STORE #2180,US-84 & US-180,Snyder,TX,612,2.98566666,32.7180803,-100.9182310
71337,ALLSUPS CONVENIENCE STORE #2229,US-377 & SR-108,Stephenville,TX,630,3.159,32.2191836,-98.2130634
71338,KWIK TRIP #755,US-18 ,Fennimore                               ,WI,335,3.424,42.9848365,-90.6551073
71339,CASEYS #3934,"I-35, EXIT 89 & CO-R6F",Ankeny,IA,320,3.099,41.7320796,-93.6050920
71340,KWIK TRIP #180,US-14/SR-68,New Ulm,MN,425,3.349,44.2974344,-94.4454583
71341,QUIKTRIP #7147,"I-40, EXIT 172 & SR-46",Dickson,TN,460,2.91566666,36.0153819,-87.3323938
71342,CASEYS #3505,US-212 ,Stewart                                 ,MN,425,3.369,44.7246843,-94.4858185
71343,ALLSUPS CONVENIENCE STORE #2014,US-377/US-67,Dublin,TX,630,3.159,32.0861350,-98.3422331
71344,ALLSUPS CONVENIENCE STORE #2061,US-84 & US-380,Post,TX,700,2.944,33.1909246,-101.3806620
71345,ALLSUPS CONVENIENCE STORE #2084,US-377 & CR-234,Brownwood,TX,575,2.949,31.7070026,-98.9831022
71346,ALLSUPS CONVENIENCE STORE #2094,US-277 & US-83,Abilene,TX,575,2.889,32.4464500,-99.7475905
71347,ALLSUPS CONVENIENCE STORE #2128,"I-20, EXIT 301 & CR-276",Clyde,TX,575,2.889,32.4059605,-99.4936912
71348,ALLSUPS CONVENIENCE STORE #2142,US-62/US-180,Hobbs,NM,593,3.38233333,32.7076670,-103.1311314
71349,ALLSUPS CONVENIENCE STORE #2204,SR-115 & CR-201,Wink,TX,710,3.089,31.7534049,-103.1558300
71350,ALLSUPS CONVENIENCE STORE #2206,US-385 & SR-176,Andrews,TX,710,3.39233333,32.2690953,-102.6042447
71351,ALLSUPS CONVENIENCE STORE #2207,US-377/US-67 & SR-36,Comanche,TX,575,3.159,31.9130171,-98.5273880
71352,ALLSUPS CONVENIENCE STORE #2223,US-285 & SR-357,Artesia,NM,700,3.399,32.8423345,-104.4032963
71353,ALLSUPS CONVENIENCE STORE #2246,US-84 & SR-268,Melrose,NM,585,3.81233333,34.4306023,-103.6322705
71354,ALLSUPS CONVENIENCE STORE #2247,US-377 & SR-16,Comanche,TX,575,3.16233333,31.9130171,-98.5273880
71355,ALLSUPS CONVENIENCE STORE #2249,US-377 & US-281 ,Stephenville,TX,630,3.159,32.2191836,-98.2130634
71356,ALLSUPS CONVENIENCE STORE #2266,I-20 & US-285 ,Pecos,TX,710,3.379,30.7857437,-102.8065415
71357,ALLSUPS CONVENIENCE STORE #2279,SR-115 & SR-18,Kermit,TX,710,3.089,31.8578999,-103.0932149
71358,ALLSUPS CONVENIENCE STORE #2285,US-285 & US-62,Carlsbad,NM,593,3.194,32.4257456,-104.2376120
71359,ALLSUPS CONVENIENCE STORE #2350,"I-20, EXIT 285 & US-83",Abilene,TX,575,2.87566666,32.4464500,-99.7475905
71360,ALLSUPS CONVENIENCE STORE #2353,US-76/US-277,San Angelo,TX,612,3.19566666,31.4649685,-100.4405094
71361,ALLSUPS CONVENIENCE STORE #2358,US-277/US-87,Wall,TX,612,3.20566666,31.3743455,-100.3036600
71362,ALLSUPS CONVENIENCE STORE #2359,US-377/US-67 & CR-498,Stephenville,TX,630,3.159,32.2191836,-98.2130634
71363,ALLSUPS CONVENIENCE STORE #2360,FM-988 & FM-8,Stephenville,TX,630,3.159,32.2191836,-98.2130634
71364,QUICK FUEL #3188,I-75 ,Sidney,OH,317,3.33233333,40.2842410,-84.1555267
71365,COLES BP,SR 49,Brownsville,WI,582,3.099,43.6163809,-88.4906592
71366,AMOCO,SR 31,Kenosha,WI,444,3.719,42.5846773,-87.8212263
71367,ROAD RANGER #280,"I-20, EXIT 79 & SR-464",Monahans,TX,710,3.459,31.5694451,-102.9071291
71368,Kwik Star #1071,I-280 E and US-61 N,Davenport,IA,270,3.324,41.5593698,-90.5759554
71369,MR GAS TRAVEL CENTER #21,I-84 EXIT 59A,Boise,ID,785,3.69566666,43.6166163,-116.2008860
71370,MAVERIK COUNTRY STORE #645,"I-40, Exit 16",Gallup,NM,580,3.159,35.5283506,-108.7439070
71371,BREAK TIME #3167,US-65 & HWY-HH,Sedalia,MO,310,3.294,38.7098314,-93.2295515
71372,Simonson Station,US-71 & SR-34,Park Rapids,MN,458,3.599,46.9226589,-95.0595468
71376,7-ELEVEN #41127,SR-29,Labelle,FL,95,3.559,26.7620454,-81.4353781
71377,7-ELEVEN #38485,I-76 Exit 25,Brighton,CO,800,3.599,39.9837210,-104.8110775
71378,QUIKTRIP #1410,"I-10, EXIT 136B & SR-202, EXIT 78A",Phoenix,AZ,930,3.369,33.6259847,-111.9945781
71379,QUIKTRIP #7211,"I-30/US-67/US-70, EXIT 128 ",Little Rock,AR,695,3.049,34.6552004,-92.4120081
71381,KWIK TRIP #1112,US-63 & SR-77,Hayward,WI,295,3.639,46.0116309,-91.4878257
71382,KWIK TRIP #346,US-151 BUS & CR-G/CR-D,Beaver Dam,WI,582,3.19566666,43.4744158,-88.8394854
71383,Caseys #3940,I-69 & SR 4,Ashley,IN,465,3.59733333,41.5272725,-85.0655232
71384,CASEYS #3944,I-29 & CR-106,Tea,SD,530,3.199,43.4466100,-96.8360340
71385,CASEYS #3907,I-675 & SR-235,Fairborn,OH,411,3.679,39.8208998,-84.0193858
71386,CASEYS #3952,SR-1 & SR-9,Hoopeston,IL,368,3.249,40.4672587,-87.6683573
71386,CASEYS #3952,SR-1 & SR-9,Hoopeston,IL,368,3.259,40.4672587,-87.6683573
71386,CASEYS #3952,SR-1 & SR-9,Hoopeston,IL,368,3.189,40.4672587,-87.6683573
71386,CASEYS #3952,SR-1 & SR-9,Hoopeston,IL,368,3.239,40.4672587,-87.6683573
71387,CASEYS #3954,"I-80, Exit 168",Newton,IA,320,3.249,41.6997139,-93.0538852
71388,CASEYS #3850,US HWY 77 ,Wahoo,NE,319,3.174,41.2111084,-96.6197985
71389,SPEEDWAY #1590,"I-95, EXIT 193",Dillon,SC,205,3.12566666,34.4527588,-79.3677890
71390,SPEEDWAY #7269,I-270 EXIT 6B,Granite City,IL,540,3.519,38.7014389,-90.1487199
71390,SPEEDWAY #7269,I-270 EXIT 6B,Granite City,IL,540,3.379,38.7014389,-90.1487199
71390,SPEEDWAY #7269,I-270 EXIT 6B,Granite City,IL,540,3.459,38.7014389,-90.1487199
71391,QUIKTRIP #7210,I-40 EXIT 142,North Little Rock,AR,695,3.049,34.7695360,-92.2670941
71392,Loves Travel Stop #834,SR 17 & SR 1,Grant Park,IL,290,3.329,41.8765375,-87.6192960
71392,Loves Travel Stop #834,SR 17 & SR 1,Grant Park,IL,290,3.379,41.8765375,-87.6192960
71393,CASEYS #3303,HWY 15 AND HWY 55,Kimball,MN,451,3.199,45.3124811,-94.3002660
71394,QUIKTRIP #955,"I-35W, EXIT 26A & US-67",Alvarado,TX,630,2.97566666,32.4152288,-97.2284886
71395,KWIK TRIP #340,US-18 & SR-23,Dodgeville,WI,420,3.489,42.9721890,-90.1333116
71397,RACEWAY #6971,US-82/SR-520,Leesburg,GA,10,3.109,31.7324556,-84.1711966
71398,KWIK STAR #1089,SR 415,Polk City,IA,320,3.159,41.7653655,-93.7260873
71399,Loves Travel Stop  #809,"I-70 & MO Hwy D, Exit 31",Bates City,MO,400,3.22066666,39.0061187,-94.0724460
71401,KWIK TRIP #1169,"I-694, EXIT 52B & SR-36",Saint Paul,MN,448,3.51566666,44.8843584,-93.0310519
71402,FIREBIRD FUEL #6196,US-60 & SR-303,Surprise,AZ,930,3.383,33.6292470,-112.3681428
71404,Flyers #3200,"I-17, Exit 215B",Phoenix,AZ,930,3.35233333,33.4664672,-112.1038981
71405,FLYERS #3201,"US-60, Exit 157",Phoenix,AZ,930,3.369,33.4664672,-112.1038981
71406,FLYERS #3203,"I-10, Exit 139",Phoenix,AZ,930,3.319,33.4664672,-112.1038981
71407,FLYERS #3204,SR 202,Phoenix,AZ,930,3.35233333,33.4664672,-112.1038981
71408,Flyers #3205,"I-17, Exit 195B",Phoenix,AZ,930,3.38233333,33.4664672,-112.1038981
71410,Flyers #3213,"US-60, Exit 181",Mesa,AZ,930,3.35233333,33.4151005,-111.8314550
71411,Flyers #3214,"I-10, Exit 161C",Chandler,AZ,930,3.35233333,33.3062031,-111.8411850
71412,FLYERS #3215,SR 87,Chandler,AZ,930,3.35233333,33.3062031,-111.8411850
71413,Flyers #3216,"US 60, Exit 194",Apache Junction,AZ,930,3.42233333,33.4150485,-111.5495770
71416,FLYERS #3225,"I-10, Exit 255",Tucson,AZ,980,3.359,32.2228765,-110.9748470
71417,Flyers #3227,"I-10, Exit 263A",Tucson,AZ,980,3.35566666,32.2228765,-110.9748470
71418,Quick Fuel #3228,"I-10, Exit 264",Tucson,AZ,980,3.36233333,32.0441735,-110.7139792
71421,FLYERS #3236,"SR 601, Exit 22",El Paso,TX,640,3.229,31.7947911,-106.3643820
71428,KWIK TRIP #1140,SR-69/SR-92 & HWY-CC,Belleville,WI,420,3.604,42.8608920,-89.5595410
71429,QUIKTRIP #1432,SR 202 EXIT 76,Phoenix,AZ,930,3.369,33.6259847,-111.9945781
71430,QUIKTRIP #7144, US-31W,Goodlettsville,TN,460,2.91566666,36.3231067,-86.7133302
71433,Kwik Star #1146,US HWY 151,Cedar Rapids,IA,380,3.624,42.0346658,-91.6498254
71434,KWIK STAR #1154,"SR 18 & SR 60, Exit 34",Sheldon,IA,433,3.199,43.1801338,-95.8525185
71435,QUIKTRIP #1036,I-85 Exit 40,Charlotte,NC,46,3.304,35.0545632,-80.7690242
71436,GOOD 2 GO #213,I-90 EXIT 58 & US-16,Buffalo,WY,836,3.525,44.3567244,-106.6599265
71437,GOOD 2 GO #121,I-15 EXIT 113,Idaho Falls,ID,825,3.479,43.4887907,-112.0362800
71438,LOVES TRAVEL STOP #893,US-80 & SR-307,Savannah,GA,195,3.289,32.0790074,-81.0921335
71439,LOVES TRAVEL STOP #802,I-10 EXIT 26,Milton,FL,20,3.339,30.6324149,-87.0396881
71440,MAVERIK COUNTRY STORE #667,"I-90, EXIT 289 & SR-27",Spokane,WA,970,3.989,47.6571934,-117.4235100
71440,MAVERIK COUNTRY STORE #667,"I-90, EXIT 289 & SR-27",Spokane,WA,970,3.999,47.6571934,-117.4235100
71440,MAVERIK COUNTRY STORE #667,"I-90, EXIT 289 & SR-27",Spokane,WA,970,3.969,47.6571934,-117.4235100
71440,MAVERIK COUNTRY STORE #667,"I-90, EXIT 289 & SR-27",Spokane,WA,970,3.979,47.6571934,-117.4235100
71441,MAVERIK COUNTRY STORE #678,US-191,Vernal,UT,835,3.44233333,40.4556825,-109.5284740
71442,RACETRAC #2597,"I-65, EXIT 91 & US-31W",Elizabethtown,KY,415,2.919,37.6939520,-85.8591285
71443,LOVES TRAVEL STOP #810,US-33 & SR-540,Bellefontaine,OH,411,3.35233333,40.3611643,-83.7596557
71444,One9 #1318,"I-44, Exit 88",Strafford,MO,416,2.98566666,37.2735064,-93.1110755
71445,SPEEDWAY #1051,I-90 & I-94 Exit 69,Mauston,WI,420,3.299,43.7968543,-90.0756767
71446,SPEEDWAY #4221,I-80 Exit 292,Davenport,IA,320,3.749,41.5235808,-90.5770967
71447,KWIK TRIP #612,SR-116 ,Winneconne                              ,WI,582,3.53233333,44.1118188,-88.6948214
71449,MAVERIK COUNTRY STORE #628,I-15 & CR-215,Las Vegas                               ,NV,910,3.35566666,36.1716970,-115.1463536
71450,MAVERIK COUNTRY STORE #664,I-25 EXIT 203 ,Los Lunas,NM,580,3.20233333,34.8142093,-106.7613067
71452,ALLSUPS CONVENIENCE STORE #2016,SR-214 & SR-114,Morton,TX,700,3.399,33.7251540,-102.7593940
71453,ALLSUPS CONVENIENCE STORE #2025,US-285,Roswell,NM,593,3.28566666,33.3943282,-104.5229518
71454,ALLSUPS CONVENIENCE STORE #2036,SR-18,Hobbs,NM,593,3.399,32.7076670,-103.1311314
71455,ALLSUPS CONVENIENCE STORE #2043,US-62,Idalou,TX,700,2.96566666,33.6622710,-101.6841140
71456,ALLSUPS CONVENIENCE STORE #2058,"I-40, Exit 332 & SR-209",Tucumcari,NM,585,3.355,35.1719425,-103.7250400
71457,ALLSUPS CONVENIENCE STORE #2075,US-70 & SR-6,Crowell,TX,770,3.199,33.9872886,-99.7225904
71458,ALLSUPS CONVENIENCE STORE #2082,SR-70,Spur,TX,700,3.199,33.4764767,-100.8556850
71460,ALLSUPS CONVENIENCE STORE #2101,SR-136,Fritch,TX,585,3.149,35.6397656,-101.6032280
71461,ALLSUPS CONVENIENCE STORE #2111,US-87 & ,Texline,TX,585,2.96566666,36.3781749,-103.0219300
71462,ALLSUPS CONVENIENCE STORE #2138,CR-61,Hobbs,NM,593,3.38233333,32.7076670,-103.1311314
71463,ALLSUPS CONVENIENCE STORE #2146,SR-18,Hobbs,NM,593,3.21233333,32.7076670,-103.1311314
71464,ALLSUPS CONVENIENCE STORE #2153,US-277,Haskell,TX,575,3.539,33.1542164,-99.7199972
71465,ALLSUPS CONVENIENCE STORE #2173,US-20,Sweetwater,TX,575,2.84566666,32.4709519,-100.4059380
71466,ALLSUPS CONVENIENCE STORE #2185,US-380 & 9TH ST,Aspermont,TX,575,3.36566666,33.1382394,-100.2287150
71467,ALLSUPS CONVENIENCE STORE #2192,SR-86 & SR-207,Silverton,TX,585,3.159,34.4713299,-101.3046540
71468,ALLSUPS CONVENIENCE STORE #2212,SR-6,Stamford,TX,575,3.129,32.9439359,-99.7987150
71469,ALLSUPS CONVENIENCE STORE #2227,SR-114 ,Morton,TX,700,3.399,33.7251540,-102.7593940
71470,ALLSUPS CONVENIENCE STORE #2267,"I-20, EXIT 42 & CR-761",Pecos,TX,710,3.379,30.7857437,-102.8065415
71471,ALLSUPS CONVENIENCE STORE #2269,SR-524 & CR-658 ,Carlsbad,NM,593,3.249,32.4257456,-104.2376120
71472,ALLSUPS CONVENIENCE STORE #2276,HWY 84 & CR-466,Hermleigh,TX,612,2.97233333,32.6354615,-100.7591342
71473,ALLSUPS CONVENIENCE STORE #2378,US-BUS 287 & SR-25,Electra,TX,770,2.999,34.0320855,-98.9163686
71474,PILOT #1292,US-290 & SR-21,Paige,TX,765,3.499,30.2135847,-97.1389276
71476,KWIK TRIP #493,US HWY 12,Whitewater,WI,420,3.499,42.8306101,-88.7094593
71477,KWIK TRIP #1141,SR 54,Luxemburg,WI,582,3.48233333,44.5383513,-87.7036636
71478,RACEWAY #6970,SR-1 & Coker Rd,Rome,GA,193,3.199,34.2717572,-85.2381265
71479,RACETRAC #118,I-575 & SR-15,Jasper                                  ,GA,193,3.309,34.3974611,-84.4139164
71480,Loves Travel Stop #836,US-87,Dalhart,TX,585,3.43566666,36.0604080,-102.5180763
71481,Loves Travel Stop #843,"I-29, Exit 187",Drayton,ND,341,3.56566666,48.5711277,-97.1780148
71482,LOVES TRAVEL STOP #789,"I-15, Exit 277",Great Falls,MT,815,3.77233333,47.5048851,-111.2918900
71484,CIRCLE K #2745064,"I-75/SR-401, EXIT 101 & US-280/SR-30",Cordele,GA,10,2.999,31.9607525,-83.7537644
71485,Circle K #2709088,US-521 & SR-9,Lancaster,SC,46,3.299,34.7363625,-80.7773295
71486,HUCKS FOOD & FUEL #338,US-50/US-150 & US-41 BUS,Vincennes                               ,IN,510,3.959,38.6772691,-87.5286325
71486,HUCKS FOOD & FUEL #338 DBA PILOT DEALER #1294,US-50/US-150 & US-41 BUS,Vincennes                               ,IN,510,3.959,38.6772691,-87.5286325
71487,LOVES TRAVEL STOP #835,"I-15, EXIT 163 & SR-99",Fillmore,UT,835,3.685,38.9688118,-112.3235870
71487,LOVES TRAVEL STOPS #835,"I-15, EXIT 163 & SR-99",Fillmore,UT,835,3.599,38.9688118,-112.3235870
71488,LOVES TRAVEL STOP #816,"I-90, EXIT 284",Kimball,SD,506,3.57066666,43.7466650,-98.9584260
71490,LOVES TRAVEL STOP #818,"I-20, EXIT 205 & SR-46",Heflin,AL,615,3.20733333,33.6489948,-85.5874584
71491,SPEEDWAY #1520,"I-55, EXIT 58 & SR-80",Matthews,MO,460,3.189,36.7596812,-89.5348622
71492,LOVES TRAVEL STOP #839,"I-64, EXIT 92",Leavenworth,IN,415,3.949,38.1997869,-86.3441439
71493,NEW TRAVEL PLAZA,I-20 EXIT 86,Ruston,LA,590,3.06566666,32.5297498,-92.6386604
71494,SPEEDWAY/7FLEET #7008,"I-90, EXIT 48A & SR-77",Corfu,NY,190,3.889,42.9600595,-78.4055767
71495,SPEEDWAY #1212,"I-65, EXIT 99 & US-31",Greenwood,IN,375,3.59733333,39.5971914,-86.1047253
71496,SPEEDWAY/7fleet #1052,US-30 & SR-57,Orrville,OH,249,3.499,40.8436664,-81.7640212
71498,KWIK TRIP #1143,US HWY 45,Antigo,WI,395,3.50733333,45.1617340,-89.1476526
71499,KWIK TRIP #1130,US HWY 151/18,Mount Horeb,WI,420,3.589,43.0060857,-89.7019066
71500,KWIK TRIP #1114,SR-35,Holmen,WI,515,3.33066666,43.9496587,-91.2599809
71502,ROAD RANGER #281,I-20 EXIT 332,Cisco,TX,575,3.14066666,32.3731653,-98.9688147
71503,LOVES TRAVEL STOP #093,US-80 & US-400/US-50,Garden City                             ,KS,525,3.729,37.9716898,-100.8726618
71504,MAVERIK COUNTRY STORE #378,"I-84/I-15, EXIT 346 & SR-126",Ogden                                   ,UT,835,3.379,41.2230048,-111.9738429
71505,KWIK TRIP #1029,I-43 & SR-20,East Troy,WI,444,3.174,42.7930158,-88.3874058
71506,KWIK STAR #1165,SR-60  ,Sibley,IA,433,3.224,43.3989852,-95.7520256
71509,MAPLEFIELDS IRVING,I-91 & US-2,Saint Johnsbury,VT,39,3.599,44.4194940,-72.0156532
71510,RACETRAC #2601,"I-64, Exit 58",Frankfort,KY,410,2.919,38.2009055,-84.8732836
71511,RACETRAC #2592,US HWY 29,Athens,GA,16,3.31233333,33.9474930,-83.3564174
71512,RACETRAC #2603,Country Road 527,Orlando,FL,140,3.299,28.3882822,-81.2448227
71514,LOVES TRAVEL STOP #817,SR-136,Santa Teresa,NM,640,3.26233333,31.8588727,-106.6465710
71515,LOVES TRAVEL STOP #824,"I-64 & SR-37, Exit 80",Mount Vernon,IL,574,3.589,38.3172715,-88.9031201
71515,LOVES TRAVEL STOP #824,"I-64 & SR-37, Exit 80",Mount Vernon,IL,574,3.349,38.3172715,-88.9031201
71515,LOVES TRAVEL STOP #824,"I-64 & SR-37, Exit 80",Mount Vernon,IL,574,3.449,38.3172715,-88.9031201
71515,LOVES TRAVEL STOP #824,"I-64 & SR-37, Exit 80",Mount Vernon,IL,574,3.389,38.3172715,-88.9031201
71516,LOVES TRAVEL STOP #833,"I-90, EXIT 61 & US-20",Ripley,NY,38,3.879,42.2670020,-79.7106020
71517,7-ELEVEN #41905,I-85 & CR-2120,Salisbury,NC,46,3.749,35.6709727,-80.4742261
71518,SPEEDWAY/7Fleet #9305,SR-18 & SR-1,Forrest City,AR,460,3.174,35.0081474,-90.7898342
71519,SPEEDWAY #1506,US-231 & SR-271,Montgomery,AL,720,3.04233333,32.3827750,-86.2046134
71520,KWIK TRIP #1104,SR-35/65 & SR-29,River Falls,WI,451,3.40566666,44.8402648,-92.6040890
71521,KWIK TRIP #1065,US-12 & SR-89,Whitewater,WI,420,3.424,42.8302534,-88.7092771
71522,Y NOT STOP BARBER SPUR,SR-10 & SR-13,Ville Platte,LA,730,3.499,30.6901838,-92.2774771
71523,QUIKTRIP #7170,I-59 EXIT 77,Cottondale,AL,615,2.91566666,33.1998045,-87.4530148
71524,Loves Travel Stop #813,"I-77, Exit 112",North Canton,OH,249,3.62733333,40.8758910,-81.4023356
71525,LOVES TRAVEL STOP #796,"I-40, EXIT 432B & U-25W/US-411/US-70",Newport,TN,405,3.689,35.9670412,-83.1876578
71526,LOVES TRAVEL STOP #820,"I-90, EXIT 41 & SR-414",Waterloo,NY,190,4.149,42.9046933,-76.8627887
71527,D & C FUEL EAST,US-6/SR-92,Tunkhannock,PA,200,3.699,41.5385159,-75.9468440
71528,GOOD 2 GO #218,I-90 EXIT 25 & US-14,Sheridan,WY,836,3.44233333,44.7947537,-106.8222688
71529,Kwik Trip #1161,US-BUS 53,Eau Claire                              ,WI,295,3.40733333,44.7757349,-91.4307225
71531,BERT'S TRAVEL PLAZA,SR-33,Wellsville,KS,400,3.31566666,38.7078832,-95.0743332
71534,GOLDEN GATE - YERINGTON,SR-339 & US-95 ALT,Yerington,NV,966,3.71566666,38.9855429,-119.1629890
71535,GOLDEN GATE BATTLE MOUNTAIN,"I-80, EXIT 233",Battle Mountain,NV,966,3.339,40.6414251,-116.9338287
71536,PILOT TRAVEL CENTERS  #1106,"I-25/US-85, EXIT 215 & SR-47",Albuquerque,NM,580,3.56566666,35.0841034,-106.6509850
71542,CIRCLE K #2706625,US-85,Eaton,CO,795,3.399,40.5186319,-104.7084534
71543,THE SOCO GROUP #4,SR-111,El Centro,CA,900,4.839,32.7920000,-115.5630510
71555,Kwik Trip #307,SR-35/US-18,Prairie Du Chien,WI,335,3.599,43.0389500,-91.1387200
71556,KWIK TRIP #1167,"HWY 29, EXIT 108",Thorp                                   ,WI,295,3.45233333,44.9530312,-90.7996239
71557,MUSKOGEE TRAVEL PLAZA,US-69,Muskogee,OK,560,3.01566666,35.7979152,-95.4005683
71558,ALLSUPS #2384,US-60,Friona,TX,585,2.994,34.6420285,-102.7151158
71559,ALLSUPS CONVENIENCE STORE #2228,US-83 & CR-613,Tuscola,TX,575,2.91733333,32.2079942,-99.7961319
71560,CIRCLE K #2709675,"I-25, EXIT 41 & SR-543/SR-26",Hatch                                   ,NM,640,3.799,32.6718662,-107.1530524
71561,ABBOTTS TRAVEL CENTER,I-35 EXIT 359,Abbott,TX,765,3.06566666,31.8899301,-97.0870831
71562,PILOT #1317,I-90 EXIT 28,Fultonville,NY,12,3.999,42.9478357,-74.3699085
71563,Kwik Star #1081,SR-9 ,Decorah,IA,515,3.579,43.2926843,-91.7706131
71564,GRAB N GO,SR-200 & SR-22,Killdeer,ND,273,3.549,47.3719870,-102.7541220
71565,CIRCLE K #2741253,"SR 375, Exit 39",El Paso,TX,640,3.19566666,31.7201515,-106.3055415
71566,Mankato Travel Center,US HWY 14 & SR 22,Mankato,MN,425,3.499,44.1634663,-93.9993505
71567,PRIDE CONVENIENCE STORE,"I-91, EXIT 40 & SR-20",East Granby,CT,100,3.649,41.9301106,-72.7116470
71568,QUIKTRIP #294,I-35 ,Gardner,KS,485,2.999,38.7859957,-94.9278265
71570,STEELE 66 TRUCK PLAZA,Hwy O & CR-425,Steele,MO,418,3.399,36.0839594,-89.8292512
71571,RACETRAC #2587,I-75 & US-98,Brooksville                             ,FL,140,3.299,28.5226022,-82.2342245
71572,7-ELEVEN #41525,US-460 & SR-630,Disputanta,VA,180,2.999,37.1846058,-77.3211292
71573,RACETRAC #2588,I-4 & US-301,Tampa,FL,225,3.299,28.0015698,-82.3556660
71574,RACETRAC #2594,US-441 ,Dublin,GA,85,2.999,32.5404447,-82.9037540
71575,Racetrac #2308,SR-161,Irving,TX,630,2.93566666,32.8965069,-96.9597593
71576,RACETRAC #2429,SR-161,Irving                                  ,TX,630,2.90066666,32.8965069,-96.9597593
71577,TOOT N TOTUM #130,US-87 & Dorsey Rd,Clayton,NM,585,3.199,36.4396043,-103.1760309
71578,RACETRAC #2595,I-65 EXIT 284,Alabaster,AL,615,2.999,33.2198475,-86.7978134
71579,KWIK TRIP #1138,SR 28,Sheboygan,WI,444,3.24233333,43.6235837,-87.7757965
71580,MAVERIK COUNTRY STORE #676,"I-15/I-84, EXIT 376 & SR-13",Tremonton,UT,835,3.444,41.7120775,-112.1657790
71582,LOVES TRAVEL STOP #847,US-601 & SR-207,Pageland,SC,46,3.38566666,34.7719578,-80.3914661
71583,CIRCLE K #2706993,SR 27 N,Lake Wales,FL,225,3.799,27.8330172,-81.5894723
71586,ALLTOWN FRESH,US-9 & SR-23,Livingston,NY,12,3.699,42.1791791,-73.7585715
71586,ALLTOWN FRESH,US-9 & SR-23,Livingston,NY,12,3.659,42.1791791,-73.7585715
71590,TA SPRINGER,I-25 EXIT 419,Springer                                ,NM,580,3.529,36.4502146,-104.5925434
71592,THE WOODSHED,US-59 & SR-10,Welch                                   ,OK,307,3.099,36.8745952,-95.0937744
71594,BP,US-20 & SR13,Middlebury,IN,465,3.799,41.6549301,-85.7061367
71595,Hucks Market #100,US-36,Hannibal                                ,MO,494,3.13233333,39.7082498,-91.3587413
71596,ALLSUPS #2379,US-70/US-380,Tinnie,NM,700,3.359,33.3705561,-105.2263673
71597,Allsups #2380,US-84,Sudan,TX,700,3.199,34.0678644,-102.5243620
71598,Allsups #2381,SR-199,Azle,TX,630,2.919,32.8975875,-97.5437799
71600,TA EXPRESS #290,"I-45, EXIT 198 & FM-27",Fairfield,TX,765,3.439,31.7255253,-96.1770353
71601,Circle K #2723479,"I-40, EXIT 306B & US-70",Garner,NC,205,3.369,35.6011550,-78.5730133
71602,SHELL,"HWY-401, EXIT 10 & CR-11",Oldcastle,ON,620,4.45292033,,
71602,SHELL,"HWY-401, EXIT 10 & CR-11",Oldcastle,ON,620,4.46276974,,
71602,SHELL,"HWY-401, EXIT 10 & CR-11",Oldcastle,ON,620,3.95252583,,
71602,SHELL,"HWY-401, EXIT 10 & CR-11",Oldcastle,ON,620,3.95368953,,
71602,SHELL,"HWY-401, EXIT 10 & CR-11",Oldcastle,ON,620,3.95078155,,
71602,SHELL,"HWY-401, EXIT 10 & CR-11",Oldcastle,ON,620,4.46211176,,
71603,FLYERS #3223,US-70/191,Safford,AZ,980,3.86233333,32.8332254,-109.7131818
71604,MAVERIK COUNTRY STORE #669,"I-80, Exit 113 & SR-172",Salt Lake City,UT,835,3.44566666,40.7596198,-111.8867970
71605,Allsups Convenience Store #2377,US-70 & US-54,Alamogordo,NM,640,3.06233333,32.9147202,-105.9463365
71606,Allsups #2396,HWY 62 82 179,Wolfforth,TX,700,2.91566666,33.5059189,-102.0090570
71607,Loves Travel Stop #827,"I-90, Exit 174",Moses Lake,WA,970,3.889,47.1301417,-119.2780770
71608,Loves Travel Stop #842,"I-194, eXIT 164",Saint Cloud,MN,448,3.29066666,45.5616075,-94.1642004
71609,QUIKTRIP #73,"US-75, US 62",Henryetta,OK,560,3.02566666,35.4396625,-95.9865145
71610,FRIENDLY GUS #25,US-80 & SR-338,Dudley                                  ,GA,85,3.83233333,32.5423872,-83.0704273
71612,RACEWAY #6898,"I-95, EXIT 373 & HWY A1A",Yulee                                   ,FL,75,3.27066666,30.6278480,-81.5902278
71614,7-ELEVEN #41808,"I-85, EXIT 106 & US-29",Blacksburg,SC,210,3.359,35.1212409,-81.5159246
71615,HUTCHS #128,US-62 & US-281/SR-8,Anadarko,OK,483,2.999,35.0725323,-98.2439810
71616,ALLSUPS CONVENIENCE STORE #2382,"I-20, EXIT 366 & US-281 ",Mineral Wells,TX,630,2.94566666,32.8084605,-98.1128223
71617,CIRCLE K #2709087,US-98/US-19,Chiefland,FL,75,3.58233333,29.4801965,-82.8599181
71618,Loves Travel Stop #837,"I-35, Exit 52",Cameron,MO,400,3.689,39.7412703,-94.2384482
71619,7-ELEVEN # 41365,"I-840/I-785, EXIT 18 & US-70",Greensboro,NC,65,3.199,36.0705728,-79.8681102
71621,TOOT N TOTUM #127,"I-27, Exit 49B",Plainview,TX,585,2.89566666,34.1884786,-101.7485591
71622,Circle K #2706628,SR-193 & SR-163 ,Theodore,AL,715,3.39233333,30.5463684,-88.2023937
71623,Circle K #2706637,US-43,Grove Hill,AL,715,3.719,31.7087681,-87.7772218
71624,MAVERIK COUNTRY STORE #681,"I-80, Exit 410",West Wendover,NV,835,3.38566666,40.7409656,-114.0751726
71625,MAVERIK COUNTRY STORE #679,US-160/285 & SR-17,Alamosa,CO,803,3.349,37.5780995,-105.7890452
71627,QUIKTRIP #1730,I-75 EXIT 185,Forsyth,GA,85,3.089,34.2523307,-84.0877699
71628,QUIKTRIP #7171,I-65 EXIT 231,Calera,AL,615,2.999,33.1402117,-86.7518597
71629,KWIK TRIP #1139,SR-95 & SR-65,Cambridge,MN,451,3.399,45.5717035,-93.1939273
71630,CIRCLE K #2701524,"US-52, Exit 134 & SR-268",Pilot Mountain,NC,65,3.429,36.3757131,-80.4887667
71631,RACEWAY #6891,SR-20 & SR-67,Decatur                                 ,AL,615,3.099,34.6186911,-87.0299835
71632,Loves Travel Stop #819,SR-21 & SR-275,Rincon,GA,195,3.33066666,32.2960289,-81.2353905
71634,76,"US HWY 278, US HWY 45",Tupelo,MS,742,3.149,34.3512337,-88.8377567
71635,Racetrac #2610,US-231,Murfreesboro,TN,460,3.049,35.7738119,-86.4013343
71636,RACETRAC #2580,US-41 & SR-268,Murfreesboro,TN,460,3.03233333,35.7738119,-86.4013343
71637,HORSESHOE #4,SR-114,Smyer,TX,700,2.959,33.5842563,-102.1632290
71638,QUIKTRIP #4032,"I-35, EXIT 176",Schertz,TX,740,2.91566666,29.6402609,-98.2129245
71639,PAR MAR FOOD STORE #13,"I-77, EXIT 1 & SR-7",Hannibal                                ,OH,430,3.899,39.6675391,-80.8721268
71640,RACETRAC #2544,SR-81 & SR-316,Bethlehem,GA,16,3.31233333,33.9328842,-83.7129958
71641,76,I-17,Phoenix,AZ,930,3.23233333,33.4484367,-112.0741410
71642,MAVERIK COUNTRY STORE #398,HWY 89 & LAKE POWELL BLVD,Page                                    ,AZ,930,3.45566666,36.9148305,-111.4572940
71643,Pilot #1319,I-35 Exit 30,Alvarado                                ,TX,630,3.20566666,32.4095565,-97.2102881
71644,CHISUM TRAVEL CENTER #38,I-20 EXIT 210,Colorado City,TX,612,2.92566666,32.3930337,-100.8635100
71646,SPEEDWAY #6542,"I-10, Exit 192",Midway,FL,155,3.599,29.1785211,-81.0736606
71647,QUIKTRIP #667,I-44 Exit 189,Rolla,MO,392,2.98233333,37.9808249,-91.7210395
71648,QUIKTRIP #7149,I-24 Exit 8,Clarksville,TN,460,2.91566666,36.5554447,-87.2527246
71649,Allsups Convenience Store #2385,US-183 & US-180,Breckenridge,TX,575,3.30733333,32.7558392,-98.9032554
71650,ALLSUPS CONVENIENCE STORE #2405,SR-208 & SR-158,Robert Lee,TX,612,3.26566666,31.8952852,-100.4831260
71651,QUIKTRIP #4151,"I-35, Exit 220",Buda,TX,595,2.91566666,30.0608770,-97.8352942
71652,CIRCLE K #4705575,SR-261,Akron,OH,249,3.769,41.0912429,-81.5320285
71653,MAVERIK COUNTRY STORE #701,US-160,Durango,CO,614,3.299,37.2769484,-107.8766000
71654,LOVES TRAVEL STOP  #851,"I-39/US-51, EXIT 111 & SR-72",Monroe Center,IL,520,3.749,42.0983583,-89.0006550
71655,79 ONE STOP,SR-62 & SR-37,Saint Croix                             ,IN,415,3.499,38.2239489,-86.5863736
71656,CASEYS #3268,US-59 & SR-119,Appleton,MN,522,3.44566666,45.1969060,-96.0197670
71657,CASEYS #2855,US HWY 63,Cabool,MO,535,3.259,37.1239410,-92.1012678
71659,Loves Travel Stop #646,"I-84, Exit 71",Willington,CT,100,4.359,41.8757947,-72.2642761
71661,Loves Travel Stop #822,"I-40,  Exit 57 & S Crawford St",Clarksville,AR,695,3.39233333,35.4713108,-93.4664819
71662,PUMP & PANTRY #33,SR-22/39,Genoa,NE,330,3.289,41.4486334,-97.7307364
71663,Allsups #2388,I-27 & SR-217,Canyon,TX,585,2.90066666,34.9753529,-101.9197951
71664,RUTTERS #95,SR-9,Martinsburg,WV,22,3.999,39.4562528,-77.9639604
71666,Circle K#2746513,SR-13/SIOUX TRL,Savage,MN,448,3.799,44.7779041,-93.3356204
71667,7-Eleven #38986,"I-75, EXIT 301 & US-98",Brooksville,FL,225,3.399,28.5345080,-82.4727170
71668,7-ELEVEN #41572,I-77 & US-70,Statesville,NC,46,2.859,35.7826363,-80.8872959
71672,7-ELEVEN #41573,US-67,Glen Rose,TX,765,3.589,32.2340767,-97.7550003
71673,7-ELEVEN #41792,"I-85, EXIT 27",Anderson,SC,30,2.959,34.5258335,-82.6529620
71674,Kwik Trip #1177,SR-65,Cambridge,MN,451,3.424,45.5717035,-93.1939273
71676,CIRCLE K #4702409,US-52,Lafayette,IN,375,3.15733333,40.4182717,-86.8254331
71679,TOOT N TOTUM #22,FM 1541 & FM 1151,Amarillo,TX,585,2.96733333,35.1639301,-101.8491722
71680,Alexs Shelby Truck Stop,US HWY 278 & SR 32,Shelby,MS,655,3.199,33.9509439,-90.7678781
71681,WASPYS TRUCK STOP,US-71,Audubon,IA,319,3.31566666,41.6702050,-94.9106526
71682,Gas N Wash,"SR 83, SR 50, I-294",Alsip,IL,365,3.399,41.6689223,-87.7386619
71682,Gas N Wash,"SR 83, SR 50, I-294",Alsip,IL,365,3.499,41.6689223,-87.7386619
71682,Gas N Wash,"SR 83, SR 50, I-294",Alsip,IL,365,3.299,41.6689223,-87.7386619
71683,GAS N WASH,US HWY 6,Joliet,IL,365,3.799,41.5648514,-88.2733937
71685,ON THE ROAD 110,US-59,Diboll,TX,618,3.199,31.1871319,-94.7810412
71686,Allsups #2391,I-20 Exit 269,Merkel,TX,575,2.87566666,32.4685880,-100.0143470
71687,ALLSUPS #2386,I-20 EXIT 216,Colorado City,TX,612,2.94233333,32.3930337,-100.8635100
71688,KWIK TRIP #1151,"I-90, EXIT 183 & CR-BT",Beloit,WI,420,3.374,42.6235015,-88.6661443
71689,KWIK TRIP #1108,"I-41/US-45, EXIT 52 & SR-164",Colgate,WI,444,3.24733333,43.1928301,-88.2067737
71691,ALLSUPS #2399,US-287 & SR-207,Claude,TX,585,2.929,35.1081103,-101.3627410
71692,GXP #200,"I-85/SR-403, EXIT 140 & SR-82",Jefferson,GA,16,3.239,33.0380388,-82.4361410
71694,J&H Family Store,"I-96, Exit 19",Coopersville,MI,456,3.599,43.0639112,-85.9347667
71694,J&H Family Store,"I-96, Exit 19",Coopersville,MI,456,3.499,43.0639112,-85.9347667
71695,KWIK TRIP #1126,US-14/US-61,La Crosse,WI,444,3.384,43.8519485,-91.2243558
71696,SUPER SAVE #10,I-220 EXIT 1A,Shreveport,LA,745,3.199,32.5135356,-93.7477839
71697,LOVES TRAVEL STOP #829,I-80 EXIT 81,Brookville,PA,14,4.019,41.1604348,-79.0794702
71698,Kwik Star #1142,hwy 6,Iowa City                               ,IA,380,3.134,41.6427560,-91.5255435
71699,KWIK TRIP #597,"I-94, EXIT 344 & SR-31",Kenosha,WI,444,3.744,42.5891790,-87.8833400
71700,ARCO,US-19/US-98/US-27Alt & CR-30A,Perry                                   ,FL,75,3.699,30.1174351,-83.5818147
71701,CIRCLE K #2746510,SR 32,De Pere,WI,360,3.349,44.4493584,-88.0599986
71702,SHOP AND SAVE,US-220 & CR-734,Ridgeway                                ,VA,65,3.909,36.5768047,-79.8583721
71704,QUIKTRIP #962,"I-30, Exit 61A",Garland,TX,630,2.89733333,32.8443605,-96.5958764
71705,STRIPES #41980,"I-37, EXIT 11A",Corpus Christi,TX,625,3.199,27.6182180,-97.2210072
71706,QUIKTRIP #1176,I-77Exit 2,West Columbia,SC,135,3.309,33.9918690,-81.0640341
71707,QUARLES #4437,US HWY 30,Lancaster,PA,208,3.999,40.0379958,-76.3056707
71708,QUARLES #4936,I-95 Exit 69,Richmond,VA,180,3.699,37.5744378,-77.4666125
71709,MAPCO EXPRESS #7553,SR 153 EXIT 2,Chattanooga,TN,285,2.994,35.1293364,-85.2831448
71710,KWIK STAR #1180,SR-141,Perry,IA,320,3.06066666,41.8386547,-94.1066411
71712,MAVERIK COUNTRY STORE #693,"I-70, Exit 160 & hwy 191",Green River,UT,810,3.28233333,40.3978520,-109.2811867
71713,Pilot #1383,"I-555, Exit 39",Jonesboro,AR,435,3.489,35.8051462,-90.6254983
71713,Pilot Dealer #1383,"I-555, Exit 39",Jonesboro,AR,435,3.439,35.8348088,-90.7045297
71714,RACETRAC #2576,SR-997 & SR-994,Miami,FL,95,3.28733333,25.6260654,-80.3980389
71715,Allsups Convenience Store #2401,US-87,San Angelo,TX,612,3.19566666,31.4649685,-100.4405094
71716,Allsups #2404,US-62,Carlsbad,NM,593,3.194,32.4257456,-104.2376120
71717,Kwik Trip #1199,US-14 ,Darien                                  ,WI,345,3.199,42.6232749,-88.6664433
71718,KWIK STAR #1158,US-30,Ames,IA,320,3.174,42.0088410,-93.5874081
71719,LOVES TRAVEL STOP #832,"I-35, EXIT 129 ",Forest Lake,MN,515,3.36233333,45.2791060,-92.9851629
71721,HUCKS FOOD & FUEL #314,US-50/150,Washington,IN,510,3.46233333,38.5612578,-86.1179768
71722,MAVERIK #5392,FM-16,Keenesburg,CO,800,3.154,40.1081705,-104.5197010
71723,ALLSUPS CONVENIENCE #2398,SR-70,Pampa,TX,585,3.079,35.5362970,-100.9601552
71724,ALLSUPS CONVENIENCE #2403,US-180,Mineral Wells,TX,630,3.00566666,32.8084605,-98.1128223
71725,Allsups Convenience Store #2406,US-67,Rankin,TX,710,3.499,31.2248015,-101.9414720
71726,Kwik Trip #1152,US HWY 169,Saint Peter,MN,425,3.724,44.3147601,-93.9636354
71735,Loves Travel Stop #811,US-395,Pasco,WA,925,4.589,46.2306739,-119.0921000
71735,Love's #811,US-395,Pasco,WA,925,4.589,46.2642938,-119.0821517
71736,Racetrac #2312,US-41/SR-92,Acworth,GA,18,3.209,34.0742247,-84.6773920
71737,RACETRAC #2605,"I-295, EXIT 25",Jacksonville,FL,75,3.249,30.1561189,-81.5309328
71738,KWIK TRIP #1196,"US-151, EXIT 21 ",Platteville                             ,WI,335,3.514,42.7325499,-90.4383731
71739,TA EXPRESS #418,"I-16/SR-404, EXIT 116 & US-301/25",Register,GA,135,3.28566666,32.3671237,-81.8840039
71740,SPRINT FOODS #735,US-78/US-1 & SR-19,Aiken,SC,135,3.17233333,33.4925283,-81.9709895
71741,SPRINT FOOD STORE #733,"I-20, EXIT 183 & US-221",Harlem,GA,135,3.599,33.4145834,-82.3126237
71769, DUCK THRU FOOD STORE #60,US HWY 64,Spring Hope,NC,205,3.469,35.9451536,-78.1119345
71770,ONVO TRAVEL PLAZA,"I-81, Exit 155",Mountain Top,PA,200,3.58733333,41.1423516,-75.8936803
71771,BREAK TIME #3170,SR-13 & HWY-T,Bolivar,MO,535,3.374,37.6110502,-93.4107968
71772,Kwik Trip #1137,US-8,Saint Croix Falls                       ,WI,451,3.524,44.8724127,-92.6211052
71773,KWIK STAR #710,US-30 EXIT-202,Toledo,IA,565,3.399,41.9859245,-92.5822948
71774,CASEYS #4292,1020 5TH ST ,Carrollton                              ,IL,574,3.289,39.3022693,-90.4070632
71774,CASEYS #4292,1020 5TH ST ,Carrollton                              ,IL,574,3.239,39.3022693,-90.4070632
71774,CASEYS #4292,1020 5TH ST ,Carrollton                              ,IL,574,3.429,39.3022693,-90.4070632
71775,Caseys #3950,US-270 & US-54,Liberal,KS,525,3.319,37.0430812,-100.9209990
71776,QUIKTRIP #7172,"I-85/US-29, EXIT 58 & SR-169",Opelika,AL,50,2.999,32.6454116,-85.3782795
71779,TCI PHOENIX,"I-10, EXIT 138 & US-202, EXIT 76 ",Phoenix,AZ,930,2.92233333,33.4484367,-112.0741410
71784,7-ELEVEN #41750,I-4 & SR-33,Lakeland,FL,225,3.289,28.0394654,-81.9498042
71785,7-ELEVEN #41266,I-81 & SR-924,Hazleton,PA,200,3.839,40.9548956,-75.9769572
71786,SHEETZ #751,I-76 EXIT 91,Donegal,PA,165,3.259,40.1064232,-79.3758789
71787,PUMP & PANTRY #55,US-159 & US-73,Falls City,NE,486,3.239,40.0608352,-95.6019294
71792,KWIK TRIP #1147,US-71 & SR-60,Windom                                  ,MN,425,3.349,43.8556444,-95.1151414
71793,QUARLES #4602,"SR-267, EXIT 8B & SR-606",Sterling,VA,60,3.659,39.0036850,-77.4083096
71794,KWIK TRIP #1174,US-51 & US-2,Ironwood,MI,334,3.479,46.4639986,-90.1674760
71794,KWIK TRIP #1174,US-51 & US-2,Ironwood,MI,334,3.139,46.4639986,-90.1674760
71794,KWIK TRIP #1174,US-51 & US-2,Ironwood,MI,334,3.459,46.4639986,-90.1674760
71794,KWIK TRIP #1174,US-51 & US-2,Ironwood,MI,334,3.159,46.4639986,-90.1674760
71794,KWIK TRIP #1174,US-51 & US-2,Ironwood,MI,334,3.179,46.4639986,-90.1674760
71795,CIRCLE  K #2654290,I-85 EXIT 13,Lagrange,GA,50,3.899,33.0425470,-84.9835385
71797,KWIK STAR #1186,"I-80/US-6, EXIT 142 & US-65",Altoona,IA,320,3.199,41.6626450,-93.4638467
71798,Space Age #202,"I-5, EXIT 52 ",Castle Rock,WA,935,3.659,46.2739907,-122.9049180
71800,Stuckeys Travel Plaza,"I-44, EXIT 179",Newburg                                 ,MO,535,2.97233333,37.9142075,-91.9026607
71801,Love's Travel Stop #869,US HWY 75,Le Mars,IA,527,3.45566666,42.7660425,-96.2121539
71802,ALLSUPS #2407,I-10 EXIT 259,Fort Stockton,TX,710,3.029,30.8919010,-102.8836620
71803,KENT KWIK #321,I-20 EXIT 143,Midland,TX,710,2.94066666,32.0299387,-101.9879310
71804,GAS N WASH,I-88 EXIT 114,Montgomery,IL,290,3.599,39.2052633,-89.5057126
71805,RACETRAC #2583,I-24E,La Vergne,TN,460,2.899,35.9874011,-86.5487823
71806,RACETRAC #2600,SR-70,Okeechobee,FL,140,3.299,27.4182968,-80.3835754
71807,KWIK TRIP #1270,SR-172,Green Bay,WI,582,3.29066666,44.4849960,-87.9183535
71808,WEIGELS #100,SR 153,Chattanooga,TN,405,3.01566666,35.0457219,-85.3094883
71811,7-ELEVEN #41826,SR-722 & SR-283,Lancaster,PA,70,4.129,40.0379958,-76.3056707
71812,KWIK TRIP #1198,I-43 & Hwy AA,Oostburg,WI,444,3.24233333,43.6235837,-87.7757965
71813,Kweik Star #1156,SR-150 & SR-3,Oelwein,IA,565,3.58233333,42.6778743,-91.9145143
71814,TEX-BEST #531,US-90,Uvalde,TX,740,2.874,29.3003570,-99.7733181
71815,MAVERIK COUNTRY STORE #688,I-15 EXIT 339,Ogden,UT,835,3.38566666,41.2230048,-111.9738429
71816,MAVERIK COUNTRY STORE #694,I-15 EXIT 222,Nephi,UT,835,3.40566666,39.7102336,-111.8363210
71817,KWIK TRIP #1128,US-12,Altoona,WI,295,3.33233333,44.8066620,-91.4475701
71818,TA EXPRESS RIVERTON #433,I-72 EXIT 108,Riverton,IL,318,3.469,39.8421465,-89.5219379
71818,TA EXPRESS RIVERTON #433,I-72 EXIT 108,Riverton,IL,318,3.439,39.8421465,-89.5219379
71818,TA EXPRESS RIVERTON #433,I-72 EXIT 108,Riverton,IL,318,3.409,39.8421465,-89.5219379
71822,DK,SR 176,Lenorah,TX,612,3.53233333,32.3023345,-101.8572092
71823,MARKER 126,US HWY 20,Duncombe,IA,343,3.059,42.4705006,-93.9933550
71824,QuikTrip #4052,US 181 S,San Antonio,TX,740,2.92233333,29.5512026,-98.3553619
71826,KWIK TRIP #1183,US-2,Bessemer                                ,MI,334,3.159,46.4807496,-90.0512745
71826,KWIK TRIP #1183,US-2,Bessemer                                ,MI,334,3.139,46.4807496,-90.0512745
71826,KWIK TRIP #1183,US-2,Bessemer                                ,MI,334,3.179,46.4807496,-90.0512745
71826,KWIK TRIP #1183,US-2,Bessemer                                ,MI,334,3.479,46.4807496,-90.0512745
71826,KWIK TRIP #1183,US-2,Bessemer                                ,MI,334,3.459,46.4807496,-90.0512745
71827,KWIK TRIP #1188,US-12,Cokato,MN,451,3.474,45.0811872,-94.1893759
71828,KWIK TRIP #1209,SR-42,Sturgeon Bay,WI,582,3.58233333,44.8522811,-87.3514811
71829,KWIK TRIP #1043,US-53/SR-194,Duluth,MN,334,3.499,46.7305166,-92.1803521
71830,One9 #1330,"I-40/US-63, EXIT 216 & US-49",Brinkley                                ,AR,695,3.199,34.9124695,-91.1960553
71830,One9 Travel Center #1330,"I-40/US-63, EXIT 216 & US-49",Brinkley                                ,AR,695,3.199,34.9126490,-91.1974448
71831,Loves Travel Stop #865,"I-35, Exit 186",Perry,OK,483,3.389,36.2907352,-97.2883960
71832,SHEETZ #753,SR 3,Seville,OH,249,3.08233333,41.0100770,-81.8622222
71833,Circle K #2706636,US HWY 43,Jackson,AL,715,3.899,34.7765630,-87.6696080
71835,CUZZS TRAVEL DEPOT,US 43 N,Thomasville,AL,715,3.599,31.9134859,-87.7358367
71836,DUCK THRU FOOD STORE #59,US 13 EXIT 119,Greenville,NC,205,3.499,35.6132240,-77.3724593
71837,RUTTERS #86,"US-15, EXIT 17 & SR-26",Frederick,MD,70,3.899,39.4157790,-77.4127562
71838,RUTTERS #24,SR-74 & SR-2069,Brogue                                  ,PA,70,4.099,39.8723546,-76.4846387
71839,RUTTERS #92,US-222 & SR-737,Kutztown,PA,90,3.699,40.5173165,-75.7774177
71840,NEON MARKETPLACE,"SR-79, EXIT 10",Fall River,MA,175,3.949,41.7628728,-71.0954080
71841,Quick Fuel #3193,US-69,Kansas City,KS,400,3.34566666,39.1134562,-94.6264970
71844,HD EXPRESS MART,US 20,Clyde,OH,550,3.379,41.3040468,-82.9750686
71845,ALLSUPS #2424,US 180,Millsap,TX,630,2.984,32.7481864,-98.0092093
71848,CLIFTON SUPER STOP,"I-16, EXIT 104",Metter                                  ,GA,195,3.249,32.3971180,-82.0601196
71849,TOOT N TOTUM #128,I-40 EXIT 57,Amarillo,TX,585,3.089,35.1639301,-101.8491722
71850,CEDAR GROVE OASIS,"I-43, Exit 113",Cedar Grove                             ,WI,444,3.239,43.5720402,-87.8203105
71851,PWI #164,I-35/US-77 & FM-3115,Abbott,TX,765,2.89233333,31.8899301,-97.0870831
71852,KWIK TRIP #1164,US-63,Spooner,WI,295,3.599,45.8080077,-91.9001169
71853,Landmark Travel Center,I-20 EXIT 301,Clyde,TX,575,2.90066666,32.4174507,-99.5271576
71854,EXXON DBA Pilot #1289,US 75 EXIT 72,Denison,TX,630,3.239,33.7556593,-96.5366580
71855,BYRNE DAIRY #136,I-90 Exit 37,Liverpool,NY,220,3.659,43.0874571,-76.1866532
71856,GO TIME #7,"I-75, EXIT 29",Corbin,KY,410,2.999,36.9486986,-84.0968761
71857,QUIKTRIP #1196,"I-20, EXIT 11 & SR-144",Graniteville,SC,135,3.159,33.5637483,-81.8078887
71858,QUIKTRIP #7224,"I-20, EXIT 112",West Monroe,LA,719,2.89233333,32.5184775,-92.1476353
71859,ALLSUPS #2415,SR 6,Meridian,TX,765,2.96566666,31.9247314,-97.6561096
71860,PILOT #1347,"I-59, EXIT 5A",Pearl River                             ,LA,725,3.164,30.3754869,-89.7401708
71862,Loves Travel Stop #863,I-90 & SR-528,Madison,OH,305,3.849,39.8868227,-83.3937233
71864,MPC #30,"I-44, Exit 195",Saint James,MO,540,2.98566666,37.9970626,-91.6139952
71865,RACETRAC #574,"I-30, EXIT 68",Rockwall,TX,630,2.924,32.9064034,-96.4475894
71866,RACETRAC #2615,"I-65, EXIT 128",Louisville,KY,415,2.919,38.2542376,-85.7594070
71867,HOLIDAY STATIONSTORE #2653855,US-12,Aberdeen,SD,530,3.10733333,45.4649805,-98.4878130
71868,RACETRAC #2456,SR-44 & CR-491,Lecanto,FL,140,3.31566666,28.8512842,-82.4887844
71869,PORT FUEL CENTER,"I-516, EXIT 7B & SR-21",Port Wentworth,GA,195,3.18233333,32.1364635,-81.1732333
71870,Circle K #2706479,US-280,Sylacauga,AL,615,3.799,33.1704820,-86.2514099
71871,KWIK TRIP #1133,US-10 & SR-85,Durand,WI,295,3.43066666,42.6967624,-87.8697392
71872,KWIK STAR #1189,"I-80, EXIT 110",De Soto                                 ,IA,320,3.224,41.5318591,-94.0085214
71873,KWIK TRIP #1182,"I-35E, EXIT 123B",Hugo,MN,448,3.37733333,45.1642432,-93.0175013
71874,Rutters #85,I-76 & US-30,Bedford,PA,14,4.099,40.0271453,-78.5237447
71875,LOVES TRAVEL STOP #615,US-59 & US-79,Carthage,TX,618,3.10233333,32.1570412,-94.3381140
71876,LOVES TRAVEL STOP #861,"I-75, EXIT 72 & SR-72",Loudon,TN,285,3.58733333,35.7490023,-84.3202930
71877,LOVES TRAVEL STOP #859,"I-80, EXIT 116 & US-6",Morris,IL,290,3.789,41.3574135,-88.4215234
71878,LOVES TRAVEL STOP #872,SR-78 & CR-27,Lancaster,OH,315,3.27566666,39.7136754,-82.5993294
71879,Gas N Wash Schoolhouse,FM-74,New Lenox,IL,399,3.699,41.5119761,-87.9656098
71883,QUIKTRIP #4178,SR-130,Hutto,TX,595,2.91566666,30.5427638,-97.5468898
71886,QUIKTRIP #7136,US-17,Brunswick,GA,195,3.074,31.1368411,-81.5702945
71887,SHELL,I-80 & SR-63,Greenwood                               ,NE,413,3.399,40.9627910,-96.4403478
71888,KJS ALPINE,US HWY 26,Alpine,WY,825,3.799,43.1636455,-111.0178761
71889,Payson Cardlock,SR 260 & SR 87,Payson,AZ,930,3.709,34.2406479,-111.3230260
71890,Carter Flagstaff Cardlock (Bulk Plant),I-40 Exit 198,Flagstaff,AZ,930,3.689,35.1987522,-111.6518220
71892,Tropic Fleet Bradenton Cardlock,US 301,Bradenton,FL,225,3.499,27.4989278,-82.5748194
71893,Tropic Fleet Rechtien Cardlock,SR-934,Miami,FL,95,3.471,25.7741728,-80.1936200
71894,Majors 663 Nacogdoches Truck Plaza,US-259 & US-59,Nacogdoches,TX,618,3.029,31.5970503,-94.5927451
71897,ONE9 XPRESS FUEL #1349,I-10 EXIT 140B,Van Horn,TX,640,3.459,31.0429718,-104.8316280
71898,Loves Travel Stop #867,I-55 Exit 165,Normal,IL,280,3.389,40.5092961,-88.9843937
71898,Loves Travel Stop #867,I-55 Exit 165,Normal,IL,280,3.489,40.5092961,-88.9843937
71899,LOVES TRAVEL STOP #882,US-61/SR-92 ,Muscatine,IA,270,3.439,41.4776121,-91.1210053
71902,MURPHY EXPRESS #8928,FM-1472,Laredo,TX,693,2.84566666,27.5075005,-99.5069922
71903,ALLSUPS #2412,SR 199 W,Springtown,TX,630,2.919,32.9659566,-97.6836384
71904,SHEETZ #745,I-90 EXIT 212,Madison,OH,305,3.08233333,41.7616798,-81.0483109
71906,COMPASS TRAVEL CENTER,"I-65, EXIT 230",Demotte,IN,365,3.24233333,41.1950369,-87.1986403
71909,RACETRAC #2604,I-75 Exit 126,Mcdonough,GA,67,3.199,33.4252207,-84.1841287
71910,KWIK TRIP #793,"I-35, EXIT 59",Faribault,MN,448,3.424,44.2938010,-93.2888228
71911,MAVERIK COUNTRY STORE #706,SR-10,Castle Dale,UT,835,3.439,39.2121920,-111.0196130
71912,FUEL CITY WYLIE,SR-78,Wylie,TX,630,2.96566666,33.0237006,-96.5186353
71913,Circle K #4702456,I-69,Martinsville,IN,375,3.599,39.5667463,-86.2502932
71914,HUCKS FOOD & Fuel #309,I-169 Exit 8,Hopkinsville,KY,490,3.474,36.8657651,-87.4889532
71916,Spinx 317,US-17 ALT,Moncks Corner,SC,42,3.31233333,33.2042637,-79.9867792
71919,THE SPORTSMAN 2 TRAVEL PLAZA,I-35 EXIT 480,Sanger,TX,630,2.97566666,33.3631706,-97.1739028
71922,Plaza of The Flint Hills,I-70 Exit 32B,Alma,KS,553,3.299,39.0677803,-96.2878738
71923,SHEETZ #740,US-23  & SR-752,Ashville,OH,315,3.10233333,39.7156186,-82.9529584
71924,JIFFY,I-80 Exit 60,Shippenville                            ,PA,240,4.13233333,41.1973297,-79.4258038
71925,QUIKTRIP #7140,"I-24, EXIT 175 & US-41",Chattanooga,TN,285,2.91566666,35.0298238,-85.3622192
71926,QUIKTRIP #186,SR-150,Grandview,MO,400,3.199,38.8574841,-94.5248025
71927,Allsups Convenience #2420,US 283,Altus,OK,770,2.979,34.6381255,-99.3339754
71929,STUCKEYS TRAVEL CENTER,I-10 & FM-365,Beaumont,TX,610,2.824,30.0829344,-94.0984277
71931,QUIKTRIP #7071,I-75 & SR-133/401,Valdosta,GA,10,3.03233333,30.8455878,-83.3334646
71932,MCCLURE OIL #60,US 35,Logansport,IN,370,3.799,40.7542375,-86.3625191
71933,RHODES CONVENIENCE STORES,US-62,Sikeston                                ,MO,275,3.35066666,36.8767190,-89.5878579
71934,SHEETZ #759,I-71 & SR-734,Jeffersonville,OH,315,3.06566666,39.6501031,-83.5435571
71935,SPEEDWAY #1695,I-87 EXIT 23,Albany,NY,12,3.849,42.7540404,-73.7000247
71936,QUIKTRIP #7907,I-44 EXIT 1D,Wichita Falls,TX,770,2.859,33.9276409,-98.5126088
71937,KWIK TRIP #1173,CR-10,Waconia,MN,451,3.60733333,44.8358795,-93.7744090
71941,RACETRAC #2628,I-85 EXIT 62 & US-280,Opelika,AL,50,2.999,32.6454116,-85.3782795
71942,BYRNE DAIRY #135,I-81 & SR-481,Liverpool,NY,220,4.199,43.0874571,-76.1866532
71943,DK #11823,I-20 & FM-1768,Midland,TX,612,2.98233333,32.0339662,-101.9877028
71944,DK #13903,SR-108,Texarkana,AR,635,3.04066666,33.4254259,-94.0430937
71945,DK #13904,I-40 EXIT 233 & SR-261,Palestine,AR,695,3.01566666,34.9854928,-90.9071621
71946,Allsups #102450,US-87,Eden                                    ,TX,739,3.179,31.2161476,-99.8454772
71947,PETRO USA,I-76 EXIT 2 & SR-3,Seville                                 ,OH,305,3.079,41.0100770,-81.8622222
71948,19 AND 75 FILLING STATION,US-75 & SR-19,Ivanhoe                                 ,MN,432,3.394,44.4632290,-96.2473720
71949,24 STORE SHELBY,SR-61,Shelby,OH,249,3.499,40.3491604,-84.1593008
71950,77/36 DUCHESS,I-77 & US-36,Newcomerstown,OH,542,3.299,40.2722923,-81.6059541
71951,7-ELEVEN #39448,I-81 & SR-682,Mount Crawford,VA,185,3.31566666,38.3569983,-78.9242515
71953,ALEX'S TRUCK STOP,US-61,Tunica,MS,435,3.299,34.6398783,-90.3623833
71957,B&M Quickstop,SR-8,Mineral Point                           ,MO,540,3.699,37.9447722,-90.7242964
71958,BELL STORES,I-77 & CR-80,Dover,OH,249,3.399,40.5213381,-81.4741475
71960,BELL STORES #1159,US-30 & CR-144,Wooster,OH,249,3.659,40.7945560,-81.9384183
71961,BELL STORES #54,US-250 & SR-241,Mount Eaton,OH,249,3.499,40.6945024,-81.7031847
71962,BELLSTORES,SR-598,Galion,OH,315,3.499,40.7465351,-82.7995857
71965,CIRCLE K #2709989,US-167 & CR-405,Sheridan,AR,695,3.599,34.3100971,-92.4013484
71966,BLACK DIAMOND TRAVEL CENTER,I-26 & SR-173,Unicoi,TN,405,3.40233333,36.2071926,-82.3517760
71967,BLOC STOP TRAVEL CENTER,US-19 & SR-133,ALBANY,GA,10,3.799,31.5782062,-84.1556809
71968,BLONDIES FOOD AND FUEL,US-90 & SR-69,Grand Ridge                             ,FL,20,3.59066666,30.7187317,-85.0196958
71969,BORDERVIEW GROCERY,US-11 & CR-19,Champlain,NY,39,3.799,44.9787060,-73.4516056
71970,BLUE BIRD 3 EXPRESS,"US-78, EXIT 1",Olive Branch,MS,435,3.199,34.9617605,-89.8295315
71971,BOUND BROOK BP,I-287 Exit 13B & SR-28,Bound Brook                             ,NJ,202,3.249,40.5628081,-74.5310651
71972,BOWMAN,I-81 Exit 1,Williamsport,MD,22,3.83233333,39.5993627,-77.8215298
71973,SHEETZ #703,I-40 & US-70,Garner,NC,177,2.859,35.7248386,-78.5800890
71975,BP,I-81 & SR-177,Christiansburg,VA,185,3.799,37.1744343,-80.4201611
71976,Loves Travel Stop #828,"I-295, EXIT 33",Jacksonville,FL,75,3.28233333,30.3321838,-81.6556510
71977,BP,SR-47,Sugar Grove                             ,IL,296,3.599,41.7616204,-88.4439261
71978,BP,I-29 & US-34,Pacific Junction,IA,319,3.399,41.0186897,-95.8003095
71979,KENT KWIK #219,SR-338,Odessa,TX,710,3.00733333,31.9423666,-102.3714580
71980,KENT KWIK #433,US-87,San Angelo,TX,739,3.13233333,31.4878709,-100.4686090
71981,SHEETZ #488,US-13 & US-264,Greenville                              ,NC,205,2.899,35.6562686,-77.3655194
71982,MAVERIK COUNTRY STORE #665,SR-201,Magna,UT,835,3.399,40.7031629,-112.0816480
71983,MAVERIK COUNTRY STORE #702,I-80 Exit 59,Sidney,NE,475,3.11233333,41.1448682,-102.9767382
71984,BP,I-43 & SR-11,Elkhorn,WI,420,3.149,42.6923129,-88.5001140
71985,Brew #12,US-20 & SR-31,Correctionville,IA,527,3.559,42.4749887,-95.7855650
71988,C AND W GLOBAL,SR-429 & SR-438,Winter Garden                           ,FL,140,3.074,28.5656649,-81.5856742
71990,Allsups #2418,US-84,Snyder,TX,612,2.97233333,32.7180803,-100.9182310
71991,TA Express Fairview #943,US 36,Fairview,KS,570,3.299,39.8411110,-95.7280420
71992,7-ELEVEN #41263,US-13,Bridgeville,DE,243,3.399,38.6998970,-75.5898366
71994,7-ELEVEN #42058,SR-572,Lakeland,FL,225,3.48233333,28.0394654,-81.9498042
71995,Chevron,"I-40, EXIT 218 & US-285",Clines Corners                          ,NM,593,3.41566666,35.0090706,-105.6688698
71996,BP,"I-43, EXIT 164 & CR-Z",Maribel,WI,360,3.249,44.2763830,-87.8073129
71997,7-ELEVEN #41287,SR-29,Immokalee,FL,64,3.679,26.4103338,-81.4177278
71999,7-ELEVEN #41813,"I-85, EXIT 60",Duncan,SC,46,3.099,34.8859811,-82.0672610
72000,7-ELEVEN #41309,US-41,Nokomis,FL,225,3.379,27.1192213,-82.4442629
72001,7-Eleven #41963,"I-65, EXIT 98",Goodlettsville,TN,460,3.049,36.3231067,-86.7133302
72003,7-ELEVEN #42012,"I-77, EXIT 24 & US-21",Blythewood,SC,210,3.109,34.2143159,-80.9739770
72004,7-ELEVEN #41578,US-13,Seaford,DE,243,3.359,38.6542493,-75.5935717
72006,CIRCLE K #4707123,SR-2,Canaan,ME,26,3.759,44.7615238,-69.5649504
72008,CASHS #4469,US-278 & US-63,Warren,AR,635,3.499,33.6126086,-92.0645831
72009,CEFCO #1059,SR-274,Kemp,TX,641,2.909,32.4334920,-96.2232980
72011,CEFCO #107,US 190,Lampasas,TX,595,2.899,31.1761363,-98.2405630
72012,CEFCO #108,US-77,Waco,TX,765,2.99233333,31.5348935,-97.1290092
72013,CEFCO #1081,US-59,Queen City,TX,723,3.024,33.1446660,-94.1598158
72014,CEFCO #1086,US-259,Longview,TX,766,2.959,32.4518662,-94.7091471
72015,CEFCO #1096,US-82,Paris,TX,723,2.96566666,33.6300747,-95.5608253
72016,Cefco #11,US-84,Waco,TX,765,2.99566666,31.5491899,-97.1474628
72017,CEFCO #1102,SR-24 & SR-286,Paris,TX,723,2.96566666,33.6302517,-95.5611737
72018,CEFCO #2071,US-377 & FM-381,Early,TX,739,2.92566666,31.7420960,-98.9456052
72019,CEFCO #2081,US-84,Post,TX,700,2.94233333,33.2005358,-101.3828645
72020,CEFCO #2082,SR-206 & SR-36,Cross Plains,TX,575,3.159,32.1262459,-99.1654444
72021,CEFCO #30,US-77 & SR-320,Lott,TX,765,3.011,31.2061063,-97.0326706
72022,CEFCO #65,US-84 & FM-116,Gatesville,TX,765,2.96566666,31.4351645,-97.7439110
72024,CENEX,US-2 ,Stanley                                 ,ND,452,3.58233333,48.3172410,-102.3904520
72025,CENEX,US-2 ,Devils Lake                             ,ND,355,3.24066666,48.1127790,-98.8651200
72026,CENEX,"I-94, EXIT 84 & SR-8",Richardton,ND,273,3.509,46.8838957,-102.3157292
72028,CENEX,US-52 & SR-15,Fessenden                               ,ND,390,3.531,47.6491680,-99.6292890
72029,CENEX,SR-40,Tioga                                   ,ND,452,3.57566666,48.3972440,-102.9382380
72030,CENEX,I-90 & SR-51,Gillette                                ,WY,822,3.489,44.2830601,-105.4948557
72031,CENEX HARWOOD,"I-29/US-81, EXIT 72",Harwood,ND,341,3.359,46.9769381,-96.8810436
72033,CHARLIE BS,SR-246,Greenwood                               ,SC,30,2.987,32.8149511,-80.0445075
72034,CHARLIES MARKET,SR-172,Salt Lake City,UT,835,3.459,40.7596198,-111.8867970
72038,CHEVRON,I-55 & SR-570,McComb                                  ,MS,759,3.28233333,31.2437872,-90.4531536
72039,CHEVRON,SR-20 & SR-65,Hosford,FL,145,3.299,30.3903271,-84.7975438
72041,CHEVRON,SR-20 & SR-71,Blountstown                             ,FL,145,3.299,30.4428288,-85.0401757
72044,Maverik Country Store #709,I-40 Exit 163,Williams,AZ,930,3.219,35.2507000,-112.1884252
72045,MAVERIK COUNTRY STORE #710,US-6,Helper,UT,835,3.44566666,39.6841305,-110.8546050
72046,CHEVRON DBA ONE9 #1429,US-30 & US-95,Fruitland                               ,ID,785,3.349,44.0076639,-116.9165461
72046,CHEVRON,US-30 & US-95,Fruitland                               ,ID,785,3.39233333,44.0076639,-116.9165461
72054,CHEVRON,US-45,Guntown,MS,742,3.299,34.4383273,-88.6758034
72060,CHEVRON FOOD MART #20,US-45 & SR-16,Scooba,MS,705,3.199,32.8290581,-88.4767398
72063,CIRCLE K #2655785,US-301,Upper Marlboro,MD,60,3.999,38.8162451,-76.7517080
72066,CIRCLE K #2741094,SR-46 ,Seguin,TX,740,2.959,29.5824457,-97.9932610
72067,CIRCLE K #2741822,US-90 & FM-471,Castroville,TX,740,2.91233333,29.3545351,-98.8534971
72071,7-Eleven #42182,Ashley Phosphate Rd & Cross Country Rd,North Charleston,SC,42,3.459,32.9738209,-80.0590752
72072,PARKERS #92,SR 17,Guyton,GA,195,2.999,32.3363045,-81.3914992
72073,CIRCLE K #2723791,I-85 & SR-54,Graham,NC,65,3.609,35.3595420,-83.8337785
72074,CIRCLE K #2741566,US-84 & FM-2837,Woodway                                 ,TX,765,2.999,31.5059105,-97.2050856
72075,CITGO SAMS FOOD STORE,"US-5, Exit 87",Hartford                                ,CT,100,3.499,41.7645820,-72.6908547
72077,COLDWATER TRAVEL CENTER,I-55 & SR-306,Coldwater,MS,435,3.099,34.6876150,-89.9771018
72078,STRIPES #42150,"I-69C, Exit 9 & US-281",Edinburg,TX,598,3.00566666,26.3054751,-98.1448495
72080,Corner Store,US-180/62,Seminole,TX,710,3.129,32.7167351,-102.6490967
72081,STRIPES #2146,US-181 & SR-361,Ingleside                               ,TX,625,3.299,27.8766150,-97.2098831
72082,COUNTRYMARK,SR-124,Bluffton                                ,IN,370,3.76566666,40.7386579,-85.1716368
72083,DANDY DANS,US-49/SR-42,Hattiesburg                             ,MS,620,3.06566666,31.3271189,-89.2903392
72084,DANDY MINI MART #60,US-6 & SR-14,Troy,PA,31,3.999,41.7861639,-76.7873891
72086,DELT EXPRESS,SR-52,SAMSON,AL,127,3.699,31.1108931,-86.0476302
72087,DELTA,US-9,Jersey City                             ,NJ,115,3.239,40.7581671,-74.0533267
72089,CASEYS #4567,SR-55,Columbia,KY,410,3.159,37.1028410,-85.3063504
72090,DOMINO #128,US-81 & SR-66,El Reno,OK,483,3.199,35.5321980,-97.9550578
72091,DUCK THRU FOOD STORE #54,US-64,Columbia,NC,470,3.523,35.9176633,-76.2521521
72092,DUCK THRU FOOD STORE #57,SR-42/SR-43,Pinetops,NC,205,3.574,35.7884908,-77.6377521
72096,EXPRESS #29,SR-29,East Dublin                             ,GA,85,3.63233333,32.5482221,-82.8718084
72097,EXPRESSWAY SERVICE STATION,US-287 & SR-25,Electra,TX,770,2.999,34.0320855,-98.9163686
72100,Exxon,"I-22/US-78, Exit 10 &  SR-178",Byhalia                                 ,MS,435,3.199,34.8582805,-89.6892990
72101,EXXON,US-24,Redford                                 ,MI,325,3.699,42.3717753,-83.2761687
72104,LOVES TRAVEL STOP #170,I-44 EXIT 166 & SR-18,CHANDLER,OK,483,3.08733333,35.7032002,-96.8800110
72105,LOVES TRAVEL STOP #171,SR-375 & SR-31,McAlester,OK,560,3.43733333,34.9334981,-95.7697934
72106,Loves Country Store #118,US-77 & SR-29,Wynnewood,OK,569,2.989,34.6434171,-97.1644656
72108,FARMERS UNION OIL OF CARPIO,US-52 & SR-28,Carpio                                  ,ND,452,3.384,48.4425170,-101.7146060
72110,FAST STOP,US-84 & CR-1800,Lubbock,TX,700,2.999,33.5928988,-101.9750622
72111,FAST STOP,"I-40, Exit 81 & FM-1912",Amarillo,TX,585,2.944,35.2009731,-101.8156576
72112,Flyers #3219,US-60,Claypool,AZ,930,3.849,33.4064295,-110.8430678
72113,Food N Fuel,US-6 & CR-4,New Lenox                               ,IL,296,3.399,41.5489569,-87.9665015
72113,Food N Fuel,US-6 & CR-4,New Lenox                               ,IL,296,3.499,41.5489569,-87.9665015
72114,Gas  House,"I-77, Exit 49B",Statesville,NC,46,3.424,35.7826363,-80.8872959
72115,FRIENDSHIP FOOD & FUEL,SR-15 & CR-244,Ecru                                    ,MS,576,3.799,34.3531595,-89.0231192
72116,FRIENDSHIP FOOD MART #90,I-90 & SR-57,Elyria,OH,305,3.779,41.3673191,-82.1073583
72118,GAS N WASH,I-355 & SR-7,HOMER GLEN,IL,296,3.599,41.5991964,-88.0062164
72118,GAS N WASH,I-355 & SR-7,HOMER GLEN,IL,296,3.599,41.5991964,-88.0062164
72118,GAS N WASH,I-355 & SR-7,HOMER GLEN,IL,296,3.599,41.5991964,-88.0062164
72118,GAS N WASH,I-355 & SR-7,HOMER GLEN,IL,296,3.599,41.5991964,-88.0062164
72118,GAS N WASH,I-355 & SR-7,HOMER GLEN,IL,296,3.599,41.5991964,-88.0062164
72118,GAS N WASH,I-355 & SR-7,HOMER GLEN,IL,296,3.599,41.5991964,-88.0062164
72119,Gas N Wash Cicero,SR-50,Berwyn,IL,291,3.599,41.8505874,-87.7936685
72119,Gas N Wash Cicero,SR-50,Berwyn,IL,291,3.569,41.8505874,-87.7936685
72120,GAS PRO TRAVEL CENTER,US-301/25,Statesboro,GA,195,3.129,32.4490141,-81.7832912
72122,KWIK TRIP #1115,US-63 & US-8,Turtle Lake,WI,295,3.65566666,45.3944228,-92.1622316
72124,GET GO #3016,I-376 & SR-18,Monaca,PA,96,5.499,40.6872885,-80.2714505
72125,GETGO #7520,I-65 & US-31,Edinburgh,IN,375,3.359,39.3542176,-85.9666577
72126,GETGO #7526,I-69 & SR-332,Yorktown,IN,457,3.343,40.1736547,-85.4941396
72128,GETGO #7545,I-65 & SR-400,Whitestown,IN,375,3.30233333,39.9972626,-86.3458296
72130,GILBERTS SHELL,SR-72 & CR-59,Gilberts,IL,290,3.279,42.1034365,-88.3745145
72132,GO TIME 4,I-64 Exit 94 & SR-1958,Winchester,KY,410,2.90733333,37.9900790,-84.1796503
72134,Gulf,US-422 & SR-528/168,Parkman,OH,573,3.649,41.3708417,-81.0630214
72136,HANA TRAVEL CENTER,"I-30, EXIT 153 & SR-185",Winfield,TX,723,3.079,33.1675509,-95.1118483
72139,HOLMES EXPRESS,US-78 & SR-175,Memphis,TN,435,3.399,35.1460249,-90.0517638
72142,CASEYS #3990,"I-90E, exit 96 and SR-17",Elkhart,IN,465,3.629,41.6012796,-85.8590603
72143,Caseys #4023,US 36 & US 183,Phillipsburg                            ,KS,357,3.29233333,39.7561210,-99.3239850
72144,HUCKS FOOD & FUEL #397,US-68 & SR-432,Bowling Green,KY,487,3.499,36.9903199,-86.4436018
72145,JP ZEBULON,US-19,Zebulon,GA,67,3.135,33.1023454,-84.3426997
72146,HUTTER'S,SR-72,Jonestown                               ,PA,70,3.719,41.1264315,-76.3070273
72148,IRON HORSE TRAVEL CENTER,I-20 EXIT 270 & FM-1235,Merkel,TX,575,2.87566666,32.4679687,-99.9896039
72149,IVOR MART,US-460,Hopewell,VA,180,3.699,37.3043154,-77.2872001
72150,J AND R MARKET,SR-105 & SR-326,Sour Lake                               ,TX,610,3.159,30.1402122,-94.4110239
72153,Jet Food Store,SR-15 & SR-46,Soperton,GA,85,3.41566666,32.3771182,-82.5923554
72154,JET FOOD STORE #93,US-280 & SR-135,Vidalia,GA,195,3.43233333,32.2176855,-82.4134614
72155,JIFFY TRIP #142,US-77,Newkirk                                 ,OK,500,3.059,36.8754025,-97.0562918
72156,JORDANS KWIK STOP #5,US-412,Portia,AR,418,3.37566666,36.0864591,-91.0673461
72157,JORDANS KWIK STOP #52,US-67 & SR-304,Pocahontas,AR,418,3.31233333,36.2612154,-90.9711021
72160,KENJO MARKET #52,US-321,Maryville,TN,405,3.249,35.7564719,-83.9704593
72162,Krazy K's,US-45,Buckatunna                              ,MS,620,3.149,31.5390530,-88.5289155
72163,KWIK FILL,US-206,Hillsborough,NJ,115,3.399,40.5052296,-74.6732941
72170,STRIPES # 41977,"I-2, EXIT 168",La Feria,TX,639,3.219,26.1664675,-97.8237436
72171,LAWTEY SHELL SERVICE,US-301 ,Lawtey                                  ,FL,75,3.599,30.0441284,-82.0717733
72175,ALLSUPS #2410,"I-35/US-77, EXIT 368 & SR-22",Whitney,TX,765,2.96566666,31.9518230,-97.3214012
72180,LITTLEFIELD EXPRESS #4,I-40 Exit 321,Muldrow                                 ,OK,645,3.419,35.4062034,-94.5988306
72181,LITTLEFIELD EXPRESS #7,US-167,Cave City,AR,418,3.349,35.9469741,-91.5511429
72182,LULING MINI MART,I-10 Exit 628 & SR-80,Luling                                  ,TX,595,2.96566666,29.6803140,-97.6473265
72184,MACS 33,US-49,Florence,MS,620,2.899,32.1534836,-90.1311971
72185,Circle K #2709332,US-231/SR-53,Montgomery,AL,720,3.259,32.3794542,-86.3044315
72188,MARATHON,US-61 & SR-637,Reserve,LA,623,3.749,30.0823981,-90.5585162
72189,MARATHON,I-75 & CR-20,Middletown,OH,317,3.21566666,39.5166440,-84.4041725
72190,Minuteman Food Mart #37,US-74,Leland,NC,245,3.389,34.2364340,-78.0040029
72191,MARATHON RIVERSIDE GAS,I-80 & CR-6,Elkhart,IN,465,3.499,41.6012796,-85.8590603
72192,MASSEY FUEL,"I-95, EXIT 30",Bridgeport,CT,100,3.399,41.1792695,-73.1887863
72193,MERRIMAN COUNTRY STORE,SR-1 & CR-3700,Allen                                   ,OK,569,3.099,34.8789766,-96.4125075
72194,Mobil,I-57,Riverdale,IL,365,3.699,41.6333678,-87.6331021
72195,MOBIL,US-46,Columbia,NJ,90,3.079,40.9257935,-75.0941913
72196,MORGAN OIL,US-224 & CR-231,Lowellville,OH,573,3.399,41.0359418,-80.5362257
72197,MOTOMART #3369,SR-370 E,Saint Charles                           ,MO,540,3.04233333,38.8103402,-90.4748154
72199,MPC #99A,I-270 Exit 22B,Hazelwood,MO,540,3.059,38.7761446,-90.3715909
72199,ZX,I-270 Exit 22B,Hazelwood,MO,540,3.059,38.7761446,-90.3715909
72200,Swift Mart,I-55/SR-7 & US-51,Grenada                                 ,MS,655,3.36566666,33.7724010,-89.7674875
72201,MUDD CREEK COUNTRY STORE,US-79,Franklin                                ,TX,670,3.194,33.2002659,-95.2231752
72202,MUSTANG MARKET,I-80 Exit 73,Sparks                                  ,NV,966,4.199,39.5404679,-119.7487235
72205,NIC'S,SR-97,Bainbridge,GA,20,3.379,30.9040498,-84.5590607
72206,NORTHLAKE BP,I-294 & US-45,Melrose Park,IL,290,3.699,41.9002990,-87.8569745
72206,NORTHLAKE BP,I-294 & US-45,Melrose Park,IL,290,3.599,41.9002990,-87.8569745
72207,NZT,I-294,Alsip                                   ,IL,365,3.389,41.6689223,-87.7386619
72207,NZT,I-294,Alsip                                   ,IL,365,3.589,41.6689223,-87.7386619
72210,CITGO,US-70,Princeton                               ,NC,205,3.699,35.4659942,-78.1605497
72212,PARKERS #72,US-52 & SR- 402,Moncks Corner,SC,42,3.25566666,33.1960027,-80.0131374
72213,PETRO-CANADA,Hwy 89 & Hwy 400,Cookstown,ON,720,4.09933844,,
72213,PETRO-CANADA,Hwy 89 & Hwy 400,Cookstown,ON,720,3.8132543,,
72213,PETRO-CANADA,Hwy 89 & Hwy 400,Cookstown,ON,720,3.72886824,,
72213,PETRO-CANADA,Hwy 89 & Hwy 400,Cookstown,ON,720,4.00646558,,
72213,PETRO-CANADA,Hwy 89 & Hwy 400,Cookstown,ON,720,3.84875514,,
72213,PETRO-CANADA,Hwy 89 & Hwy 400,Cookstown,ON,720,3.98155204,,
72215,PIT STOP #1,SR-31 & SR-34,Weedsport                               ,NY,220,3.899,43.0486770,-76.5627197
72216,Pit Stop #14,US-20/US-16,Worland,WY,836,3.829,44.0168463,-107.9557720
72217,PIEDMONT PETROLEUM,US-501,Lynchburg,VA,185,3.459,37.3729836,-79.2178827
72219,QUICK FILL,US-78/SR-4,Eastaboga                               ,AL,587,3.099,33.6059367,-86.0213587
72222,RAINY LAKE OIL,CR-332 & CR-24,International Falls,MN,334,3.379,48.6010330,-93.4105904
72224,RAYMOND TRUCK STOP,US-1/US-9,Newark,NJ,115,3.259,40.7356570,-74.1723667
72225,SHEETZ #144,US-220 & SR-55,Moorefield,WV,60,3.289,39.0771465,-78.9661311
72226,REBEL GAS MART,SR-7,Oxford,MS,435,3.049,34.3663773,-89.5187664
72227,RED BANKS VALERO,I-22 & SR-178,Red Banks,MS,435,2.999,34.8281516,-89.5645253
72228,REFUEL #1043,US-15,Sumter,SC,42,3.09566666,33.9204354,-80.3414693
72229,REFUEL #1047,US-521,Sumter,SC,42,3.00566666,33.9204354,-80.3414693
72230,REFUEL #1116,US-64,Apex,NC,177,3.799,35.7325352,-78.8505516
72231,RENO JUNCTION TRAVEL PLAZA,SR-59 & SR-387,Wright,WY,822,3.509,43.7512810,-105.4848250
72232,RICKY ROCKETS FUEL,I-294 & US-12,HICKORY HILLS,IL,291,3.999,41.7255879,-87.8250550
72232,RICKY ROCKETS FUEL,I-294 & US-12,HICKORY HILLS,IL,291,3.899,41.7255879,-87.8250550
72233,ROAD RANGER #284,I-27 & FM-1729,New Deal,TX,700,2.98566666,33.7362246,-101.8438928
72235,ROC ONE STOP #1,SR-34,Galatia,IL,473,3.559,37.8406038,-88.6092215
72236,ROYAL FARMS #108,US-13,Cape Charles,VA,130,3.47233333,37.2671674,-76.0176986
72237,ROYAL FARMS #135,SR-404 & SR-16,Denton                                  ,MD,194,3.339,38.8849635,-75.8293246
72238,ROYAL FARMS #169,I-895 & US-40,Baltimore                               ,MD,22,3.259,39.4122733,-76.6473094
72239,ROYAL FARMS #171,US-13 & SR-24,Laurel                                  ,DE,194,3.259,38.5691798,-75.5629723
72240,ROYAL FARMS #191,I-83 Exit 20A,Hunt Valley,MD,22,4.199,39.4890798,-76.6566990
72241,ROYAL FARMS #242,I-95 Exit 27,Philadelphia,PA,160,3.799,39.9527237,-75.1635262
72242,ROYAL FARMS #311,SR-7 & SR-43,Nottingham,MD,22,3.269,39.4144423,-76.4630051
72243,Racetrac #2611,"I-65, EXIT 116",Shepherdsville,KY,415,2.959,37.9885936,-85.7158246
72247,SEVEN MART,I-20 & SR-17,Delhi,LA,719,3.199,32.4576421,-91.4931736
72248,SHELBY EXPRESS,SR-175,Memphis,TN,435,3.699,35.1460249,-90.0517638
72250,RACEWAY #6854,US-278 & SR-113,Rockmart                                ,GA,18,3.17233333,34.0094641,-85.0294263
72251,SHELL,I-94 & US-12,Detroit,MI,325,3.699,42.4454410,-83.1618704
72251,SHELL,I-94 & US-12,Detroit,MI,325,3.899,42.4454410,-83.1618704
72256,SHELL,US-1,Warren                                  ,ME,203,3.999,44.1206200,-69.2406460
72257, DUCK THRU #55,US-13BYP & SR-308,Windsor,NC,205,3.239,35.9984925,-76.9460641
72259,SHELL,SR-72 & SR-25,Dundee,IL,293,3.279,42.0626328,-88.2649931
72260,Duck Thru #58,US-13 & CR-677,Suffolk,VA,130,3.449,36.6857609,-76.7647312
72261,SHELL,US-45 & CR-520,Shannon,MS,742,3.199,34.1162203,-88.7117181
72262,7-ELEVEN #38855,"I-95, exit 58",Colonial Heights,VA,180,3.509,37.2447045,-77.4094475
72263,SPARTAN FUELS,US-80 & SR-22,Columbus,GA,50,3.309,32.5244075,-84.8671064
72264,CIRCLE K #2654249,SR 24 & SR 286,Paris,TX,723,2.959,33.6617962,-95.5555130
72266,SHELL SERVICE STATION,I-65 Exit 14 & US-64,Pulaski                                 ,TN,655,3.209,35.1998023,-87.0308412
72267,SHELL SERVICE STATION,I-90 Exit 52,Elgin                                   ,IL,290,3.279,42.0372600,-88.2810994
72268,SHORT STOP,US-67/283,Santa Anna,TX,575,3.499,31.7412980,-99.3250979
72273,SPINX #341,SR-41,Charleston,SC,42,3.33233333,32.9312162,-79.8197687
72274,SPINX #366,SR-642,Summerville,SC,42,3.279,33.0471302,-80.1094863
72276,STAR 001,US-20 & SR-23,SOUTH BEND,IN,465,3.73233333,41.6833813,-86.2500066
72277,STOP N GAS,SR-15 & SR-39,Yorkshire                               ,NY,38,4.099,42.5236690,-78.4779710
72278,SUN DO,I-74 Exit 197,Maxton                                  ,NC,63,3.439,34.7351615,-79.3489317
72279,AMOCO,US-30,Clarence,IA,380,3.399,41.8881899,-91.0558524
72281,SUNOCO,I-95 Exit 77B & SR-24,Edgewood,MD,22,3.299,39.4527671,-76.3049217
72282,SUNOCO,I-278 Exit 48,Bronx,NY,105,4.539,40.9074702,-73.9036936
72285,CUSSETA TRAVEL CENTER,SR 520,Cusseta,GA,50,3.199,32.3054268,-84.7727027
72287,CASEY'S #4522,US-81,Hennessey,OK,483,3.059,36.1098677,-97.8986570
72288,S&G #88,I-475 Exit 13 & US-20,Toledo,OH,550,3.009,41.6529143,-83.5378173
72289,SUNOCO,SR-12 & FM-1136,Orange,TX,610,2.899,30.1400174,-93.9954682
72290,SUNSTOP,US-19,Thomasville,GA,20,3.28233333,30.8710011,-83.9557474
72291,Union 76,US-129,Mc Alpin,FL,75,3.659,30.1396323,-82.9440642
72292,SUNSTOP #336,SR-121 & CR-18,Lake Butler,FL,75,3.59233333,30.0227391,-82.3395574
72293,SUNSTOP INLAND DBA ONE9 #1402,I-10 & SR-71,Marianna                                ,FL,20,3.299,30.7743596,-85.2268735
72293,ONE9 #1402,I-10 & SR-71,Marianna                                ,FL,20,3.299,30.7743596,-85.2268735
72294,SWANTON SUNOCO,I-89 & SR-78,Swanton                                 ,VT,39,3.539,44.9181593,-73.1242364
72295,SWIFT,US-69,Nederland,TX,610,2.98566666,29.9743803,-93.9923965
72296,SWIFT STOP #5,US-84 & US-380,Post,TX,700,2.943,33.1909246,-101.3806620
72297,T & M FOOD STORE,SR-113,Taylorsville                            ,GA,193,3.367,34.0862938,-84.9878581
72298,TARZAN AND JANE,I-20 & SR-137,Stanton,TX,612,3.299,32.1390812,-101.8070524
72302,TEXACO,SR-114 & SR-156,Pennington,AL,705,3.19733333,32.2070888,-88.0561287
72303,TEXACO #378602,I-59 Exit 85 & SR-590,Ellisville,MS,620,3.199,31.5856188,-89.2407106
72305,THE ANCHOR,US-60 & CR-3500,Mountain View                           ,MO,535,3.03233333,36.9953322,-91.7037550
72308,Racetrac #2609,SR-60,Okeechobee,FL,140,3.299,27.4182968,-80.3835754
72309,Racetrac #2608,"I-59, EXIT 181 & SR-77",Gadsden,AL,587,2.999,34.0128323,-86.0030251
72310,RACETRAC #2387,US-19,Hudson,FL,225,3.31566666,28.3581405,-82.6920050
72313,THOMPSON'S CORNER,US-25,Millen                                  ,GA,135,3.31566666,32.8091608,-81.9490292
72314,THORNTONS #0333,SR-59 & SR-56,Warrenville,IL,346,3.549,41.8151541,-88.2054828
72314,THORNTONS #0333,SR-59 & SR-56,Warrenville,IL,346,3.599,41.8151541,-88.2054828
72315,THORNTONS #221343,US-14 & SR-31,Crystal Lake,IL,293,3.499,42.2150710,-88.2870624
72315,THORNTONS #221343,US-14 & SR-31,Crystal Lake,IL,293,3.449,42.2150710,-88.2870624
72316,THORNTONS #221344,SR-120,Mchenry,IL,297,3.699,42.1543992,-88.2644573
72316,THORNTONS #221344,SR-120,Mchenry,IL,297,3.649,42.1543992,-88.2644573
72317,THORNTONS #261169,SR-1747 & SR-2052,Louisville,KY,415,3.28066666,38.2076242,-85.6693366
72318,THORNTONS #330,I-55 & SR-50,Cicero,IL,290,3.549,41.8479861,-87.7435048
72318,THORNTONS #330,I-55 & SR-50,Cicero,IL,290,3.599,41.8479861,-87.7435048
72319,THORNTONS #5,I-55 & SR-50,Cicero,IL,290,3.599,41.8455398,-87.7540199
72319,THORNTONS #5,I-55 & SR-50,Cicero,IL,290,3.649,41.8455398,-87.7540199
72320,THORNTONS #616,SR-265,Lebanon,TN,460,2.87566666,36.2193344,-86.3378332
72321,Thorntons #617,I-24 Exit 64,La Vergne,TN,460,2.88233333,36.0156178,-86.5819394
72324,TREE CITY TRAVEL PLAZA,US-421,Greensburg,IN,375,3.989,39.3372722,-85.4835810
72325,TREX MART #17,I-29 & SR-371,Platte City,MO,400,2.999,39.3671841,-94.7795799
72326,CIRCLE K #4700101,I-65 Exit 50,Seymour,IN,375,3.499,38.9586256,-85.8491206
72328,Tropic Fleet Hialeah Cardlock,SR-953 & SR-934,Miami                                   ,FL,95,3.479,25.7741728,-80.1936200
72329,TROTTERS,SR-2 ,Broken Bow                              ,NE,475,3.299,41.4018116,-99.6393288
72330,TRUE NORTH #325,SR-57 & SR-113,Elyria,OH,414,3.679,41.3673191,-82.1073583
72331,TUPELO TRAVEL STOP,SR-48 & SR-3,Tupelo,OK,569,2.999,34.6080378,-96.4238033
72332,TXB #82 DBA KWIK CHEK FOOD STORES,US-83,Asherton,TX,693,3.259,28.4464946,-99.7620766
72333,UNITED MARKET,US-84,Blackshear,GA,75,3.76566666,31.3042798,-82.2404922
72335,VALERO,US-30 & SR-598,Galion,OH,411,3.499,40.7592482,-82.7954695
72337,VALLEY COUNTRY STORE,I-84 & US-93,Jerome,ID,787,3.43233333,42.7104724,-114.5170491
72338,VALLEY MART #05,US-90 & SR-173,Hondo                                   ,TX,740,3.199,29.3474121,-99.1412026
72339,VP RACING FUEL,US-231 ,Panama City,FL,145,3.499,30.1586518,-85.6602936
72340,WARREN OIL,US-6,Channahon                               ,IL,399,3.779,41.4294753,-88.2286735
72340,WARREN OIL,US-6,Channahon                               ,IL,399,3.629,41.4294753,-88.2286735
72342,WHITE RIVER,US-231 & SR-58,Bloomfield,IN,546,3.759,39.0269903,-86.9375068
72343,WOLF DEN,US-97,Wapato,WA,925,3.409,46.4484288,-120.4312697
72344,WOW FOOD MART,I-75 & US-25,Richmond,KY,410,3.609,37.7478572,-84.2946539
72345,YAKAMART,US-97,Toppenish                               ,WA,925,3.509,46.3775015,-120.3089380
72346,Y-NOT STOP,US-165 & SR-10,Oakdale,LA,730,3.699,30.8147872,-92.6564081
72347,MARATHON,I-94 Exit 121,Albion,MI,431,3.699,42.2628451,-84.7560326
72348,7-ELEVEN #34718,"I-294, EXIT 25",Hinsdale,IL,290,3.719,41.7831183,-87.9067573
72348,7-ELEVEN #34718,"I-294, EXIT 25",Hinsdale,IL,290,3.739,41.7831183,-87.9067573
72348,7-ELEVEN #34718,"I-294, EXIT 25",Hinsdale,IL,290,3.839,41.7831183,-87.9067573
72349,7-ELEVEN #34713,"I-90, EXIT 24",Belvidere,IL,290,3.739,42.2538553,-88.8315598
72349,7-ELEVEN #34713,"I-90, EXIT 24",Belvidere,IL,290,3.659,42.2538553,-88.8315598
72349,7-ELEVEN #34713,"I-90, EXIT 24",Belvidere,IL,290,3.879,42.2538553,-88.8315598
72350,7-ELEVEN #34709,504 N CREGO RD,Dekalb,IL,290,4.439,41.8903447,-88.7713953
72351,LOVES TRAVEL STOP #874,"I-65, EXIT 175 & SR-25",Lafayette,IN,365,3.67233333,40.4191229,-86.8919011
72352,LOVES TRAVEL STOP #858,"I-49, EXIT 172 & US-84",Mansfield,LA,745,3.24566666,32.0218301,-93.7143492
72360,PUMP & PANTRY #22,SR-91 & SR-11,Burwell,NE,330,3.299,41.7816186,-99.1353198
72361,PUMP & PANTRY #39,I-80 Exit 179 & SR-56G,North Platte,NE,330,3.11566666,41.1238873,-100.7654232
72362,PUMP & PANTRY #18,US-281 & CR-11,Doniphan,NE,330,3.30733333,40.7720422,-98.3709442
72363,PUMP & PANTRY #1,US-30,Grand Island,NE,330,3.30733333,40.9242710,-98.3386850
72368,CHEVRON #352416,I-8 Exit 73,Jacumba,CA,900,6.399,32.6302081,-116.1750008
72372,Eastland Truck Stop,I-20 Exit 340 & SR-6,Eastland                                ,TX,575,2.93233333,32.2978594,-98.8630896
72373,Rusty Lantern,SR-4 ,Turner                                  ,ME,170,3.899,44.2511301,-70.2586039
72374,Rusty Lantern,SR-26 & SR-219,West Paris                              ,ME,170,3.96566666,44.3296359,-70.5547963
72376,SUNOCO,US 84 & SR 39,Donalsonville,GA,20,3.499,31.0406588,-84.8789171
72378,EB SUNOCO,SR-3 & SR-28,Muncie,IN,457,3.799,40.1936892,-85.3865271
72380,EXXPRESS MART #12,US-287 & SR-421,Lumberton                               ,TX,610,2.959,30.2655322,-94.1991444
72382,EXXPRESS MART #4,SR-105,Beaumont,TX,610,3.199,30.0829344,-94.0984277
72385,GAS N WASH,I-57 & SR-17,Kankakee                                ,IL,399,3.599,41.1253903,-87.8486820
72387,Williams Fuel Stop,SR-7 & SR-735,Gallipolis,OH,255,3.54066666,38.8098030,-82.2023691
72389,PILOT #1354,US 385,Odessa,TX,710,3.56566666,31.7794410,-102.3672261
72390,QUIKTRIP #46,US 169 & SR 266,Tulsa,OK,560,3.14233333,36.1292610,-96.0059790
72391,QUIKTRIP #56,US-169 & SR-11,Tulsa,OK,560,3.14233333,36.1292610,-96.0059790
72394,LOVES TRAVEL STOP #871,"I-85, Exit 32",Piedmont,SC,30,3.19733333,34.7105655,-82.4576119
72395,ALLSUPS #2427,US 84,Gatesville,TX,765,3.00733333,31.4351645,-97.7439110
72396,RACETRAC #2624,US-1,Marathon                                ,FL,95,3.23566666,24.7130700,-81.0891281
72400,HAN DEE HUGOS #21,US-17 & SR-87,Winnabow                                ,NC,245,3.41233333,34.1493374,-78.0936046
72402,HAN DEE HUGOS #5,SR-410 & SR-211,Bladenboro                              ,NC,63,3.20566666,34.5386768,-78.7875887
72403,HAN DEE HUGOS #67,US-70,Raleigh                                 ,NC,177,3.999,35.7803977,-78.6390989
72408,JOURNEY FOOD STORE #2,US-301,Callahan,FL,75,3.399,30.5621807,-81.8306621
72410,KELLEYS MARKET,I-90 Exit 15 & US-20 BUS,Rockford                                ,IL,520,3.119,42.2713945,-89.0939660
72410,KELLEYS MARKET,I-90 Exit 15 & US-20 BUS,Rockford                                ,IL,520,2.969,42.2713945,-89.0939660
72412,KELLEYS MARKET,US-20,Cherry Valley,IL,520,3.699,42.2392959,-88.9597115
72413,TROPIC OIL COMPANY,SR-17,Lake Wales,FL,140,3.499,27.9014133,-81.5859099
72418,SHELL,SR-953,Miami                                   ,FL,95,3.479,25.7665014,-80.2009524
72419,Denver 39th Ave Cardlock,I-70/US-36 EXIT-281,Denver,CO,800,3.49066666,39.7392364,-104.9848620
72420,MAVERIK COUNTRY STORE #620,SR-8,Saint George,UT,791,3.46233333,,
72424,MIDDLESEX FOOD STORE,CR-604,Carteret                                ,NJ,79,3.51566666,40.5773266,-74.2282005
72425,MINUTEMAN FOOD MART #18,SR-87,Tar Heel                                ,NC,63,4.619,34.7331708,-78.7904075
72428,QUIKTRIP #7249,US 80 E,Flowood,MS,705,2.91566666,32.2791548,-90.1568648
72429,PARKERS #16 (DISCOUNT AVAILABLE),SR-21,Port Wentworth                          ,GA,195,3.10566666,32.1490920,-81.1631681
72430,PATRIOT FUELING CENTER,SR-9,Lineville,AL,587,3.299,33.3106696,-85.7544051
72432,Yesway #1203,SR-6,Clifton,TX,765,2.969,31.7886263,-97.5810299
72433,RENFROE STORE,SR-25,Carthage,MS,705,4.099,32.7326356,-89.5361825
72435,Cedar City Cardlock (Bulk Plant),"I-15, EXIT 59",Cedar City                              ,UT,791,3.459,37.6774238,-113.0618270
72436,Ricky Rockets,SR-390 &SR-53,Itasca,IL,297,3.559,41.9751722,-88.0067509
72436,Ricky Rockets,SR-390 &SR-53,Itasca,IL,297,3.399,41.9751722,-88.0067509
72436,Ricky Rockets,SR-390 &SR-53,Itasca,IL,297,3.499,41.9751722,-88.0067509
72436,Ricky Rockets,SR-390 &SR-53,Itasca,IL,297,3.579,41.9751722,-88.0067509
72437,Tropic Oil,US-191,Moab                                    ,UT,810,4.169,38.5738096,-109.5462140
72438,QUIKTRIP #7208,I-290 EXIT 18A,Bellwood,IL,290,3.079,41.8726948,-87.8637225
72438,QUIKTRIP #7208,I-290 EXIT 18A,Bellwood,IL,290,3.249,41.8726948,-87.8637225
72438,QUIKTRIP #7208,I-290 EXIT 18A,Bellwood,IL,290,3.199,41.8726948,-87.8637225
72438,QUIKTRIP #7208,I-290 EXIT 18A,Bellwood,IL,290,3.279,41.8726948,-87.8637225
72438,QUIKTRIP #7208,I-290 EXIT 18A,Bellwood,IL,290,3.099,41.8726948,-87.8637225
72440,Rutters #84,US-15 & SR-340,Emmitsburg,MD,22,3.91566666,39.7045417,-77.3269307
72441,SHEETZ #165,US-6,Coudersport,PA,240,3.699,41.7680743,-78.0269859
72442,SHEETZ #239,I-70 Exit 57,New Stanton                             ,PA,68,3.28566666,40.2187271,-79.6099572
72443,SHEETZ #553,I-81 Exit 3,Greencastle,PA,70,3.33233333,39.7598941,-77.7282020
72444,SHEETZ #597,I-40 Exit 126,Hickory                                 ,NC,46,2.859,35.7066203,-81.2947961
72445,SHEETZ #639,I-80 Exit 223,Youngstown,OH,573,3.059,41.1035786,-80.6520161
72446,SHEETZ #656,US-219 & US-6,Kane,PA,240,3.699,41.7099762,-78.6936368
72447,SHEETZ #689,I-64 EXIT 197A  & SR-156,Henrico,VA,180,2.949,37.6099115,-77.5200898
72448,SHELL SERVICE STATION,SR-55,Morrison,TN,285,3.499,35.6028510,-85.9197071
72456,SPINX #161,I-85 Exit 60 & SR-101,Greer,SC,210,3.159,34.8963856,-82.1628903
72458,7-ELEVEN #41335,SR-80 & SR-29,Labelle,FL,225,3.599,26.7620454,-81.4353781
72459,7-ELEVEN #34154,I-75 Exit 128,Fort Myers,FL,225,3.299,26.6121717,-81.7845609
72462,Story Belgrade Cardlock,"I-90, EXIT 298",Belgrade,MT,786,3.699,45.7732790,-111.1845350
72466,Holbrook Cardlock,I-40 EXIT 285,Holbrook                                ,AZ,930,3.23233333,34.9037105,-110.1593261
72467,SUNOCO SERVICE STATION,I-81 Exit 44 & SR-465,Carlisle                                ,PA,70,3.889,40.2014990,-77.1890783
72468,Springerville Cardlock,US-191,Springerville,AZ,930,3.259,34.1340599,-109.2860080
72471,THORNTONS #221335,I-55 Exit 263,Bolingbrook,IL,296,3.699,41.7003302,-88.0717708
72471,THORNTONS #221335,I-55 Exit 263,Bolingbrook,IL,296,3.649,41.7003302,-88.0717708
72473,Loves Travel Stop #885,US 77,Harlingen,TX,665,3.649,26.1907543,-97.6960599
72475,Express 24,SR-77 & US-60,Show Low                                ,AZ,930,3.299,34.2542084,-110.0298320
72476,Mandan Cardlock (Bulk Plant),"I-94, EXIT 153",Mandan                                  ,ND,273,3.599,46.8264150,-100.8897040
72477,Racetrac #2618,US-231 & CR-8,Huntsville,AL,615,2.95066666,34.7298470,-86.5859011
72478,Racetrac #2621,SR-53,Huntsville,AL,615,3.099,34.7298470,-86.5859011
72479,CEFCO #2086,US 180 & 84,Snyder,TX,700,2.96566666,32.7052111,-100.8704348
72480,TA Mt Vernon,I-44,Mount Vernon,MO,535,3.404,37.0949994,-93.8061547
72481,CASEYS #4323,SR-57 & SR-60,Wanamingo                               ,MN,451,3.499,44.3043907,-92.7906122
72482,RUTTERS FARM STORE #80,SR 61,Orwigsburg,PA,208,3.859,40.6548566,-76.1007318
72483,Circle K #4700047,I-65 Exit 34A,Austin,IN,415,3.799,38.7415940,-85.8138297
72485,ALLSUPS CONVENIENCE STORE #2160,US 70,Roswell,NM,593,3.25566666,33.3943282,-104.5229518
72486,QUIKTRIP #4216,"I-70 & SR-79, EXIT 304",Bennett,CO,800,3.199,39.7409790,-104.4324151
72487,PILOT #1380,I-2 EXIT 161,Mercedes,TX,639,3.659,26.1497977,-97.9136112
72488,MAVERIK COUNTRY STORE #657,I-15 Exit 10,Washington,UT,910,3.42566666,37.2393471,-113.5257760
72489,CASEYS #3987,LINCOLN HWY,Wanatah,IN,465,3.71566666,41.4305964,-86.8983580
72490,ASAP GENERAL STORE #322,US-281,Hinton,OK,483,3.13233333,35.4715518,-98.3556589
72492,CIRCLE K #2709098,US 85,Greeley,CO,800,3.21066666,40.4233142,-104.7091322
72493,Chiricahua Apache Plaza,I-10 EXIT 102,Deming,NM,640,3.03733333,32.2627416,-107.7581979
72494,7-ELEVEN #42132,"I-35, EXIT 131",Lytle,TX,740,3.599,29.2330215,-98.7978730
72495,ROAD RANGER #286,1-40 EXIT 77,Amarillo,TX,585,2.97233333,35.1944499,-101.7079027
72496,ROAD RANGER #289,I-45 EXIT 189,Teague,TX,765,3.39566666,31.6271145,-96.2838621
72497,ROAD RANGER #290,"I-44, Exit 13",Joplin,MO,277,3.21233333,37.0841838,-94.5133385
72498,SHEETZ  #760,"I-71, EXIT 140 Township Rd 256",Marengo,OH,315,3.06566666,40.4008945,-82.8107329
72499,Bowie Travel Center,I-10,Bowie,AZ,980,3.099,32.3262613,-109.4870141
72499,One9 dba Bowie Travel Center,I-10,Bowie,AZ,980,3.059,32.3262613,-109.4870141
72499,Bowie Travel Center Chevron dba One9 #1411,I-10,Bowie,AZ,980,3.014,32.3262613,-109.4870141
72500,GAS N WASH,US 34,Plano,IL,290,3.499,41.6611071,-88.4888874
72500,GAS N WASH,US 34,Plano,IL,290,3.599,41.6611071,-88.4888874
72501,QUIKTRIP #7203,"I-80, EXIT 75 &SR-251",Peru,IL,520,2.969,41.3272919,-89.1287636
72501,QUIKTRIP #7203,"I-80, EXIT 75 &SR-251",Peru,IL,520,3.249,41.3272919,-89.1287636
72501,QUIKTRIP #7203,"I-80, EXIT 75 &SR-251",Peru,IL,520,2.999,41.3272919,-89.1287636
72501,QUIKTRIP #7203,"I-80, EXIT 75 &SR-251",Peru,IL,520,3.099,41.3272919,-89.1287636
72501,QUIKTRIP #7203,"I-80, EXIT 75 &SR-251",Peru,IL,520,3.159,41.3272919,-89.1287636
72502,QUIKTRIP #7133,"I-95, EXIT 190 & SR-34",Dillon,SC,63,3.08233333,34.4014089,-79.3864339
72503,QUIKTRIP #7151,I-55/40 EXIT 278 & SR-191,West Memphis,AR,435,2.999,35.1626000,-90.1746987
72505,CASEYS #4379,I-59 HWY,Worthington,MN,530,3.14233333,43.6205056,-95.5956434
72506,CASEYS #4273,SR-56,Madison,IN,375,3.699,40.1624531,-85.7260804
72507,Golden Gate Fillmore,SR 99,Fillmore,UT,791,3.29733333,38.9688118,-112.3235870
72510,STUCK FLEET FUELING,US-19,Waynesburg,PA,165,4.499,39.8964641,-80.1792299
72514,Petro-Card 24 #910722,SR-6,Trenton                                 ,MO,276,3.149,40.0789018,-93.6166074
72515,PETRO-CARD 24 #910520,US-54BUS,Mexico                                  ,MO,310,3.229,39.1697626,-91.8829484
72519,CIRCLE K #2723050,SR-59,Hope Mills,NC,205,2.909,34.9419169,-78.9254065
72520,PETRO-CARD 24 #910160,US-50,Warrensburg                             ,MO,400,3.299,38.7624373,-93.7409596
72521,PETRO-CARD 24 #910410,I-44/US-66,Lebanon                                 ,MO,535,3.099,37.6806669,-92.6637835
72522,MFA #910591,US-63 ,La Plata,MO,494,3.339,40.0233687,-92.4915779
72523,Petro-Card 24 #910820,US-60BUS,Willow Springs                          ,MO,535,3.399,36.9922768,-91.9698742
72524,QuickChek #189,US-46,Ridgefield,NJ,115,3.25233333,40.8451522,-74.0093738
72526,PETRO-CARD 24 #911251,US-169,King City                               ,MO,567,3.299,40.0513843,-94.5241250
72528,MFA #910260,SR-87/240,Glasgow                                 ,MO,310,3.3965,39.2235238,-92.8477311
72529,PETRO-CARD 24 #910530,US-24,Moberly                                 ,MO,310,3.419,39.4201137,-92.4364298
72530,PETRO-CARD 24 #910140,US-50 BUS,California                              ,MO,392,3.459,38.6286830,-92.5659635
72531,PETRO-CARD 24 #910040,US-60 BUS,Aurora,MO,416,3.209,36.9724863,-93.7211623
72533,Fuel 4,US-9,Jersey City,NJ,115,3.239,40.7546940,-74.0555750
72534,Petro-Card 24 #911290,US-59,Mound City                              ,MO,567,3.149,40.1311066,-95.2316428
72535,MFA #911310,SR-5,Centerville                             ,IA,489,3.12566666,40.7344306,-92.8742102
72536,MFA 910281,SR-5 ,Milan,MO,276,3.299,40.2023460,-93.1252670
72537,PETRO-CARD 24 #910210,SR-7,Clinton                                 ,MO,400,3.399,39.5975986,-94.4184896
72538,Petro-Card 24 #910670,SR-51,Qulin                                   ,MO,275,3.199,36.5958908,-90.2473247
72540,MFA #910441,US-54,Louisiana                               ,MO,494,3.049,39.4492151,-91.0465742
72541,MFA 911021,US-136 ,Tarkio                                  ,MO,567,3.329,40.4402763,-95.3777586
72542,MFA #910731,SR-15,Shelbina                                ,MO,494,2.999,39.6939275,-92.0429502
72543,PETRO CARD 24,SR-18,Clinton                                 ,MO,400,3.399,39.5975986,-94.4184896
72544,BJS NEW UNDERWOOD,CR-1416,New Underwood,SD,506,3.699,44.0933200,-102.8362820
72546,MFA OIL #2028,SR-53,Poplar Bluff                            ,MO,275,3.23233333,36.7563166,-90.3944869
72548,GASQUATCH,US-70/SR-3,Idabel,OK,723,3.10733333,33.8956647,-94.8263281
72550,TERRIBLE HERBST #388,I-15 Exit 91,Moapa,NV,910,3.549,36.7529500,-114.6486140
72551,Good 2 Go,US-81,Geneva,NE,350,3.36566666,40.5257539,-97.6027667
72552,VALLEYWIDE COUNTRY STORE,I- 86 Exit 40,American Falls,ID,787,3.599,42.7860227,-112.8544370
72553,Friendly Express,I-71 Exit 186 & US-250,Ashland,OH,249,3.199,40.8565576,-82.2510552
72554,CEFCO #422,SR-4,Baker,FL,127,3.299,30.3143459,-82.2847163
72556,STARMART,US-183,Goldthwaite,TX,765,3.099,31.4508098,-98.5700170
72557,LITTLE NECK SHELL,I-16 Exit 152,Bloomingdale,GA,195,3.099,32.1324249,-81.2990018
72558,Circle K #4703975,SR-109 & US-70,Lebanon,TN,460,2.87233333,36.2143221,-86.3228551
72559,SUN TRAVEL CENTER,I-55 EXIT 114A,Canton,MS,760,3.499,32.6126020,-90.0367512
72560,AMOCO,US 131 & US 12,White Pigeon,MI,465,3.559,41.7981056,-85.6433229
72560,AMOCO,US 131 & US 12,White Pigeon,MI,465,3.599,41.7981056,-85.6433229
72561,7-ELEVEN #38638,I-25 Exit 235,Erie,CO,800,3.399,40.0502623,-105.0499810
72562,7-ELEVEN #17703,US HWY 11,Martinsburg,WV,70,3.249,39.4692239,-77.9551062
72563,RACEWAY #6991,I-65 Exit 19 & US-43,Creola,AL,715,2.949,30.8977079,-88.0393466
72565,WEIGEL'S #102,I-75 & SR-30,Athens,TN,405,3.34733333,35.4428864,-84.5930113
72566,Loves  Travel Stop #826,I-70 Exit 75,Parachute,CO,800,3.59566666,39.4464230,-108.0522672
72567,THE TEXAN #12,US 87,La Vernia,TX,740,3.049,29.3563480,-98.1155633
72569,RACETRAC #204,US-19 & SR-400,Dawsonville                             ,GA,18,3.319,34.4212053,-84.1190804
72570,Lake View Cheese & Liquor,I-43,Belgium,WI,444,3.25566666,43.4997212,-87.8503670
72571,MAVERIK #719,I-82 EXIT 33,Yakima,WA,962,3.909,46.6015570,-120.5108420
72571,MAVERIK #719,I-82 EXIT 33,Yakima,WA,962,3.899,46.6015570,-120.5108420
72571,MAVERIK #719,I-82 EXIT 33,Yakima,WA,962,3.929,46.6015570,-120.5108420
72572,GOOD 2 GO #713/ONE9 #1432,I-76 EXIT 21,Brighton,CO,800,3.269,39.9837210,-104.8110775
72572,GOOD 2 GO #713 DBA ONE9 #1432,I-76 EXIT 21,Brighton,CO,800,3.199,39.9837210,-104.8110775
72574,Loves Travel Stop #831,"I-10 & Fort Grant Rd, Exit 340",Willcox,AZ,980,3.33233333,32.2529138,-109.8315759
72575,Loves Travel Stop #864,US-98,Lucedale,MS,715,3.449,30.9248878,-88.5879421
72576,Pride Travel Center South,"I-291 & SR-5, EXIT 4",South Windsor,CT,100,3.909,41.8352395,-72.5562712
72577,QUIKTRIP #7205,"I-80, EXIT 161",Lansing,IL,365,3.079,41.5804669,-87.5576446
72577,QUIKTRIP #7205,"I-80, EXIT 161",Lansing,IL,365,3.249,41.5804669,-87.5576446
72577,QUIKTRIP #7205,"I-80, EXIT 161",Lansing,IL,365,3.179,41.5804669,-87.5576446
72578,QUIKTRIP #7247,"I-55, EXIT 85",Byram,MS,760,2.91566666,32.1844690,-90.2764625
72579,Raceway #6986,US-378 & CR-467,Sumter,SC,135,2.979,33.9204354,-80.3414693
72580,KWIK TRIP #1267,SR 29,Chippewa Falls,WI,295,3.39233333,44.9214163,-91.3693612
72581,FASTRAC MARKET #500266,I-87 Exit 18,Queensbury,NY,12,3.999,43.3618532,-73.6652451
72582,FASTRAC MARKET #500242,SR-12 & SR-5A,Utica,NY,235,3.999,43.1009031,-75.2326641
72582,FASTRAC MARKET #500242,SR-12 & SR-5A,Utica,NY,235,3.899,43.1009031,-75.2326641
72583,SHEETZ #769,I-80 Exit 232,Bloomsburg,PA,138,3.329,41.0076205,-76.4904864
72584,ONE9 #1359,"I-80, EXIT 30",Sparks,NV,966,3.549,39.5404679,-119.7487235
72585,GAS N WASH GREEN OAKS,"I-94, EXIT 16",Libertyville,IL,290,3.559,42.2830786,-87.9531303
72585,GAS N WASH GREEN OAKS,"I-94, EXIT 16",Libertyville,IL,290,3.599,42.2830786,-87.9531303
72586,Loves Travel Stop #875,"I-49, Exit 15",Opelousas,LA,730,3.08566666,30.5335302,-92.0815090
72587,Allsups Convenience #2416,I-20 EXIT 244 AND HWY 70,Sweetwater,TX,575,2.884,32.4709519,-100.4059380
72588,ALLSUPS CONVENIENCE #2430,US 380,Jacksboro,TX,630,3.044,33.2195301,-98.1642475
72589,ALLSUPS CONVENIENCE #2056,US 287,Memphis,TX,585,2.929,34.7253581,-100.5400970
72590,MAVERIK #716,I-80 & SR-351,Wells,NV,835,3.39233333,41.1028393,-114.9756566
72591,Quiktrip #7173,"I-20, EXIT 156",Pell City,AL,587,2.999,33.5862149,-86.2860888
72592,QUIKTRIP #7191,US-45 & I-57,Effingham,IL,510,3.199,39.1422761,-88.5341664
72592,QUIKTRIP #7191,US-45 & I-57,Effingham,IL,510,2.999,39.1422761,-88.5341664
72594,Quiktrip #7900,I-30 & FM-989,Texarkana,TX,766,2.85733333,33.4557948,-94.1299820
72595,CIRCLE K #2654400,SR-115,Kearneysville,WV,22,3.26566666,39.3881556,-77.8855516
72596,Hucks Food & Fuel #401 dba Pilot #1360,"I-69, EXIT 25",Mayfield,KY,490,3.599,36.7413624,-88.6352595
72597,CIRCLE K #4705697,US 422,Warren,OH,573,3.61233333,39.5637196,-84.2846850
72599,FATDOGS LEXINGTON,US-283,Lexington                               ,NE,475,2.979,40.7788486,-99.7414869
72603,THORNTONS #170,I-465 Exit 46 & US-40,Indianapolis,IN,375,3.599,39.8281039,-86.0451211
72606,PETRO-CARD 24 #910474,US-65,Malta Bend                              ,MO,276,3.439,39.1933879,-93.3630725
72607,TOWN PUMP FOOD STORE #6300,I-90 & US-191,Big Timber,MT,786,3.539,45.8349010,-109.9553110
72608,Petro-Card 24 #910640,US-61,Perryville                              ,MO,275,3.099,37.7275127,-89.8645455
72610,JORDANS KWIK STOP #6,I-55 Exit 48 & SR-140,Osceola,AR,418,3.01233333,35.7050778,-89.9695320
72611,Kwik Trip # 1722,SR 35 & SR 553,Gwinn                                   ,MI,395,3.819,46.2914075,-87.4378008
72612,PETRO-CARD 24 #910411,I-44 & SR-32,Lebanon                                 ,MO,535,3.099,37.6806669,-92.6637835
72614,FAST FUEL FOOD STORES,SR-4,Gassaway                                ,WV,44,3.56566666,38.6732278,-80.7746622
72615,U STOP #4,US-6 ,Lincoln                                 ,NE,413,3.399,40.8088861,-96.7077751
72616,PETRO-CARD 24 #910700,SR-32,Sainte Genevieve                        ,MO,275,3.099,37.8895800,-90.1856637
72619,MARTYVILLE MARATHON,SR-25,Tishomingo,MS,742,3.279,34.7238634,-88.2268403
72620,CENEX,US-2 ,Leeds,ND,452,3.249,48.2888880,-99.4376350
72621,PETRO-CARD 24 #1047,SR-240,Slater                                  ,MO,276,3.459,39.2213138,-93.0613025
72622,Phillips 66,US- 60 & HWY AD,Dexter                                  ,MO,275,3.40233333,36.7932594,-89.9532508
72623,LENNYS FOOD N FUEL,US-6,Joliet,IL,296,3.499,41.5263603,-88.0840212
72623,LENNYS FOOD N FUEL,US-6,Joliet,IL,296,3.299,41.5263603,-88.0840212
72623,LENNYS FOOD N FUEL,US-6,Joliet,IL,296,3.399,41.5263603,-88.0840212
72623,LENNYS FOOD N FUEL,US-6,Joliet,IL,296,3.659,41.5263603,-88.0840212
72625,PETRO-CARD 24,SR-46 & US-71,Maryville                               ,MO,567,3.129,40.3460468,-94.8723858
72626,MFA OIL,SR-18,Lake City                               ,AR,418,3.399,35.8178347,-90.4352475
72628,Gas Pro 6,SR-121 & US-25,Trenton                                 ,SC,135,3.46566666,33.7416558,-81.8423388
72629,MFA #910600,SR-28,Owensville                              ,MO,392,3.299,38.3456023,-91.5015487
72630,PETRO-CARD 24 #910250,US-54 BUS,Fulton                                  ,MO,392,3.299,38.8467082,-91.9479586
72631,THORNTONS #221348,I-355 & SR-7,Homer Glen,IL,296,3.849,41.6000318,-87.9381112
72631,THORNTONS #221348,I-355 & SR-7,Homer Glen,IL,296,3.899,41.6000318,-87.9381112
72631,THORNTONS #221348,I-355 & SR-7,Homer Glen,IL,296,3.899,41.6000318,-87.9381112
72631,THORNTONS #221348,I-355 & SR-7,Homer Glen,IL,296,3.899,41.6000318,-87.9381112
72631,THORNTONS #221348,I-355 & SR-7,Homer Glen,IL,296,3.849,41.6000318,-87.9381112
72631,THORNTONS #221348,I-355 & SR-7,Homer Glen,IL,296,3.899,41.6000318,-87.9381112
72633,Petro-Card 24 #910830,SR-52,Windsor                                 ,MO,400,3.499,38.5322401,-93.5221545
72634,MURPHY USA #7827,US-385 & US-60,Hereford                                ,TX,585,2.829,34.8245521,-102.3987780
72635,GULF,SR-140,Boylston,MA,34,3.839,42.3292035,-71.7239106
72637,AZTEX #104,I-40 Exit 398,Knoxville,TN,405,3.359,35.9603948,-83.9210261
72639,ALLSUPS #2423,US-377 & US-70,Madill,OK,253,2.959,34.0902508,-96.7715618
72640,Kwik Trip # 1721,SR 553 & FM 480,Marquette                               ,MI,395,3.819,46.4481521,-87.6305899
72642,LOVES TRAVEL STOP #857,US-95 & US-6,Tonopah,NV,910,3.71566666,38.1000630,-117.2250609
72643,ONCUE #147,"I-44, EXIT 12",Oklahoma City,OK,483,3.049,35.4625351,-97.6531026
72644,MAVERIK COUNTRY STORE #642,I-25 EXIT 262,Fort Collins,CO,800,3.259,40.5871782,-105.0770113
72645,MAVERIK #723,"I-10, EXIT 240",Marana,AZ,980,3.04566666,32.4255113,-111.1602278
72646,TOOT N TOTUM #131,US 87,Lamesa,TX,710,3.109,32.7357287,-101.9550202
72647,RACEWAY #6972,US-83 & US-43,Demopolis,AL,615,3.07733333,32.5178284,-87.8368201
72648,Loves Travel Stop #873,US 50,Canon City,CO,803,3.509,38.4422506,-105.2348795
72649,Love's Travel Stop #891,US 93,Jackpot,NV,835,3.62733333,41.9821680,-114.6712667
72650,Loves Travel Stop #862,I-35 Exit 65,Cotulla,TX,693,3.589,28.4358692,-99.2350791
72651,QUIKTRIP #7132,"I-16, EXIT 152",Bloomingdale,GA,195,3.03233333,32.1324249,-81.2990018
72652,Quiktrip #4148,I-35 & GRAND AVE PKWY,Pflugerville,TX,595,2.88233333,30.4217646,-97.5854148
72653,Quiktrip #7153,US-78 & EXIT #4,Olive Branch,MS,435,2.91566666,34.9617605,-89.8295315
72655,RACEWAY #6988,US-79 & US-41,Clarksville,TN,460,2.999,36.5277607,-87.3588703
72656,ALLSUPS #2437,HWY 176 & HWY 115,Andrews,TX,710,3.39566666,32.2690953,-102.6042447
72660,RACEWAY #6989,US-157 & COURT ST ,Moulton,AL,615,3.049,34.4817816,-87.2919449
72663,LOC STOP TRAVEL CENTER,US-82,Dawson,GA,10,3.499,34.4077085,-84.1356771
72664,RACETRAC #2606,"I-30, EXIT 32B & SR-181",Grand Prairie,TX,630,2.92566666,32.7553288,-96.9941270
72666,CIRCLE K #2707043,"I-75/SR-401, EXIT 39 & SR-37",Adel,GA,20,2.999,31.1371358,-83.4234936
72667,LOVES TRAVEL STOP #884,"I-30, Exit 46",Prescott,AR,635,3.47566666,33.8026107,-93.3810057
72668,LOVES TRAVEL STOP #350,"I-19, Exit 12",Nogales,AZ,980,3.609,31.3402134,-110.9360810
72669,Quiktrip #356,US-81 & S Victoria RD,Wichita,KS,570,3.194,37.6802023,-97.1705741
72672,7-Eleven #42205,US 79,Hearne,TX,765,3.449,30.8970884,-96.6021836
72674,QUIKTRIP #7190,I-64 EXIT 94,Mount Vernon,IL,540,3.199,38.3172715,-88.9031201
72674,QUIKTRIP #7190,I-64 EXIT 94,Mount Vernon,IL,540,3.099,38.3172715,-88.9031201
72674,QUIKTRIP #7190,I-64 EXIT 94,Mount Vernon,IL,540,3.399,38.3172715,-88.9031201
72675,Maverik Country Store #715,I-80 EXIT 107,Big Springs,NE,475,3.10066666,41.0613810,-102.0743490
72676,KWIK TRIP #1212,"I 90, EXIT 43 ",Worthington,MN,425,3.164,43.6205056,-95.5956434
72677,KWIK TRIP #1256,SR 2 E,Iron Mountain,MI,360,3.279,45.8202330,-88.0659600
72677,KWIK TRIP #1256,SR 2 E,Iron Mountain,MI,360,3.399,45.8202330,-88.0659600
72677,KWIK TRIP #1256,SR 2 E,Iron Mountain,MI,360,3.289,45.8202330,-88.0659600
72678,FLYING J #1056,I-90/ I-80,Edon                                    ,OH,550,3.899,41.5563670,-84.7690441
72679,TEX BEST #532,US-281 & HWY 186,Edinburg,TX,639,3.02066666,26.3013982,-98.1624501
72680,RACEWAY #6990,US-98,Foley,AL,155,3.07566666,30.4065868,-87.6835974
72681,MAVERIK #691,I-76 EXIT 3,Denver,CO,800,3.284,39.7392364,-104.9848620
72682,Maverik #695,I-15 EXIT 276,American Fork,UT,835,3.349,40.3699190,-111.7699062
72683,HUCKS FOOD & FUEL #383,SR-57,Evansville                              ,IN,340,3.759,37.9704950,-87.5715641
72685,CHUBBYS TRAVEL CENTER,"I-35, Exit 127",Natalia,TX,740,2.97233333,29.1888671,-98.8581169
72687,Kwik Trip #1203,US-71 & Airport Rd,Redwood Falls,MN,425,3.349,44.5393721,-95.1164478
72688,SHEETZ #772,I-70 EXIT 59,Springfield,OH,317,3.054,39.8952225,-83.7204750
72689,ROAD RANGER #285,I-10 EXIT 605,Seguin,TX,740,3.11066666,29.5722156,-98.0112162
72690,Noble East Lyme,"I-95, EXIT 75",East Lyme,CT,100,3.759,41.3557754,-72.2107728
72691,KUM & GO #2402,US 60,Springfield,MO,535,3.17566666,37.2120180,-93.3480064
72693,Kum & Go #2404,US 60,Aurora,MO,535,3.119,36.9724863,-93.7211623
72694,7-ELEVEN #42195,I-385 EXIT 23,Fountain Inn,SC,30,3.11566666,34.6785122,-82.2071531
72695,Quiktrip #7906,"I-20, EXIT 617 & US-59",Marshall,TX,766,2.83733333,32.5447756,-94.3661004
72696,QUIKTRIP #1742,"I-475/SR-408, exit 5 & SR-74",Macon,GA,85,3.089,32.7159718,-83.7247729
72698,QUIKTRIP #7242,"I-10, EXIT 31",Gulfport,MS,733,2.91566666,30.3674198,-89.0928155
72699,Quiktrip #7195,"I-355, EXIT 29",Addison,IL,290,3.079,41.9316960,-87.9889556
72699,Quiktrip #7195,"I-355, EXIT 29",Addison,IL,290,3.269,41.9316960,-87.9889556
72699,Quiktrip #7195,"I-355, EXIT 29",Addison,IL,290,3.179,41.9316960,-87.9889556
72700,RACEWAY #6726,"I-30, Exit 172",Thomson,GA,135,3.399,33.4663248,-82.5026089
72701,Loves Travel Stop #887,I-55 EXIT 178,Herculaneum,MO,540,3.15566666,38.2683879,-90.3801201
72702,Loves Travel Stop #854,I-49 EXIT 215,Shreveport,LA,745,2.93733333,32.5135356,-93.7477839
72705,SHEETZ #795,US-460 & CR-629,Disputanta,VA,180,2.98233333,37.1831999,-77.3162250
72706,Sheetz #790,I-77 EXIT 100,Mount Airy,NC,65,2.859,36.4830770,-80.7555191
72707,QUIKTRIP #4299,"I-25, EXIT 158",Monument,CO,796,3.159,39.0916586,-104.8727580
72709,KWIK TRIP #1299,FM 164,Sussex,WI,444,3.28566666,43.1339001,-88.2220372
72710,KWIK STAR #1285,I-229 EXIT 9,Sioux Falls,SD,530,2.95233333,43.5812480,-96.7094958
72711,Kwik Trip #1260,FM 65 ,Roberts,WI,448,3.424,44.9649957,-92.5596126
72713,Kwik Star #1217,FM 11,Sioux Falls,SD,530,2.939,43.5812480,-96.7094958
72714,LOVES TRAVEL STOP  #771,I-85 & SR-18,West Point,GA,720,3.679,32.8772531,-85.1837280
72715,FLYING J TRAVEL PLAZA #1372,"I-40, EXIT 28",Yucca,AZ,910,3.849,34.8726671,-114.1498580
72715,FLYING J #1372,"I-40, EXIT 28",Yucca,AZ,910,3.999,34.8726671,-114.1498580
72716,RACEWAY #7000,US-1 & SR-40,Folkston,GA,75,3.099,30.8305818,-82.0097846
72719,TA EXPRESS LITTLEFIELD,"I-15, EXIT 8",Littlefield,AZ,910,3.679,36.8870187,-113.9397029
72721,Racetrac #2625,SR 72 E & SHIELDS RD,Huntsville,AL,615,2.97733333,34.7298470,-86.5859011
72723,ONE9 #1362,"I-40, EXIT 253",Winslow,AZ,930,3.22566666,35.0169190,-110.7257555
72724,ONE9 #484,I-40 EXIT 146,Ash Fork,AZ,930,3.329,35.2163330,-112.4913858
72725,CASEYS #4481,US 75,Denison,TX,253,2.93566666,33.7556593,-96.5366580
72727,CASEYS #4319,SR-141,Perry,IA,320,3.129,41.8386547,-94.1066411
72728,CASEYS #4304,FM 103 & Belten Dr,Crete,NE,413,3.45733333,40.6281430,-96.9613720
72732,KUM & GO #2212,I-35 EXIT 89,Ankeny,IA,320,3.13233333,41.7168858,-93.6014800
72733,Parker's #94,US-17 N,Georgetown,SC,42,2.989,33.4392245,-79.3343041
72734,7-ELEVEN #41940,I-95,West Haven,CT,100,3.999,41.2887509,-72.9585676
72735,7-Eleven #41376,I-26 Exit 154B,Orangeburg,SC,42,3.22566666,33.4600459,-80.7226606
72736,FRIENDLY GUS STORE #12,I-16 Exit 49,Dublin,GA,85,3.27566666,32.5404447,-82.9037540
72737,Mollys Food and Fuel,"I-20, EXIT 175 & SR-150",Thomson,GA,135,3.499,33.4663248,-82.5026089
72738,BREAK TIME #3172,US-50/US-63,Jefferson City,MO,310,3.33566666,38.5773590,-92.1724265
72739,MAVERIK #712,US 70 & US 54,Alamogordo,NM,640,3.05566666,32.8998822,-105.9602081
72740,Caseys #4303,"I-80, EXIT 257 & US-183",Elm Creek,NE,475,3.03233333,40.7174179,-99.3732957
72741,Caseys #4298,"I-55, EXIT 220 & SR-47",Dwight,IL,368,3.349,41.0944767,-88.4250597
72742,Racetrac #2612,I-675 EXIT 7,Ellenwood,GA,18,3.109,33.6101096,-84.2879780
72743,PEOTONE TRAVEL CENTER,I-57 & SR-25,Peotone,IL,290,3.459,41.3323725,-87.7850863
72743,PEOTONE TRAVEL CENTER,I-57 & SR-25,Peotone,IL,290,3.499,41.3323725,-87.7850863
72745,Loves Travel Stop #870,US-81 Exit 12 & SR-12,Watertown,NY,220,4.149,43.9747838,-75.9107565
72746,PARKERS #103,"I-26, Exit 205A",Ladson,SC,42,3.28233333,32.9857275,-80.1098123
72747,One9 #1358,"I-40,  EXIT 16",Gallup                                  ,NM,580,3.24566666,35.5283506,-108.7439070
72748,HORIZON TRAVEL PLAZA,US-411,Cartersville,GA,193,2.934,34.1652304,-84.7997613
72749,KWIK TRIP #1282,FM 42 & S Duluth Ave,Sturgeon Bay,WI,582,3.50733333,44.8522811,-87.3514811
72750,QUIKTRIP #1943,I-35 EXIT 368 & SR 22,Hillsboro,TX,641,2.919,32.0088867,-97.0979316
72752,QUIKTRIP #7178,I-65 EXIT 13 & SR 158,Saraland,AL,715,2.95733333,30.8011976,-88.1082682
72753,QUIKTRIP #7908,I-40 EXIT 73,Amarillo,TX,585,2.874,35.1935658,-101.7795745
72754,RACETRAC #2495,US 41 & US 19,Griffin,GA,85,3.229,33.2467807,-84.2640904
72755,RACETRAC #2620,I-465 Exit 42,Indianapolis,IN,375,3.159,39.7494128,-86.2260422
72756,Loves Travel Stop #876,I-94 Exit 34A,Michigan City,IN,365,3.789,41.7075394,-86.8950297
72757,Loves Travel Stop #860,I-59 EXIT 1,Picayune,MS,725,3.15566666,30.5254692,-89.6795084
72758,CEFCO #1117,I-20 EXIT 617,Marshall,TX,766,2.83233333,32.5016508,-94.7319686
72759,Allsups Convenience Store #2461,US-87 & SR-137,Lamesa,TX,612,3.099,32.7357287,-101.9550202
72760,RaceWay #6999,US-84 & US-319,Thomasville,GA,20,3.16566666,30.8858842,-83.9176281
72761,RACETRAC #2629,US-72/US-43 & SR-20,Tuscumbia,AL,615,2.999,34.7312005,-87.7025300
72763,FASTRAC MARKET #500270,SR-5/SR-13,Canastota,NY,235,4.349,43.0796720,-75.7510760
72763,FASTRAC MARKET #500270,SR-5/SR-13,Canastota,NY,235,4.449,43.0796720,-75.7510760
72764,CUMBERLAND FARMS #004783,US-5,East Windsor,CT,100,4.049,41.9119846,-72.6129412
72765,FASTRAC MARKET #500203,SR-104 & CR-256,Wolcott,NY,190,3.819,43.2206220,-76.8149580
72765,FASTRAC MARKET #500203,SR-104 & CR-256,Wolcott,NY,190,3.799,43.2206220,-76.8149580
72766,QUIKTRIP #1873,US 287  33.054731932354194,Rhome,TX,630,2.899,33.0534563,-97.4719662
72767,QUIKTRIP #4227,I-25 EXIT 243,Mead,CO,800,3.14733333,40.2333174,-104.9985900
72768,ROAD RANGER #287,I-57 EXIT 318,Bourbonnais,IL,290,3.339,41.2053303,-87.8702661
72768,ROAD RANGER #287,I-57 EXIT 318,Bourbonnais,IL,290,3.379,41.2053303,-87.8702661
72769,TOOT N TOTUM #132,US 84,Lubbock,TX,585,2.97066666,33.5855677,-101.8470215
72770,RACETRAC #2634,I-95 Exit 77 & US-78,Saint George,SC,42,2.999,33.1859958,-80.5756534
72771,RACETRAC #2635,I-85 EXIT 44A,Greenville,SC,30,2.899,34.7947001,-82.4200842
72772,RACEWAY #6998,US-501 & SR-576,Marion,SC,42,3.01566666,34.0572007,-79.3987578
72773,RaceTrac #2626,I-20 Exit 472,Dallas,TX,630,2.864,32.9108341,-96.5321170
72774,STUCKEYS TRAVEL CENTER,I-10 EXIT 451,Orange,TX,610,2.80733333,30.1228634,-93.9041169
72775,CEFCO #2089,I-20 EXIT 288,Abilene,TX,575,2.76566666,32.4464500,-99.7475905
72776,MARATHON,"1-75, Exit 80",Sycamore                                ,GA,85,3.299,31.6816422,-83.6181654
72778,KWIK STAR #1208,US-75,Sioux Center,IA,530,3.199,43.0796879,-96.1756497
72779,KWIK TRIP #1276,"I-90/I-39, EXIT 1 & SR-75",South Beloit,IL,290,3.469,42.4930708,-89.0367764
72779,KWIK TRIP #1276,"I-90/I-39, EXIT 1 & SR-75",South Beloit,IL,290,3.299,42.4930708,-89.0367764
72779,KWIK TRIP #1276,"I-90/I-39, EXIT 1 & SR-75",South Beloit,IL,290,3.449,42.4930708,-89.0367764
72781,SHEETZ #774,I-70 & SR-83,New Concord,OH,430,3.059,39.9820254,-81.7334776
72782,SHEETZ #791,"I-76, Exit 57",North Jackson,OH,573,3.06566666,40.8913443,-81.4203980
72783,SHEETZ #770,I-70 & US-42,London,OH,315,2.999,39.9610192,-83.3703896
72784,Maverik Country Store #724,"I-80/US-30, EXIT 221",Rawlins                                 ,WY,838,3.289,41.7907878,-107.2391760
72785,GAS N WASH,US 30,Crest Hill,IL,290,3.359,41.5547530,-88.0986709
72785,GAS N WASH,US 30,Crest Hill,IL,290,3.299,41.5547530,-88.0986709
72786,QUIKTRIP #333,"I-135, EXIT 31",Newton,KS,570,2.949,38.0423158,-97.3199333
72787,QUIKTRIP #7011,"I-35, EXIT 118",Oklahoma City,OK,483,3.03233333,36.1601421,-95.9216306
72788,MAVERIK #700,I-25 EXIT 215,Denver,CO,800,3.289,39.7392364,-104.9848620
72789,RACETRAC #237,HWY 30 & ROBERT WILSON RD,Gonzales                                ,LA,600,3.17233333,30.2110113,-90.9543579
72791,LOVES TRAVEL STOP #850,SR-491 & RD. G,Cortez,CO,614,3.48233333,37.3494528,-108.5840730
72792,QUICKLEES,"I-190, EXIT 23",Niagara Falls,NY,38,3.999,43.0843600,-79.0614686
72793,TA EXPRESS BLAINE #917,"I-5, Exit 275",Blaine,WA,850,4.139,48.9881108,-122.7435750
72795,REFUEL #1337,SR-45/CR-1625,Buda                                    ,TX,595,2.999,30.0952163,-97.8161707
72796,PILOT #1399,"SR-303, EXIT 107",Litchfield Park,AZ,930,3.599,33.4933796,-112.3581240
72796,PILOT DEALER #1399,"SR-303, EXIT 107",Litchfield Park,AZ,930,3.584,33.4933796,-112.3581240
72797,KWIK TRIP #1215,"I-94, EXIT 135",Melrose,MN,451,3.32733333,45.6695284,-94.8110301
72798,Casey's #4539,US-75,Rock Rapids                             ,IA,530,3.349,43.4320522,-96.1750694
72799,CASEYS #4384,"I-88 & SR-26, EXIT 54",Dixon,IL,520,3.479,41.8425197,-89.4814291
72799,CASEYS #4384,"I-88 & SR-26, EXIT 54",Dixon,IL,520,3.499,41.8425197,-89.4814291
72801,CASEYS #4388,"US-64, EXIT 29",Beebe,AR,645,3.189,35.0735738,-91.8863516
72802,Racing Mart Store,"I-495, Exit 36A",Wrentham,MA,175,3.899,42.0667652,-71.3281114
72803,Llanos Country Corner,"I-10/US-83, EXIT 456 & US-377",Junction                                ,TX,740,2.919,30.4893555,-99.7720109
72804,7-Eleven #42174,"I-24, EXIT 211 & US-70",Nashville,TN,460,3.249,36.1622767,-86.7742984
72805,Stripes #42242,"SR 181, HWY 188",Sinton,TX,625,3.259,28.0346850,-97.5085762
72806,TA HOSSTON #939,"I-49, Exit 237",Hosston,LA,745,2.92233333,32.8952183,-93.8657790
72808,Allsups Convenience #2463,US-377,Aubrey,TX,630,2.899,33.3142085,-96.9756323
72809,LOVES TRAVEL STOP #894,I-95 EXIT 305,Saint Augustine,FL,75,3.44233333,29.8946952,-81.3145395
72810,QUIKTRIP #7,"I-244/US-412, Exit 10",Tulsa,OK,560,3.119,36.1601421,-95.9216306
72811,QUIKTRIP #50,SR-51,Broken Arrow,OK,560,3.129,36.0456577,-95.7520793
72812,Kwik Trip #748,US 8,Barron,WI,295,3.664,45.4071926,-91.7342382
72813,Allsups #2425,Hwy 144,Granbury,TX,630,3.029,32.4426759,-97.7870525
72814,ALLSUPS #2468,"I35, EXIT 5",Thackerville,OK,253,2.91733333,33.7955237,-97.1438728
72815,QUIKTRIP #7194,I-74 EXIT 182,Champaign,IL,280,3.299,40.1318437,-88.2442560
72815,QUIKTRIP #7194,I-74 EXIT 182,Champaign,IL,280,3.199,40.1318437,-88.2442560
72815,QUIKTRIP #7194,I-74 EXIT 182,Champaign,IL,280,3.099,40.1318437,-88.2442560
72816,QUIKTRIP #7914,I-27 EXIT 117,Amarillo,TX,585,2.84566666,35.1935658,-101.7795745
72817,QUIKTRIP #4174,I-35 Exit 285,Salado,TX,765,2.91566666,30.9468791,-97.5371631
72818,QUIKTRIP #7174,"I-65, EXIT 168",Montgomery,AL,720,2.999,32.3774200,-86.3091683
72819,QUIKTRIP #7925,I-69W,Laredo,TX,693,2.85066666,27.5277610,-99.4461785
72820,QUARLES #54232,us-385,Crane                                   ,TX,710,3.88566666,31.4486118,-102.5163544
72821,QUARLES #54231,CR-23 & CR-33,Eunice                                  ,NM,593,3.699,32.4388224,-103.1590020
72822,QUARLES #54225,US-83,Abilene                                 ,TX,575,3.499,32.4464500,-99.7475905
72827,QUARLES #54259,FM-1936,Odessa                                  ,TX,710,3.699,31.8457149,-102.3676870
72828,QUARLES #54250,US-80,Abilene                                 ,TX,575,3.31233333,32.4464500,-99.7475905
72830,QUARLES #54261,"I-20, EXIT 37",Pecos                                   ,TX,710,3.749,30.7857437,-102.8065415
72831,QUARLES #54262,CR-64,Hobbs                                   ,NM,593,3.699,32.7076670,-103.1311314
72835,QUARLES #54277,SR-137,Big Lake,TX,739,3.849,31.1954739,-101.4592746
72836,QUARLES #54281,SR-208,Snyder,TX,700,3.66566666,32.7180803,-100.9182310
72837,QUARLES #54284,US-285,Loving                                  ,NM,593,3.799,32.2991655,-104.1086907
72839,QUARLES #54293,CR-64,Hobbs                                   ,NM,593,3.699,32.7076670,-103.1311314
72841,QUARLES #54296,SR-214 & CR-370,Denver City,TX,700,3.799,32.9679571,-102.8293851
72844,QUARLES #54332,US-285,Pecos                                   ,TX,710,3.759,30.7857437,-102.8065415
72847,QUARLES #54341,US-87,Big Spring                              ,TX,612,3.649,32.2503980,-101.4787356
72848,QUARLES #54347,US-67 ,Rankin,TX,710,3.699,31.2248015,-101.9414720
72849,QUARLES #54349,CR-1140,Midland                                 ,TX,710,3.66566666,31.8368800,-102.0103767
72851,QUARLES #54367,FM-1787,Midland,TX,710,3.799,31.8368800,-102.0103767
72853,QUARLES #54520,SR-589,Purvis                                  ,MS,620,2.979,31.1443351,-89.4069550
72855,GAS N WASH,SR 59,Plainfield,IL,399,3.559,41.5648514,-88.2733937
72855,GAS N WASH,SR 59,Plainfield,IL,399,3.599,41.5648514,-88.2733937
72857,7-ELEVEN #42019,SR-3 & SR-4,Yukon,OK,483,3.159,35.5067259,-97.7625386
72859,CASEYS #4286,SR-32,Crawfordsville,IN,375,3.56233333,40.0408627,-86.8997385
72860,Circle K #2707070,"SR 378, Route 467",Sumter,SC,42,2.99233333,33.9142362,-80.3839626
72861,SPRINT MART #4143,"I-20, EXIT 89",Vance,AL,615,3.059,33.1742847,-87.2336092
72863,Double Quick #92,US-61,Cleveland,MS,655,3.18233333,33.7440023,-90.7248187
72864,SUNSTOP #430,US-27,Bainbridge,GA,20,3.599,30.9038252,-84.5754768
72867,Maverik #731,I-15 EXIT 190,Helena,MT,816,3.549,46.5927425,-112.0362770
72868,MAVERIK #737,I-15 EXIT 116,Idaho Falls,ID,825,3.40566666,43.4963236,-111.9981657
72869,MAVERIK #738,I-90 EXIT 129,Gillette,WY,790,3.359,44.2553647,-105.4887488
72871,Maverik #727,I-8 EXIT 3,Yuma,AZ,930,3.179,32.6880126,-114.5832144
72872,QUIKTRIP #7926,US 59 & SR 20,Laredo,TX,693,2.859,27.5277610,-99.4461785
72873,QUIKTRIP #7206,I-39 EXIT 15 & US 20 ,Rockford,IL,520,3.199,42.2729415,-88.9592491
72873,QUIKTRIP #7206,I-39 EXIT 15 & US 20 ,Rockford,IL,520,3.119,42.2729415,-88.9592491
72873,QUIKTRIP #7206,I-39 EXIT 15 & US 20 ,Rockford,IL,520,2.969,42.2729415,-88.9592491
72873,QUIKTRIP #7206,I-39 EXIT 15 & US 20 ,Rockford,IL,520,3.019,42.2729415,-88.9592491
72874,QUIKTRIP #4076,I-35 EXIT 191,New Braunfels,TX,740,2.91566666,29.7419691,-98.0930860
72875,QUIKTRIP #4183,SR 195 & Shell RD,Georgetown,TX,595,2.91566666,30.6724381,-97.6629582
72876,QUIKTRIP #1139,"I-385, EXIT 23",Fountain Inn,SC,30,3.01733333,34.6826330,-82.1999137
72877,QUIKTRIP #7177,"I-10, EXIT 15A",Theodore,AL,715,2.88233333,30.5463684,-88.2023937
72879,QUIKTRIP #4002,US-87,Comfort,TX,595,2.96566666,29.9767885,-98.9034944
72880,PARKERS #97,US 80,Bloomingdale,GA,195,3.03233333,32.1324249,-81.2990018
72882,CASEYS #4330,"I-40, EXIT 221",Okemah,OK,483,2.92566666,35.4325854,-96.3050064
72884,CEFCO #435,"I-10, EXIT 44 & US-90",Loxley,AL,715,3.02566666,30.6182476,-87.7530454
72885,RACEWAY #6960,US-431 & Westgate PKWY,Dothan                                  ,AL,10,3.199,31.2716336,-85.3769586
72886,PILOT #1381,US-190 & Rose Marie Blvd,Hearne,TX,670,3.499,30.8788819,-96.5962378
72888,STRIPES #42591,US-87,Mason                                   ,TX,595,3.299,30.7050290,-99.2233284
72889,DK,SR 83,Denver City,TX,700,3.319,32.9679571,-102.8293851
72891,GAS N WASH,"I-57, EXIT 354",Alsip,IL,365,3.599,41.6689223,-87.7386619
72891,GAS N WASH,"I-57, EXIT 354",Alsip,IL,365,3.399,41.6689223,-87.7386619
72893,Racetrac #2586,I-95 & 20th ST,Vero Beach,FL,140,3.159,27.6387163,-80.3975399
72894,Allsups Convenience Store #2458,US-287 & FM-1655,Alvord,TX,630,2.899,33.3541879,-97.6944884
72895,Allsups#2465,SR 7,Davis,OK,569,2.96733333,34.5034796,-97.1188924
72896,PILOT #1283,I-45 & SR-31,Corsicana,TX,630,3.04233333,32.0912990,-96.4646821
72899,RACEWAY #7002,US 79 & 59,Carthage,TX,766,2.82066666,32.1570412,-94.3381140
72901,FATDOGS GRAND ISLAND TRAVEL CENTER,I-80 & HWY 281,Grand Island,NE,330,2.979,40.9242710,-98.3386850
72902,CIRCLE K #2704593,SR-24 &  SR-690,Spring Lake,NC,63,3.079,35.1622963,-78.9710726
72903,Kent Kwik #221,SR-338,Odessa,TX,710,2.989,31.9144198,-102.2864247
72904,CEFCO #112,US-281,Marble Falls,TX,595,2.929,30.5777511,-98.2756505
72905,TA EXPRESS PLEASANTON #445,I-37 EXIT 109,Pleasanton,TX,740,3.099,28.9671940,-98.4786269
72906,Maverik #734,I-25 EXIT 94,Pueblo,CO,796,3.289,36.3793523,-105.5904987
72907,QUIKTRIP #7913,"I-20, EXIT 20 & SR-18",Monahans,TX,710,2.859,31.5890519,-102.8861902
72908,QUIKTRIP #1042,"I-85, EXIT 17B & US-321",Gastonia,NC,46,3.264,35.2658533,-81.1769971
72909,FAT DOGS LINCOLN TC,"I-80, EXIT 399",Lincoln,NE,475,3.099,40.8088861,-96.7077751
72910,Ogden Cardlock (Bulk Plant),I-15 EXIT 343,Ogden                                   ,UT,835,3.489,41.2230048,-111.9738429
72912,Salina Cardlock (Bulk Plant),I-70 EXIT 56,Salina                                  ,UT,791,3.449,38.9577420,-111.8599840
72916,CASEYS #2562,SR 140 & SR 156,Ellsworth,KS,357,3.46566666,38.6942009,-98.2149289
72917,PETRO-CANADA,"HWY-407, EXIT 126 & CR-4",Mississauga,ON,720,3.59147696,,
72917,PETRO-CANADA,"HWY-407, EXIT 126 & CR-4",Mississauga,ON,720,3.58962746,,
72917,PETRO-CANADA,"HWY-407, EXIT 126 & CR-4",Mississauga,ON,720,3.65338686,,
72917,PETRO-CANADA,"HWY-407, EXIT 126 & CR-4",Mississauga,ON,720,3.65284821,,
72917,PETRO-CANADA,"HWY-407, EXIT 126 & CR-4",Mississauga,ON,720,3.64612848,,
72918,QUIKTRIP #7076,"I-75, EXIT 101 ",Cordele,GA,10,3.03233333,31.9691606,-83.7827180
72919,QUIKTRIP #7096,I-75 & EXIT 51,Dayton,OH,317,3.03233333,39.7589478,-84.1916069
72920,Circle K #4701686,"I-70, Exit 224 & SR-370",Saint Peters,MO,540,3.05066666,38.7898828,-90.6064241
72921,CIRCLE K #4701677,"I-44, Exit 226",Sullivan,MO,540,3.324,38.2235915,-91.1524881
72922,SUNOCO,SR-640,Willoughby                              ,OH,305,3.859,41.6423606,-81.4224446
72923,76,US-84,Brookhaven                              ,MS,620,3.149,31.5790667,-90.4407122
72924,SHERMAN TRAVEL CENTER,SR-9 ,Senatobia,MS,435,3.029,34.6187807,-89.9646282
72925,AMOCO,US-52 & SR-340,Darlington,SC,135,3.199,34.3609331,-79.9438572
72926,Amoco,US-31 & US-10,Scottville,MI,456,3.359,43.9547280,-86.2800790
72926,Amoco,US-31 & US-10,Scottville,MI,456,3.399,43.9547280,-86.2800790
72926,Amoco,US-31 & US-10,Scottville,MI,456,3.379,43.9547280,-86.2800790
72927,Bell Stores #165,US-30 ,Wooster,OH,249,3.51566666,40.8160141,-81.9347082
72930,SPARTA CO-OP,SR-27,Sparta,WI,420,3.189,43.9732475,-90.8516564
72933,CHEVRON #385988,SR-124,Lithonia,GA,18,3.399,33.7123305,-84.1051939
72934,CIRCLE K #2706987,"I-37, Exit 118",Corpus Christi,TX,625,3.099,27.7429602,-97.4409080
72935,Circle K #2722258,US-17 & SR-40,Pierson,FL,140,3.40233333,29.2393293,-81.4652728
72936,Circle K #2707549,SR-471 & SR-48,Bushnell,FL,140,3.499,28.6681080,-82.1378395
72937,CIRCLE K #2723997,SR024,Stedman,NC,205,3.399,35.0373804,-78.7526944
72938,CIRCLE K #2723205,I-285 & CR-1642,Winston Salem,NC,65,3.52066666,36.0688841,-80.3406688
72939,CIRCLE K #2655872,"I-75, Exit 252B",Atlanta,GA,18,3.50566666,33.8016877,-84.4364443
72940,Circle K #3909,SR-236,Clarksville,TN,460,3.329,36.5277607,-87.3588703
72941,CIRCLE K #2740389,I-55 & US-51,Hammond,LA,600,3.249,30.4878961,-90.4830279
72942,CIRCLE K #2742777,US-62/180,El Paso,TX,640,3.19066666,31.7858352,-106.4131978
72943,CIRCLE K #2706805,SR-415 & SR-76,Port Allen,LA,600,3.359,30.4478091,-91.2094943
72944,Circle K #2709094,US-62 & SR-327,Lubbock,TX,700,3.099,33.5954912,-101.9235720
72945,CIRCLE K #2707057,SR-59 & CR-12,Foley,AL,715,3.09233333,30.3992005,-87.6826229
72947,Circle K #9556,SR-202,Phoenix,AZ,930,3.38566666,33.7983032,-111.9773732
72948,CIRCLE K #2746514,SR-23,Watford City,ND,273,3.599,47.8022410,-103.2832470
72949,BOURBON TRAVEL PLAZA,US-30,Bourbon                                 ,IN,370,3.499,41.2956002,-86.1163889
72950,Conoco,US-95,MC DERMITT,NV,966,4.299,,
72951,DK,SR-36,Abilene,TX,575,2.849,32.4464500,-99.7475905
72953,GRAND AVENUE EXPRESS,I-35 & FM-372,Gainesville,TX,253,2.999,33.6258504,-97.1332963
72956,Handee Hugos #1,SR-87,Riegelwood                              ,NC,245,3.49733333,34.3398906,-78.2252766
72957,IRVING,SR-11,Augusta,ME,203,3.899,44.3280956,-69.7816541
72958,Jack Flash Pana,SR-16,Pana,IL,318,3.199,39.3889311,-89.0800809
72958,Jack Flash Pana,SR-16,Pana,IL,318,3.159,39.3889311,-89.0800809
72958,Jack Flash Pana,SR-16,Pana,IL,318,3.099,39.3889311,-89.0800809
72959,JORDANS #75,US-67,Newport,AR,418,3.299,35.6061746,-91.2833177
72960,KENT KWIK #206,FM-2020,Odessa,TX,710,3.02566666,31.9144198,-102.2864247
72963,MAVERIK #5358,"I-25, Exit 145",Colorado Springs,CO,796,3.33066666,38.9402481,-104.6790639
72965,Maverik #674,"I-15, Exit 45",North Las Vegas,NV,910,3.28233333,36.2701753,-115.0540010
72966,MCCLURE STORE #15,SR-9,Marion,IN,370,3.694,40.5583739,-85.6591442
72967,BINKS TENAHA QUICK STOP,US-59/US-84,Tenaha,TX,618,3.059,31.9437799,-94.2440865
72968,LOVES TRAVEL STOP #883,US-52 EXIT 120,Rural Hall,NC,65,3.57733333,36.2404158,-80.2933838
72969,LOVES TRAVEL STOP #555,US-30,Delphos,OH,411,3.30566666,40.8437457,-84.3397658
72970,PAC PRIDE,"I-96, Exit 26",Grand Rapids,MI,371,3.729,42.9632425,-85.6678639
72970,PAC PRIDE,"I-96, Exit 26",Grand Rapids,MI,371,3.659,42.9632425,-85.6678639
72970,PAC PRIDE,"I-96, Exit 26",Grand Rapids,MI,371,3.679,42.9632425,-85.6678639
72972,LOVES TRAVEL STOP #886,I-44 EXIT 29,Sarcoxie,MO,277,3.40066666,37.0692266,-94.1166043
72973,PETE'S 49,US-166 & US-169,Coffeyville,KS,307,3.214,37.0372999,-95.6163634
72974,USTOP 34,US-77,Lincoln,NE,413,3.499,40.8088861,-96.7077751
72975,SHEETZ #804,"I-95, Exit 41",Hope Mills,NC,63,2.859,34.9408528,-78.9266974
72976,RED DOG,"I-10, EXIT 72",Egan                                    ,LA,690,3.049,30.2368713,-92.5059690
72978,SHELL SERVICE STATION,SR-302,Byhalia,MS,435,3.099,34.8723179,-89.6906396
72979,RICKY ROCKETS,"I-57, EXIT 312",Kankakee,IL,399,3.399,41.1253903,-87.8486820
72979,RICKY ROCKETS,"I-57, EXIT 312",Kankakee,IL,399,3.379,41.1253903,-87.8486820
72981,Sprint Mart #2301,I-565 & CR-115,Madison,AL,742,3.49233333,34.7736807,-86.5675095
72982,SUNOCO,I-10 & SR-328,Breaux Bridge                           ,LA,730,2.85566666,30.2921943,-91.9149734
72983,SUNSTOP #303,SR-100,Lake City,FL,75,3.55066666,30.1149010,-82.6581700
72984,TERRIBLE HERBST #341,US-95,Indian Springs,NV,910,3.899,36.5767153,-115.6701485
72985,THE PRIDE OF VILLA PARK,SR-64,Villa Park                              ,IL,290,3.299,41.8893116,-87.9778368
72985,THE PRIDE OF VILLA PARK,SR-64,Villa Park                              ,IL,290,3.349,41.8893116,-87.9778368
72986,THE PRIDE OF ELGIN,SR-31,Elgin                                   ,IL,520,3.499,42.0372600,-88.2810994
72987,The Texan,US-285 & CR-116,Pecos,TX,710,2.999,30.7857437,-102.8065415
72988,Thorntons #221354,US-12,Lake Zurich,IL,293,3.399,42.1969689,-88.0934108
72988,Thorntons #221354,US-12,Lake Zurich,IL,293,3.349,42.1969689,-88.0934108
72989,THORNTONS #442562,SR-63,Monroe,OH,407,3.199,39.7157533,-81.1078783
72990,TA Express Jonesboro,I-555 EXIT 39,Jonesboro,AR,435,3.39233333,35.8348088,-90.7045297
72991,THORNTONS #221345,US-20 ,Hanover Park,IL,297,3.759,41.9994722,-88.1450735
72993,H AND R OIL COMPANY,"SR-4, EXIT 8",Lexington                               ,KY,410,3.249,38.0464066,-84.4970393
72995,LOVES TRAVEL STOP #569,I-84 EXIT 304,Baker City,OR,982,3.45733333,44.7748748,-117.8343840
72996,LOVES TRAVEL STOP #504,I-76 EXIT 232,North Lima,OH,573,3.78733333,40.9482165,-80.6584960
72998,83 FUEL STOP,US-83,Catarina,TX,693,2.959,28.3455475,-99.6133788
72999,Aeg Petroleum,US-70 & SR-467,Portales,NM,593,3.68566666,34.1859636,-103.3373367
73000,TXB,FM-2147,Horseshoe Bay,TX,665,2.929,30.5442091,-98.3669797
73003,GAS PRO TRAVEL CENTER,US-25 & SR-88,Hephzibah,GA,135,3.599,33.3140311,-82.0967857
73005,NOBLE,US-20,Sturbridge,MA,215,3.999,42.1182713,-72.0616006
73007,VALERO,"I-85, EXIT 28 & SR-100",Hogansville                             ,GA,50,3.66566666,33.1731769,-84.9149360
73008,MUSTANG XPRESS,US-183 & FM-1327,Austin,TX,595,3.33233333,30.2711286,-97.7436995
73009,THRIFT BULL TRUCK STOP,SR-103,San Augustine,TX,618,3.499,31.3970365,-94.1751389
73012,FUELPORT # 1,FM-143,San Antonio,TX,740,3.049,29.4246002,-98.4951405
73013,247 TRUCK STOP,I-40 EXIT 247,Widener,AR,435,2.999,35.0231679,-90.6835441
73014,CIRCLE K #2726298,SR 33 & SR 50,Mascotte,FL,140,3.539,28.5783313,-81.8867452
73015,76,US 40,Franklinville,NJ,150,3.169,39.6179019,-75.0808338
73016,PARKERS #112,SR 67,Statesboro,GA,195,3.199,32.4331869,-81.7555456
73017,U Stop #36,US 136 & SR 50,Tecumseh,NE,413,3.399,40.3775437,-96.1815065
73018,Smart Stop Travel Center,US 271 & SR 37,Bogata,TX,723,3.199,33.4711597,-95.2144967
73021,Circle K #2746245,I 35W EXIT 6,Minneapolis,MN,448,3.599,44.9772995,-93.2654692
73025,151 TRAVEL CENTER,SR 34 & N Central Rd,Darlington,SC,46,3.299,34.3609331,-79.9438572
73026,Gas N Wash,SR-171,Lemont,IL,290,3.299,41.6737149,-88.0016263
73026,Gas N Wash,SR-171,Lemont,IL,290,3.599,41.6737149,-88.0016263
73026,Gas N Wash,SR-171,Lemont,IL,290,3.499,41.6737149,-88.0016263
73028,PETRO HENDERSON #968,"I-11, EXIT 15A",Henderson,NV,910,3.639,35.9663315,-114.9161865
73029,One9 #1417,I-35 Exit 323,Lorena,TX,765,2.90233333,31.3865592,-97.2155596
73030,SPEED TREK TRAVEL CENTER,I-90 EXIT 25,Belvidere,IL,520,3.899,42.2579991,-88.8417340
73030,SPEED TREK TRAVEL CENTER,I-90 EXIT 25,Belvidere,IL,520,3.699,42.2579991,-88.8417340
73030,SPEED TREK TRAVEL CENTER,I-90 EXIT 25,Belvidere,IL,520,3.799,42.2579991,-88.8417340
73031,Travel Refresh,US 59,Corrigan                                ,TX,618,2.949,30.9968565,-94.8271527
73032,Parkers #110,SR 56,Augusta,GA,135,3.19233333,33.4709714,-81.9748429
73033,QUARLES #54242,SR-152,Pampa                                   ,TX,585,3.499,35.5362970,-100.9601552
73035,QUIKTRIP #7909,US-10,El Paso,TX,640,2.849,31.6858851,-106.2687792
73036,Maverik Country Store #741,US-80,Rock Springs,WY,827,3.30733333,41.5860557,-109.2194544
73037,TA EXPRESS #567,"I-20, EXIT 81 & SR-149",Ruston,LA,745,3.114,32.5421095,-92.7104232
73039,Spinx  #292,"I-26, EXIT 10",Inman,SC,210,3.16566666,35.0478410,-82.0906082
73040,TAILGATE #3,SR 21,Bryan,TX,670,3.599,30.6743643,-96.3699632
73041,Racetrac #182,US- 19,Hampton                                 ,GA,67,2.999,33.4303735,-84.1783243
73042,MAVERIK #728,Hwy 483,Lovington,NM,593,3.094,32.9440685,-103.3487454
73043,MAVERIK #740,"I-25, EXIT 347",Las Vegas,NM,580,3.16233333,35.5939325,-105.2238960
73044,Maverik #732,"US 20, EXIT 310",Idaho Falls,ID,825,3.394,43.4963236,-111.9981657
73045,MAVERIK #717,US-395,Spokane,WA,970,3.979,47.8011457,-117.3472583
73045,MAVERIK #717,US-395,Spokane,WA,970,3.999,47.8011457,-117.3472583
73046,Refuel #63,US 501 & SR 544,Conway,SC,46,3.134,33.8360035,-79.0478143
73047,RACETRAC #2642,"I-70, EXIT 77",Indianapolis,IN,375,3.259,39.7494128,-86.2260422
73048,ALLSUPS CONVENIENCE STORE #2473,US-287,Bowie,TX,630,2.899,33.4198886,-94.4479626
73051,CIRCLE K #2709540,"I-10, EXIT 10 & SR-90",Sierra Vista,AZ,980,3.629,31.5012561,-110.2563723
73052,Circle K #2701875,US-78 E,Grovetown,GA,135,3.499,33.4364903,-82.1770518
73053,Circle K #2746108,"I-90/US-212, EXIT 447",Billings,MT,780,3.579,45.7874957,-108.4960700
73055,CIRCLE K #4707124,SR-3,Liberty,ME,203,4.099,44.3927438,-69.3074579
73056,CIRCLE K #2723033,"I-295, EXIT 21A & I-95",Fayetteville,NC,205,3.279,35.0622166,-79.0155395
73057,CIRCLE K #2703586,US-550 & SR-516,Flora Vista,NM,580,3.719,36.8013464,-108.0862679
73058,CIRCLE K #4707605,SR-365/SR-69/SR-49 & SR-26,Rome,NY,235,3.999,43.2102196,-75.4583956
73059,CIRCLE K #4705626,"I-77/US-62, EXIT 105 & SR-172",Canton,OH,249,3.459,40.7985464,-81.3749508
73061,Circle K #2709045,"US-62 & SR-375, EXIT 39",El Paso,TX,640,3.20233333,31.7858352,-106.4131978
73062,CIRCLE K #2741849,SR-358 & SR-286,Corpus Christi,TX,625,3.124,27.7429602,-97.4409080
73063,HOLIDAY STATIONSTORE #2746223,"I-35, EXIT 135 & US-61",Andover,MN,448,3.499,45.2332985,-93.2913405
73064,7-ELEVEN #42315,"I-85, Exit 88",Lexington,NC,765,3.399,35.8240265,-80.2533838
73065,RACETRAC #2631,"I-75, EXIT 285 & US-41/SR-3",Emerson,GA,193,2.88733333,34.1414031,-84.7442370
73066,QUIKTRIP #1499,I-10 EXIT 267,Tucson,AZ,980,3.06233333,32.1911908,-110.7733642
73067,J STARR,I-29 EXIT 8,Hankinson,ND,341,3.499,46.0696810,-96.9017480
73068,MAVERIK #5369,SR 21,Colorado Springs,CO,796,3.499,38.9402481,-104.6790639
73071,7-Eleven #42340,SR-340/SR-6,Woodway,TX,765,2.93233333,31.5124443,-97.1909392
73072,QUIKTRIP #7204,"I-57, EXIT 337 & SR-50",University Park,IL,365,3.249,41.4400344,-87.6833770
73072,QUIKTRIP #7204,"I-57, EXIT 337 & SR-50",University Park,IL,365,3.079,41.4400344,-87.6833770
73072,QUIKTRIP #7204,"I-57, EXIT 337 & SR-50",University Park,IL,365,3.179,41.4400344,-87.6833770
73073,QUIKTRIP #7075,"I-16/SR-404, EXIT 51 & US-441",Dublin,GA,85,2.999,32.5404447,-82.9037540
73074,RACETRAC #2641,HWY 59 & FM 989,Texarkana                               ,TX,723,2.85733333,33.4466745,-94.0771483
73075,ALLSUPS CONVENIENCE STORE #2470,SR 18,Eunice,NM,710,3.099,32.4388224,-103.1590020
73076,MAVERIK #5148,US 40,Kremmling,CO,800,3.679,40.0587394,-106.3886300
73078,Shelee's Travel Center,"I-10, Exit 146",Coachella,CA,900,3.949,33.7108860,-116.1785822
73078,Shelee's Travel Center,"I-10, Exit 146",Coachella,CA,900,3.959,33.7108860,-116.1785822
73079,PILOT DEALER #1433,I-10 EXIT 160,Chandler,AZ,930,3.504,33.3062031,-111.8411850
73079,PILOT #1433,I-10 EXIT 160,Chandler,AZ,930,3.499,33.3062031,-111.8411850
73080,Circle K #2707255,"I-75, Exit 60",Tifton,GA,10,3.06233333,31.4502527,-83.5325770
73081,ALLSUPS #2476,I-40 EXIT 38 & SR 6,Elk City,OK,483,2.93066666,35.4140081,-99.4138648
73082,KWIK STAR #1153,US 71,Milford,IA,433,3.324,43.3239600,-95.1508003
73083,Kwik Star #1213,I-380 EXIT 2,North Liberty,IA,380,3.159,41.7478297,-91.6064397
73084,Kwik Trip #747,I-94 ALT & US-12,Baldwin,WI,448,3.499,44.9671740,-92.3753184
73085,Loves Travel Stop #550,I-75 EXIT 13,Valdosta,GA,982,3.22233333,30.8327022,-83.2784851
73088,Pilot #1390,I-16 Exit  143,Ellabell,GA,135,3.30566666,32.1235368,-81.4856673
73088,Pilot Travel Center #1390,I-16 Exit  143,Ellabell,GA,135,3.28566666,32.1235368,-81.4856673
73090,Quiktrip #1148,I-26 EXIT 53,Flat Rock,NC,210,2.849,35.2712280,-82.4415080
73092,QUIKTRIP #4042,I-10,Converse,TX,740,2.94566666,29.5097487,-98.3093162
73093,GAS N WASH,I-355 EXIT 7,Lockport,IL,365,3.499,41.5894753,-88.0578370
73093,GAS N WASH,I-355 EXIT 7,Lockport,IL,365,3.399,41.5894753,-88.0578370
73094,MARATHON,US-24,Taylor                                  ,MI,325,3.539,42.1974185,-83.2836487
73094,MARATHON,US-24,Taylor                                  ,MI,325,3.499,42.1974185,-83.2836487
73095,Quiktrip #7250,US 49,Richland,MS,760,2.91566666,32.2390366,-90.1584207
73096,KWIK TRIP #748,US 8,Barron,WI,295,3.64733333,45.4071926,-91.7342382
73098,KWIK TRIP #1269,SR 27,Cadott,WI,448,3.40066666,44.9480187,-91.1507031
73099,Kwik Star #1296,SR 115,Harrisburg,SD,448,2.939,43.4320594,-96.7115072
73100,MAVERIK #747,I-215 Exit 21,Salt Lake City,UT,835,3.39233333,40.7625425,-111.8657177
73101,7-ELEVEN 42279,"I-76, Exit 39",Keenesburg,CO,800,3.149,40.1081705,-104.5197010
73103,RaceTrac #2654,I-20 EXIT 130,Greensboro,GA,16,3.399,33.5756831,-83.1823789
73106,ALLSUPS CONVENIENCE STORE #2472,US-75,Atoka,OK,253,2.96733333,34.3284948,-96.0178380
73112,SHEETZ #831,I-26 EXIT 44 & US 25,Hendersonville,NC,210,2.859,35.3187279,-82.4609528
73114,ROAD RANGER #319,"I-35E, EXIT 381",Milford,TX,630,3.03066666,32.1245956,-96.9452770
73117,MAVERIK #722,"I-29, EXIT 304",Baker City,OR,925,3.459,44.7748748,-117.8343840
73118,ALLSUPS #2432,US 287 & SR 34,Ennis,TX,630,2.929,32.3293111,-96.6252679
73119,Stinker #122,I-84 EXIT 36,Nampa,ID,785,3.40233333,43.5880969,-116.5297000
73120, Kwik Star #1184,US 61,Dubuque,IA,335,3.489,42.5142002,-90.6560436
73125,KWIK TRIP #1283,SR 83 & W CAPITOL DR,Hartland,WI,444,3.749,43.1050080,-88.3420398
73126,Kwik Trip #1298,US 10,Mondovi,WI,295,3.349,44.5682641,-91.6636899
73127,Gas N Wash,"I-55, EXIT 285",Chicago                                 ,IL,290,3.399,41.8755616,-87.6244212
73128,ALLSUPS CONVENIENCE STORE #2477,HWY 69 & 11th st ,Kiowa,OK,253,2.95733333,34.9425062,-99.0199060
73129,SHEETZ #837,I-94,Romulus,MI,325,3.099,42.2389275,-83.3654376
73130,A One Stop,"I-45, EXIT 246",Ennis,TX,630,2.93566666,32.2859686,-96.5456557
73131,Sheetz #838,"I-85, Exit 71",Salisbury,NC,46,2.859,35.6418977,-80.4744768
